aroma,body,flavor,roast_level,origin,est_price,rating
9.0,9.0,10.0,Medium-Light,"Kona growing region, Hawai’i Island, Hawai'i",$50.00/4 ounces,96.0
9.0,9.0,10.0,Medium-Light,"Tolima Department, Colombia",$26.00/8 ounces,96.0
8.0,9.0,9.0,Medium-Light,"Jarabacoa, Dominican Republic",$19.99/12 ounces,92.0
9.0,8.0,9.0,Medium-Light,Ethiopia,$18.99/12 ounces,93.0
8.0,9.0,9.0,Light,"Planadas, Tolima Department, Colombia",$24.00/12 ounces,93.0
9.0,9.0,9.0,Medium-Light,"Cauca Department, Colombia",$24.00/10.9 ounces,94.0
9.0,9.0,9.0,Medium-Light,"Palestina, Huila Department, Colombia",$28.00/12 ounces,95.0
9.0,9.0,9.0,Light,"Sidamo growing region, southern Ethiopia",NT $450/8 ounces,93.0
,8.0,9.0,Light,"Sidamo growing region, southern Ethiopia",NT $450/8 ounces,93.0
8.0,8.0,9.0,Medium-Light,"Ethiopia, Brazil, Mexico, Papua New Guinea",$20.25/12 ounces,92.0
9.0,9.0,9.0,Medium-Light,"Northern Province, Zambia",$22.95/12 ounces,94.0
8.0,8.0,8.0,Medium-Light,Mexico; Brazil; Central America,Kč 340/250 grams,90.0
8.0,8.0,9.0,Light,"Yirgacheffe growing region, south-central Ethiopia",Kč 595/500 grams,91.0
8.0,9.0,9.0,Medium-Light,"Guatemala, Ethiopia, Colombia",NT $230/8 ounces,93.0
9.0,8.0,9.0,Medium,"Guatemala, Colombia, Ethiopia",NT $230/8 ounces,93.0
9.0,9.0,9.0,Medium-Light,"Ethiopia, Guatemala",NT $320/8 ounces,94.0
9.0,9.0,9.0,Medium-Light,"Coatepec, Veracruz, Mexico",$22.00/12 ounces,94.0
9.0,9.0,9.0,Light,"Los Santos, Tarrazú, Costa Rica",$18.00/12 ounces,94.0
9.0,9.0,9.0,Light,"Chericho, Sidamo growing region, Ethiopia",$32.00/12 ounces,95.0
9.0,9.0,9.0,Light,"Circasia Municipality, Quindio Department, Colombia",$13.50/4 ounces,93.0
9.0,9.0,9.0,Light,"Circasia Municipality, Quindio Department, Colombia",$13.50/4 ounces,94.0
9.0,9.0,9.0,Light,"Quảng Trị, Vietnam",$40.00/4 ounces,93.0
9.0,9.0,9.0,Light,"Carpinteria, Santa Barbara County, California, United States",$75.00/40 grams,95.0
9.0,9.0,9.0,Medium-Light,Ethiopia; Costa Rica; Brazil,NT $350/227 grams,93.0
9.0,9.0,9.0,Light,"Guji Zone, Oromia Region, southern Ethiopia",NT $420/227 grams,95.0
9.0,9.0,9.0,Light,"Huila Department, Colombia",$18.00/250 grams,95.0
9.0,9.0,10.0,Medium-Light,"Medina Espejo, Nariño Department, Colombia",$28.00/8 ounces,96.0
9.0,9.0,9.0,Medium-Light,Ethiopia; South America,$16.95/12 ounces,93.0
9.0,9.0,9.0,Light,Colombia; Ethiopia,NT $450/200 grams,94.0
9.0,9.0,9.0,Light,Colombia,NT $600/200 grams,95.0
9.0,9.0,9.0,Medium-Light,"Cajamarca Department, Peru",$29.00/12 ounces,94.0
9.0,9.0,9.0,Light,"Boquete, Panama","NT $1,000/20 grams",93.0
9.0,9.0,9.0,Medium-Light,Ethiopia; Tanzania,$19.00/12 ounces,93.0
9.0,8.0,9.0,Light,"Palestina, Huila Department, Colombia",$30.00/12 ounces,94.0
9.0,9.0,9.0,Light,Kenya; Ethiopia,$22.50/12 ounces,94.0
9.0,9.0,9.0,Light,"Bensa, Guji Zone, Oromia Region, southern Ethiopia",$19.00/6 ounces,95.0
10.0,9.0,9.0,Medium-Light,"Huila Department, Colombia",$19.00/150 grams,96.0
9.0,8.0,9.0,Medium-Light,"Kirinyaga County, Kenya",NT $510/227 grams,94.0
8.0,9.0,9.0,Light,"Guji Zone, Oromia Region, southern Ethiopia",NT $430/227 grams,94.0
9.0,9.0,9.0,Light,"Nariño Department, Colombia",NT $750/227 grams,95.0
9.0,9.0,9.0,Light,"Nyeri County, Kenya",CAD $19.25/250 grams,94.0
8.0,9.0,9.0,Medium,Indonesia; Kenya; Colombia; El Salvador,$18.50/12 ounces,92.0
9.0,9.0,9.0,Medium-Light,"Jinotega Department, Nicaragua",$35.99/12 ounces,92.0
9.0,9.0,9.0,Medium-Light,"Pitalito, Huila Department, Colombia",$29.00/150 grams,95.0
9.0,9.0,9.0,Light,"Cauca Department, Colombia",$17.50/12 ounces,94.0
9.0,9.0,9.0,Medium-Light,"Yirgacheffe growing region, south-central Ethiopia",$16.95/12 ounces,94.0
9.0,8.0,9.0,Medium,Not disclosed,$19.50/12 ounces,92.0
9.0,9.0,9.0,Light,"Odo Shakiso, Guji Zone, Oromia Region, Ethiopia",$22.00/12 ounces,93.0
9.0,8.0,9.0,Light,Ethiopia; Colombia; Brazil,NT 450/200 grams,93.0
9.0,8.0,9.0,Light,"SNNPR, Bench-Maji Zone, southern Ethiopia",NT 400/200 grams,94.0
8.0,9.0,9.0,Medium-Light,Ethiopia; Colombia; Brazil,NT 400/454 grams,93.0
9.0,8.0,9.0,Light,"Palo de Campaña, Santa Ana Department, El Salvador",NT $170/100 grams,93.0
9.0,9.0,9.0,Light,"Santa Ana Department, El Salvador",NT $300/100 grams,94.0
8.0,8.0,9.0,Medium,Haiti; Brazil,$15.29/12 ounces,92.0
9.0,9.0,9.0,Medium-Light,"Yirgacheffe growing region, south-central Ethiopia",$18.99/12 ounces,94.0
9.0,9.0,9.0,Light,"Sidamo growing region, southern Ethiopia",NT $410/8 ounces,94.0
9.0,9.0,9.0,Light,"Sidamo growing region, southern Ethiopia",NT $390/8 ounces,95.0
9.0,9.0,9.0,Medium-Light,"Huila Department, Colombia",$27.00/12 ounces,94.0
9.0,9.0,9.0,Light,"Kiambu County, Kenya",$28.00/12 ounces,95.0
9.0,9.0,9.0,Light,"Huila Department, Colombia",NT $750/200 grams,94.0
9.0,9.0,9.0,Medium-Light,"Fraijanes, Guatemala Department, Guatemala",NT $600/100 grams,94.0
9.0,9.0,9.0,Light,"Antigua Department, Guatemala","NT $1,200/100 grams",95.0
9.0,9.0,10.0,Medium-Light,"Fraijanes, Guatemala Department, Guatemala",NT $500/100 grams,96.0
8.0,9.0,9.0,Light,"Apaneca-Ilamatepec, Santa Ana Department, El Salvador",$27.00/12 ounces,92.0
9.0,9.0,9.0,Medium,"Kona, Hawai’i Island, Hawai‘i",$25.00/4 ounces,94.0
9.0,9.0,9.0,Light,"Sidamo growing region, southern Ethiopia",$21.00/12 ounces,94.0
9.0,9.0,9.0,Light,"Ka‘ū growing district, Hawai’i Island, Hawai’i",$25.00/4 ounces,94.0
9.0,9.0,10.0,Medium-Light,"Guji growing region, south-central Ethiopia",$27.00/12 ounces,96.0
10.0,9.0,10.0,Light,"Hōlualoa, North Kona, Kona growing region, Hawai’i Island, Hawai'i",$50.00/4 ounces,97.0
9.0,9.0,9.0,Light,Kenya,$24.00/10.9 ounces,95.0
9.0,9.0,9.0,Medium-Light,"Pujchen Mumuntik, Chamula, Chiapas, Mexico",$23.00/10.9 ounces,93.0
9.0,9.0,9.0,Light,"Buenos Aires de Puntarenas, Costa Rica",$150/4 ounces,94.0
9.0,9.0,9.0,Light,"Mountain View, Puna District, Hawai’i Island, Hawai’i",$50.00/4 ounces,95.0
9.0,8.0,9.0,Medium-Light,"Gedeb District, Gedeo Zone, Ethiopia",$26.00/12 ounces,94.0
9.0,9.0,9.0,Medium-Light,"Boquete, Panama",$16.95/12 ounces,93.0
9.0,9.0,9.0,Light,"Gedeb, Yirgacheffe growing region, south-central Ethiopia",$28.00/12 ounces,95.0
9.0,9.0,9.0,Light,"Bruselas, Huila Department, Colombia",$26.00/8 ounces,93.0
9.0,9.0,9.0,Medium-Light,"Muranga’a, Embu County, Kenya",$28.00/12 ounces,95.0
9.0,9.0,9.0,Light,"Cumbitara, Nariño Department, Colombia",$26.00/8 ounces,94.0
9.0,9.0,9.0,Light,"Deri Kidame, Hambella Wamena, West Guji, Ethiopia",$24.00/10.9 ounces,94.0
9.0,9.0,9.0,Light,"Ka‘ū growing district, Hawai’i Island, Hawai’i",$22.50/4 ounces,95.0
9.0,9.0,9.0,Medium-Light,Not disclosed,$21.00/10.9 ounces,93.0
9.0,9.0,9.0,Medium-Light,"Chicoj, Cobán growing region, central Guatemala",$20.00/12 ounces,93.0
8.0,9.0,9.0,Medium,Brazil; Haiti,$15.29/12 ounces,92.0
8.0,9.0,9.0,Medium-Light,Brazil,$15.29/12 ounces,92.0
9.0,9.0,9.0,Medium-Light,Brazil; Haiti,$15.29/12 ounces,93.0
8.0,8.0,8.0,Light,"Doi Chang, Chiang Rai Province, Thailand",$7.00/250 grams,90.0
8.0,8.0,9.0,Light,"Mae Hong Son Province, northern Thailand",$7.00/250 grams,91.0
9.0,9.0,8.0,Medium-Light,"Doi Chang, Chiang Rai Province, Thailand",$7.00/250 grams,91.0
9.0,8.0,9.0,Medium-Light,"Doi Chang, Chiang Rai Province, Thailand",$6.00/250 grams,92.0
8.0,8.0,9.0,Light,"Doi Chang, Chiang Rai Province, Thailand",$7.00/250 grams,92.0
9.0,8.0,9.0,Medium-Light,"Santiago Chimaltenango, Huehuetenango Department, Guatemala",$28.00/12 ounces,93.0
9.0,9.0,9.0,Light,"Doi Chang, Chiang Rai Province, Thailand",$12.00/250 grams,93.0
9.0,9.0,9.0,Light,"Odo Shakiso District, Guji Zone, southern Ethiopia",$28.00/12 ounces,94.0
9.0,9.0,9.0,Light,"Gedeo Zone, SNNPR, southern Ethiopia",$25.00/12 ounces,94.0
9.0,9.0,9.0,Light,"Huila Department, Colombia",$26.00/8 ounces,94.0
9.0,8.0,9.0,Medium-Light,"Cauca Department, Colombia",$24.00/10.9 ounces,93.0
9.0,8.0,9.0,Medium-Light,"Nariño Department, Colombia",$28.00/12 ounces,93.0
8.0,9.0,8.0,Medium,"Cerrado, Minas Gerais State, Brazil",$14.99/12 ounces,90.0
9.0,8.0,9.0,Medium-Light,"Sidamo growing region, southern Ethiopia",$14.99/12 ounces,91.0
9.0,9.0,9.0,Medium-Light,"Acatenango, Chimaltenango Department, Guatemala",NT $260/8 ounces,94.0
9.0,9.0,9.0,Medium-Light,"Santa Barbara Department, Honduras",NT $600/8 ounces,95.0
9.0,9.0,9.0,Medium-Light,"Santa Barbara Department, Honduras",NT $580/4 ounces,95.0
9.0,10.0,9.0,Light,"La Libertad, Huehuetenango Department, Guatemala",NT $300/20 grams,96.0
9.0,9.0,9.0,Medium-Light,"Sabanilla de Alajuela growing region, Costa Rica",$30.00/12 ounces,93.0
9.0,9.0,9.0,Light,"Sabanilla de Alajuela growing region, Central Valley, Costa Rica",$25.00/12 ounces,94.0
9.0,9.0,9.0,Medium-Light,"Kona growing district, Hawai’i Island, Hawai’i",$26.00/4 ounces,94.0
8.0,9.0,9.0,Light,"Ka‘ū growing district, Big Island of Hawai’i",$39.00/10 ounces,94.0
9.0,9.0,9.0,Medium-Light,"Ka‘ū growing district, Big Island of Hawai’i",$36.00/10 ounces,95.0
9.0,9.0,9.0,Medium-Light,"Huila, Tolima and Caldas Departments, Colombia",$16.95/8 ounces,93.0
8.0,8.0,9.0,Medium,"Siltepec, Chiapas State, Mexico",$27.70/12 ounces,90.0
8.0,8.0,8.0,Medium,"Siltepec, Chiapas State, Mexico",$27.00/12 ounces,90.0
9.0,9.0,9.0,Light,"Holualoa, North Kona District, Hawai’i Island, Hawai’i",$250.00/4 ounces,95.0
9.0,8.0,9.0,Medium-Light,"La Concordia, Chiapas, Mexico",$19.00/12 ounces,93.0
9.0,8.0,9.0,Medium-Light,"Agaro Gera, Jimma Zone, Oromia State, Ethiopia",$21.00/12 ounces,94.0
8.0,8.0,8.0,Medium-Light,"Pitcairn Island, United Kingdom",$218.00/125 grams,90.0
9.0,9.0,9.0,Medium-Light,Costa Rica; Ethiopia,$20.00/12 ounces,94.0
9.0,8.0,9.0,Medium-Dark,Ethiopia; Mexico; Indonesia,$16.99/12 ounces,93.0
9.0,8.0,9.0,Medium-Light,"Gedeb District, Gedeo Zone, southern Ethiopia",$22.00/12 ounces,93.0
9.0,8.0,9.0,Medium-Light,"Huila Department, Colombia",$20.00/12 ounces,92.0
9.0,9.0,9.0,Light,"Chiriqui, Panama",$79.50/5 ounces,95.0
8.0,9.0,9.0,Medium-Light,"Gedeb District, Gedeo Zone, southern Ethiopia",$31.00/12 ounces,91.0
9.0,8.0,9.0,Medium-Light,"Mt. Elgon, Bungoma County, Kenya",$29.00/10 ounces,93.0
9.0,9.0,9.0,Light,"El Bálsamo, Quetzaltepec growing region, El Salvador",$29.00/10 ounces,93.0
8.0,8.0,8.0,Medium-Light,"Alishan Township, Chia-Yi County, Taiwan","NT $1,100/227 grams",90.0
8.0,9.0,9.0,Light,"Guji growing region, south-central Ethiopia",NT $520/225 grams,92.0
8.0,8.0,9.0,Medium-Light,"Kona growing region, Hawai’i Island, Hawai’i",$47.00/8 ounces,90.0
9.0,8.0,9.0,Medium-Light,"Jiwaka and Western Highlands Provinces, Papua New Guinea",$25.00/6 ounces,92.0
9.0,9.0,10.0,Medium-Light,"La Libertad, Huehuetenango Department, Guatemala",NT $4569/8 ounces,97.0
9.0,9.0,9.0,Medium-Light,"Hoja Blanca, Huehuetenango Department, Guatemala",$24.00/12 ounces,93.0
9.0,9.0,9.0,Light,"Odo Shakiso District, Guji Zone, southern Ethiopia",$26.00/12 ounces,94.0
9.0,9.0,10.0,Medium-Light,"Worka Chelbesa, Gedeb District, Gedeo Zone, southern Ethiopia",$24.00/12 ounces,96.0
9.0,9.0,10.0,Medium-Light,"Jaramillo, Boquete, Panama",$98.00/125 grams,96.0
9.0,9.0,10.0,Medium-Light,"Marcala, Honduras",$30.00/150 grams,96.0
9.0,9.0,9.0,Medium-Light,"Worka Chelbesa, Gedeb District, Gedeo Zone, southern Ethiopia",$24.00/12 ounces,95.0
9.0,9.0,10.0,Light,"Haro Adam, Uraga, Guji Zone, Oromia Region, southern Ethiopia",$27.75/12 ounces,97.0
9.0,9.0,9.0,Medium-Light,"Jimma growing region, Oromia State, Ethiopia",$26.00/12 ounces,95.0
9.0,9.0,10.0,Medium-Light,"Sidamo growing region, southern Ethiopia",$26.00/12 ounces,96.0
8.0,9.0,8.0,Medium,"Sumatra, Indonesia",$17.00/500 grams,90.0
8.0,8.0,9.0,Medium,"Sumatra, Indonesia",$17.00/500 grams,91.0
9.0,9.0,9.0,Medium-Light,"Acevedo, Huila Department, Colombia",$25.00/12 ounces,94.0
9.0,9.0,9.0,Medium-Light,"San Marcos de Tarrazú, Tarrazú growing region, Costa Rica",$21.00/8 ounces,93.0
9.0,9.0,9.0,Medium-Light,"Odo Shakiso District, Guji Zone, southern Ethiopia",$23.00/12 ounces,94.0
9.0,9.0,9.0,Light,"Pijao, Quindio Department, Colombia",$28.75/100 grams,95.0
9.0,9.0,9.0,Light,"Manizales, Caldas Department, Colombia",$27.00/150 grams,93.0
9.0,9.0,9.0,Light,"La Argentina, St. Augustin, Huila Department, Colombia",$27.00/150 grams,93.0
9.0,8.0,9.0,Light,"Kirinyaga County, Kenya",$23.00/150 grams,94.0
9.0,9.0,10.0,Light,"Quindio Department, Colombia",$30.00/150 grams,96.0
9.0,8.0,9.0,Medium-Light,Ethiopia; other undisclosed origins,$16.95/12 ounces,92.0
9.0,9.0,9.0,Medium-Light,"Yirgacheffe growing region, south-central Ethiopia",$28.00/.12 ounces,93.0
9.0,9.0,9.0,Medium-Light,"Kirinyaga County, Kenya",$28.00/12 ounces,94.0
9.0,9.0,9.0,Medium-Light,"Oporapa, Huila Department, Colombia",$32.00/12 ounces,93.0
9.0,9.0,9.0,Medium-Light,"San Augustin, Huila Department, Colombia",$25.00/8 ounces,94.0
9.0,9.0,9.0,Medium-Light,"San Sebastian De La Plata, Huila Department, Colombia",$29.00/6 ounces,94.0
9.0,9.0,9.0,Medium-Light,"Guji Zone, Oromia Region, southern Ethiopia",$28.00/12 ounces,95.0
9.0,9.0,9.0,Light,"Holualoa, North Kona growing district, Hawai’i Island, Hawai’i",$40.00/6 ounces,95.0
9.0,8.0,10.0,Light,"Piendamó, Cauca Department, Colombia",$40.00/8 ounces,95.0
9.0,9.0,10.0,Medium-Light,"Piendamó, Cauca Department, Colombia",$26.00/8 ounces,97.0
8.0,9.0,9.0,Medium-Light,"Tarrazu, Costa Rica",$23.00/10.9 ounces,93.0
9.0,9.0,9.0,Light,"Boquete growing region, western Panama",$99.95/170 grams,94.0
8.0,8.0,9.0,Light,Not disclosed,$21.00/10.9 ounces,92.0
9.0,9.0,9.0,Medium-Light,"El Limón, Mixteca, Oaxaca, Mexico",$21.00/10.9 ounces,93.0
9.0,8.0,9.0,Medium-Light,"Huehuetenango Department, Guatemala",$23.00/10.9 ounces,93.0
9.0,9.0,9.0,Medium-Light,"Yirgacheffe growing region, south-central Ethiopia",$30.00/12 ounces,93.0
9.0,8.0,9.0,Medium-Light,Not disclosed,$21.00/10.9 ounces,93.0
9.0,9.0,9.0,Light,"Gedeo Zone, SNNPR, southern Ethiopia",NT $330/8 ounces,94.0
9.0,9.0,9.0,Medium-Light,"Guji Zone, Oromia Region, southern Ethiopia",NT $350/8 ounces,94.0
,9.0,9.0,Medium-Light,"Guji Zone, Oromia Region, southern Ethiopia",NT $370/8 ounces,95.0
9.0,9.0,9.0,Medium-Light,"Sidamo growing region, southern Ethiopia",NT $350/8 ounces,95.0
9.0,9.0,10.0,Light,"Sidamo growing region, southern Ethiopia",NT $280/4 ounces,96.0
9.0,9.0,10.0,Light,"Guji Zone, Oromia Region, southern Ethiopia",NT $480/8 ounces,97.0
9.0,9.0,9.0,Medium-Light,"Chimaltenango Department, Guatemala",$26.00/6 ounces,93.0
9.0,9.0,9.0,Medium-Light,"Bule Hora, Guji Zone, Ethiopia",$28.00/250 grams,93.0
9.0,9.0,9.0,Medium-Light,"Holualoa, North Kona growing district, Hawai’i Island",$199.95/8 ounces,95.0
10.0,9.0,10.0,Medium-Light,"Holualoa, North Kona growing district, Hawai’i Island",$169.95/8 ounces,97.0
9.0,8.0,9.0,Light,"Primavera, Planadas, Tolima Department, Colombia",$56.00/4 ounces,93.0
9.0,9.0,9.0,Medium-Light,"Gimbo, Kaffa Province, Ethiopia",NT $550/227 grams,95.0
9.0,9.0,9.0,Medium-Light,"El Bálsamo Quetzaltepec, El Salvador",$26.00/11 ounces,95.0
8.0,8.0,9.0,Medium-Light,"Antigua Guatemala, Sacatepéquez, Guatemala",$8.50/12 ounces,91.0
8.0,9.0,9.0,Medium-Dark,"Antigua Guatemala, Sacatepéquez, Guatemala",$8.50/12 ounces,92.0
9.0,8.0,9.0,Medium-Light,"San Lucas Tolimán, Sololá, Guatemala",$16.00/12 ounces,92.0
8.0,9.0,9.0,Medium-Light,"Antigua Guatemala, Sacatepéquez, Guatemala",$20.00/12 ounces,92.0
9.0,8.0,9.0,Medium-Light,"San Antonio La Paz, El Progreso Department, Guatemala",$24.00/12 ounces,93.0
9.0,9.0,9.0,Medium-Light,"Antigua Guatemala, Sacatepéquez, Guatemala",$20.00/12 ounces,93.0
9.0,8.0,9.0,Medium-Light,"Antigua Guatemala, Sacatepéquez, Guatemala",$24.00/12 ounces,93.0
9.0,8.0,9.0,Medium-Light,"Antigua Guatemala, Sacatepéquez, Guatemala",$20.00/12 ounces,93.0
9.0,8.0,9.0,Medium-Light,"Huehuetenango Department, Guatemala",$47.00/12 ounces,93.0
9.0,8.0,9.0,Medium-Light,"Antigua Guatemala, Sacatepéquez, Guatemala",$25.00/12 ounces,93.0
9.0,9.0,9.0,Medium-Light,"Antigua Guatemala, Sacatepéquez, Guatemala",$20.00/12 ounces,94.0
9.0,9.0,9.0,Medium-Light,"Antigua Guatemala, Sacatepéquez, Guatemala",$20.00/12 ounces,94.0
9.0,8.0,9.0,Medium-Light,"Huehuetenango Department, Guatemala",$25.00/12 ounces,94.0
8.0,9.0,9.0,Medium-Light,"Gedeb District, Gedeo Zone, Yirgacheffe, Ethiopia",$23.00/12 ounces,92.0
9.0,9.0,10.0,Medium-Light,"Karatu District, Arusha Region, Tanzania",$50.00/12 ounces,96.0
8.0,8.0,8.0,Medium,Central America; South America,$17.95/12 ounce,90.0
8.0,8.0,9.0,Medium,Central America; South America,$17.95/12 ounces,92.0
9.0,9.0,10.0,Light,"Piendamó, Cauca Department, Colombia",$30.00/8 ounces,96.0
8.0,8.0,8.0,Light,"Guatemala, Colombia, Ethiopia, Kenya, Brazil",$15.00/8 ounces,90.0
9.0,8.0,9.0,Medium,Guatemala; Colombia; Ethiopia; India; Brazil,$15.00/8 ounces,94.0
8.0,9.0,9.0,Light,"Muranga’a, Embu County, Kenya",NT $580/227 grams,93.0
8.0,9.0,9.0,Medium,Brazil; Colombia; Ethiopia,$18.50/12 ounces,91.0
8.0,8.0,9.0,Medium,Not disclosed,$19.00/12 ounces,92.0
9.0,9.0,9.0,Light,"Vereda Santa Rita, Manizales, Caldas, Colombia",$25.00/8 ounces,94.0
9.0,9.0,9.0,Medium-Light,"San Ignacio, Cajamarca Department, Peru",$24.00/8 ounces,95.0
9.0,9.0,10.0,Medium-Light,"Piendamo, Cauca Department, Colombia",$35.00/8 ounces,96.0
8.0,8.0,8.0,Medium,Indonesia; Brazil; Ethiopia,NT $350/8 ounces,90.0
9.0,9.0,9.0,Light,"Yirgacheffe growing region, south-central Ethiopia",NT $400/8 ounces,93.0
9.0,8.0,9.0,Light,"Yirgacheffe growing region, south-central Ethiopia",NT $690/227 grams,94.0
9.0,9.0,9.0,Light,"Huila Department, Colombia",$24.00/5 ounces,95.0
9.0,9.0,9.0,Medium-Light,"Alajuela, Central Valley, Costa Rica",$28.00/12 ounces,93.0
8.0,9.0,9.0,Medium-Light,"Sabanilla de Alajuela growing region, Central Valley, Costa Rica",$27.99/16 ounces,93.0
9.0,8.0,9.0,Medium-Light,"Coto Brus, Brunca, Costa Rica",$24.00/12 ounces,93.0
9.0,9.0,9.0,Medium-Light,"Tarrazú, Costa Rica",$51.50/12 ounces,94.0
9.0,9.0,9.0,Medium-Light,"Tarrazú, Costa Rica",NT $680/225 grams,94.0
9.0,9.0,9.0,Light,"Tarrazú, Costa Rica","NT $2,000/8 ounces",94.0
9.0,9.0,9.0,Medium-Light,"Tarrazú, Costa Rica",NT $550/225 grams,94.0
9.0,9.0,9.0,Light,"Sabanilla de Alajuela growing region, Central Valley, Costa Rica",$30.00/12 ounces,95.0
9.0,9.0,9.0,Medium-Light,"Tarrazú, Costa Rica",NT $550/227 grams,95.0
9.0,9.0,10.0,Medium-Light,"Tarrazú, Costa Rica",NT $680/200 grams,96.0
9.0,9.0,9.0,Light,"Yirgacheffe growing region, south-central Ethiopia",$24.00/12 ounces,93.0
8.0,9.0,9.0,Medium-Light,Not disclosed,$15.95/12 ounces,90.0
9.0,8.0,8.0,Medium-Dark,Not disclosed,$14.95/12 ounces,90.0
9.0,9.0,9.0,Medium,Not disclosed,$15.95/12 ounces,91.0
8.0,9.0,9.0,Medium-Light,"Tarrazú, Costa Rica",$16.00/12 ounces,92.0
9.0,9.0,9.0,Medium,Not disclosed,$16.95/12 ounces,93.0
9.0,9.0,9.0,Light,"Gaitania, Tolima Department, Colombia",$22.00/12 ounces,93.0
9.0,9.0,9.0,Light,"Sidamo growing region, southern Ethiopia",NT $400/200 grams,94.0
9.0,9.0,9.0,Medium-Light,Ethiopia; Indonesia; Brazil,NT $420/454 grams,94.0
,9.0,9.0,Light,"Nariño Department, Colombia",NT $500/200 grams,95.0
9.0,9.0,9.0,Medium-Light,"Huehuetenango Department, Guatemala",NT $469/8 ounces,93.0
9.0,9.0,9.0,Light,"Huehuetenango Department, Guatemala",$25.00/12 ounces,93.0
9.0,8.0,9.0,Medium-Light,Colombia; Ethiopia,NT $439/8 ounces,93.0
9.0,9.0,9.0,Medium-Light,"Aceh Province, Sumatra, Indonesia",$25.00/12 ounces,94.0
9.0,9.0,9.0,Light,"Gedeb District, Gedeo Zone, southern Ethiopia",$25.00/12 ounces,94.0
9.0,9.0,9.0,Light,"Bench-Maji Zone, southern Ethiopia",NT $469/8 ounces,94.0
9.0,9.0,9.0,Light,"Karatu District, Arusha Region, Tanzania.",$25.00/12 ounces,94.0
9.0,9.0,9.0,Medium-Light,"Yirgacheffe growing region, south-central Ethiopia",$25.00/12 ounces,95.0
8.0,8.0,8.0,Medium-Light,"Elephant Island, South Africa",$216.00/125 grams,89.0
8.0,8.0,9.0,Medium-Light,Ethiopia,HK $150/100 grams,92.0
9.0,8.0,9.0,Medium-Light,Guatemala; El Salvador; Colombia; Mexico,HK $150/100 grams,93.0
9.0,9.0,10.0,Medium-Light,"Cañas Verdes, Boquete, Panama","NT $2,925/100 grams",96.0
9.0,8.0,9.0,Medium-Light,"Santa Bárbara, Antioquia Department, Colombia",$24.50/8 ounces,94.0
9.0,9.0,9.0,Light,"Piendamó, Cauca Department, Colombia",$25.00/8 ounces,95.0
10.0,9.0,10.0,Light,"Las Toldas, Huila Department, Colombia",$25.00/8 ounces,98.0
8.0,8.0,9.0,Dark,Not disclosed,$73.95/5 pounds,91.0
9.0,8.0,9.0,Medium,Not disclosed,$14.95/12 ounces,92.0
9.0,9.0,9.0,Light,"Guji growing region, south-central Ethiopia",NT $500/227 grams,94.0
9.0,9.0,9.0,Light,"Cañas Verdes, Boquete, Panama",NT $2150/50 grams,95.0
9.0,9.0,9.0,Light,"Guji Zone, Oromia Region, Ethiopia",NT $500/227 grams,95.0
8.0,9.0,9.0,Light,"Western Highlands, Papua New Guinea",$32.00/12 ounces,93.0
9.0,9.0,9.0,Light,"Sidamo growing region, south-central Ethiopia",$26.00/12 ounces,93.0
9.0,9.0,10.0,Medium-Light,"Ka‘ū growing region, Hawai’i Island",$200.00/4 ounces,96.0
8.0,9.0,8.0,Medium-Light,India; Brazil; Ethiopia,NT $450/450 grams,92.0
8.0,9.0,9.0,Light,"West Arsi, Oromia Region, southern Ethiopia",NT $550/225 grams,93.0
9.0,9.0,9.0,Medium-Light,"Kirinyaga County, Kenya",$10.00/4 ounces,94.0
9.0,9.0,9.0,Medium-Light,"Captain Cook, Kona District, Hawai’i Island, Hawai’i",$30.00/4 ounces,95.0
9.0,9.0,9.0,Medium-Light,"Aceh Province, Sumatra, Indonesia",$24.00/10.9 ounces,93.0
8.0,9.0,9.0,Medium-Light,"Yirgacheffe growing region, south-central Ethiopia",NT $329/8 ounces,93.0
9.0,8.0,9.0,Medium-Light,"Planadas, Tolima Department, Colombia",NT $429/8 ounces,93.0
8.0,9.0,9.0,Medium-Light,"Oaxaca, Mexico",$22.00/10.9 ounces,91.0
8.0,9.0,9.0,Medium-Light,"Quetzaltenango, San Marcos, Huehuetenango, Quiche, Solola and Chimaltenango, Guatemala",$22.00/10.9 ounces,92.0
9.0,8.0,9.0,Medium-Light,"Huila Department, Colombia",$22.00/10.9 ounces,93.0
9.0,9.0,9.0,Light,"Sidamo growing region, southern Ethiopia",$26.00/12 ounces,94.0
9.0,9.0,9.0,Light,"Gedeb District, Gedeo Zone, southern Ethiopia",$26.00/12 ounces,95.0
9.0,9.0,9.0,Light,"Sidamo growing region, southern Ethiopia",$10.00/4 ounces,94.0
9.0,9.0,9.0,Light,"Sidamo growing region, southern Ethiopia",$10.00/4 ounces,95.0
9.0,9.0,9.0,Medium-Light,Panama; Colombia; Guatemala; Costa Rica; Ethiopia,$17.00/8 ounces,96.0
9.0,8.0,9.0,Light,"Hōlualoa, North Kona growing region, Hawai’i Island, Hawai’i",$50.00/4 ounces,94.0
9.0,8.0,9.0,Light,"Huila Department, Colombia",NT $225/100 grams,93.0
9.0,9.0,9.0,Medium-Light,Guatemala; Ethiopia,$18.00/12 ounces,93.0
9.0,9.0,9.0,Medium-Light,"jimma growing region, Oromia State, Ethiopia",$21.95/12 ounces,94.0
9.0,9.0,9.0,Light,"Pichincha Province, Ecuador",$15.95/12 ounces,93.0
9.0,8.0,9.0,Light,"Worka Chelbessa, Gedeb, Ethiopia",NT $600/200 grams,93.0
8.0,8.0,9.0,Medium-Light,"Muranga’a, Embu County, Kenya",$35.00/12 ounces,92.0
9.0,9.0,9.0,Light,"Jinotega Department, Nicaragua",$35.00/12 ounces,92.0
9.0,9.0,10.0,Medium-Light,"Nyeri growing region, south-central Kenya",$25.00/12 ounces,96.0
9.0,8.0,9.0,Light,"Gedeo, Yirgacheffe growing region, south-central Ethiopia",NT $329/8 ounces,93.0
9.0,9.0,9.0,Light,"Yirgacheffe growing region, south-central Ethiopia",NT $469/8 ounces,94.0
8.0,8.0,9.0,,Papua New Guinea,$13.99/10 pods,90.0
9.0,8.0,9.0,Medium-Light,Colombia; Guatemala; Brazil,$17.95/12 ounces,92.0
9.0,8.0,9.0,Medium-Light,Papua New Guinea,$16.95/12 ounces,93.0
9.0,8.0,9.0,Medium-Light,Colombia,$14.95/12 ounces,93.0
9.0,9.0,9.0,Light,Ethiopia,$14.95/12 ounces,94.0
9.0,9.0,9.0,Light,"Huila Department, Colombia",$30.00/10 ounces,94.0
9.0,9.0,9.0,Light,"Yirgacheffe growing region, south-central Ethiopia",$25.00/12 ounces,93.0
8.0,9.0,9.0,Medium-Light,"Yirgacheffe growing region, south-central Ethiopia",$25.00/12 ounces,93.0
9.0,8.0,9.0,Medium-Light,"Ruvuma, Mbinga, Tanzania",$23.00/12 ounces,93.0
9.0,9.0,9.0,Light,"Aceh Province, Sumatra, Indonesia",$22.00/8 ounces,94.0
9.0,8.0,9.0,Light,"Tarrazu, San Jose, Costa Rica",NT $300/8 ounces,93.0
9.0,8.0,9.0,Light,"Yirgacheffe growing region, Ethiopia; Mandheling growing region, Sumatra, Indonesia",$16.50/12 ounces,93.0
9.0,8.0,9.0,Medium-Light,"Yemen; Kintamani Highlands, Bali, Indonesia; Colombia",$24.00/12 ounces,93.0
9.0,9.0,9.0,Medium-Light,"Guji Zone, Ethiopia; Sumatra, Indonesia",NT $430/227 grams,93.0
9.0,9.0,9.0,Light,"Guji Zone, Ethiopia; Aceh Province, Sumatra, Indonesia",$24.50/12 ounces,94.0
9.0,9.0,9.0,Light,"The Philippines; Gedeo Zone, Ethiopia; Tolima Department, Colombia",$30.00/12 ounces,94.0
9.0,9.0,10.0,Light,"Jaramillo, Boquete growing region, Panama",NT $1380/100 grams,96.0
8.0,9.0,9.0,Medium,Not disclosed,$14.95/12 ounces,92.0
9.0,8.0,9.0,Medium-Light,"Muranga’a, Embu County, Kenya",$35.00/12 ounces,93.0
9.0,9.0,9.0,Light,"Jinotega Department, Nicaragua",$35.00/12 ounces,93.0
9.0,9.0,9.0,Medium-Light,"Werka, Refisa Kebele, Nensebo District, West Arsi, Oromia, southern Ethiopia",$22.00/12 ounces,93.0
9.0,9.0,9.0,Light,"Armenia, Quindio Department, Colombia",$32.00/12 ounces,94.0
9.0,9.0,9.0,Light,"Armenia, Quindio Department, Colombia",$32.00/12 ounces,95.0
9.0,8.0,9.0,Medium-Light,"Aceh Province, Sumatra, Indonesia",$23.00/12 ounces,93.0
9.0,9.0,9.0,Light,"Kokose, Bensa, Sidamo growing region, southern Ethiopia",$20.00/10.9 ounces,94.0
9.0,9.0,9.0,Light,"Dhibabate, Hambela Wamena, Guji Zone, Ethiopia",$23.00/10.9 ounces,95.0
9.0,9.0,9.0,Medium-Light,Ethiopia; Kenya; Costa Rica,NT $700/227 grams,94.0
9.0,9.0,9.0,Medium-Light,"Baoshan, Yunnan, China",RMB 469/100 grams,93.0
9.0,9.0,9.0,Light,"Kiambu growing region, south-central Kenya",NT $529/8 ounces,94.0
9.0,9.0,9.0,Light,"Sidamo growing region, southern Ethiopia",NT $439/8 ounces,94.0
9.0,9.0,9.0,Light,"Sidamo growing region, southern Ethiopia",NT $439/8 ounces,95.0
10.0,9.0,10.0,Light,"Cañas Verdes, Boquete, Panama",$170/120 grams,97.0
9.0,9.0,9.0,Medium-Light,"Rivas District, Chirripo Region, Costa Rica",$21.50/12 ounces,94.0
9.0,9.0,9.0,Medium-Light,"Bolokan Valley, Tana Toraja Regency, Sulawesi, Indonesia",$29.00/12 ounces,94.0
9.0,9.0,9.0,Light,"Huila Department, Colombia",$24.00/12 ounces,94.0
9.0,9.0,9.0,Medium-Light,"Santa Rosa Department, Guatemala",$32.00/11 ounces,93.0
9.0,8.0,9.0,Light,Ethiopia,$19.00/12 ounces,93.0
8.0,8.0,9.0,Medium,"Chiapas State, Mexico",$26.50/12 ounces,90.0
8.0,8.0,9.0,Medium,"Chiapas State, Mexico",$27.95/12 ounces,91.0
9.0,9.0,9.0,Light,Ethiopia; Colombia,NT $350/200 grams,93.0
9.0,8.0,9.0,Light,"Yirgacheffe growing region, south-central Ethiopia",NT $380/200 grams,94.0
9.0,9.0,9.0,Light,Ethiopia,NT $700/455 grams,94.0
9.0,9.0,9.0,Medium-Light,Ethiopia; Kenya; Guatemala; Colombia,NT $650/455 grams,94.0
9.0,9.0,9.0,Light,"Nyeri growing region, south-central Kenya",NT $340/8 ounces,95.0
9.0,9.0,9.0,Medium-Light,"Cusco, Peru",NT $300/4 ounces,95.0
9.0,9.0,9.0,Medium-Light,"Mount Kerinci Highlands, Sumatra, Indonesia",$15.00/8 ounces,93.0
9.0,8.0,9.0,Light,Colombia; Rwanda,$15.00/8 ounces,93.0
8.0,9.0,9.0,Medium-Light,"Indragiri Village, Bandung, West Java, Indonesia",$14.00/8 ounces,93.0
,8.0,9.0,Light,"Yirgacheffe growing region, south-central Ethiopia",$24.00/12 ounces,93.0
9.0,9.0,9.0,Medium-Light,"lanadas, Rio Blanco, and Chaparral, Tolima, Colombia",$22.00/12 ounces,93.0
9.0,9.0,9.0,Light,"Kiambu growing region, south-central Kenya",NT $250/100 grams,94.0
9.0,9.0,9.0,Light,"Caicedonia, Valle del Cauca Department, Colombia",$30.00/8 ounces,95.0
9.0,9.0,10.0,Light,"Pijao, Quindio Department, Colombia",$33.00/8 ounces,96.0
9.0,8.0,9.0,Light,"Bolokan Valley, Tana Toraja Regency, Sulawesi, Indonesia",$25.00/12 ounces,93.0
9.0,8.0,9.0,Medium-Light,"Sama, Ana Sora District, Oromia Region, Ethiopia",$25.00/12 ounces,93.0
,,,,,,
9.0,9.0,9.0,Light,"Armenia, Quindio Department, Colombia",$31.00/12 ounces,94.0
8.0,8.0,9.0,Medium-Light,"Sandy Bay Valley, St. Helena",£75.00/125 grams,91.0
9.0,8.0,9.0,Medium-Light,"Huatusco, Veracruz, Mexico",$21.00/12 ounces,93.0
9.0,9.0,9.0,Light,"Caicendonia, Valle Del Cauca, Cauca Department, Colombia",$30.00/8 ounces,95.0
9.0,9.0,10.0,Medium-Light,"Piendamo, Cauca Department, Colombia",$33.00/8 ouces,96.0
9.0,9.0,9.0,Medium-Light,"Ngozi Province, Burundi",$26.00/12 ounces,94.0
9.0,9.0,9.0,Medium-Light,Ethiopia; Kenya; Rwanda,$21.00/12 ounces,95.0
9.0,9.0,10.0,Light,"Sidamo growing region, southern Ethiopia",$25.00/12 ounces,96.0
9.0,9.0,9.0,Light,"Guji Zone, Oromia Region, Southern Ethiopia",NT $400/8 ounces,94.0
9.0,9.0,9.0,Light,"Sidamo growing region, southern Ethiopia",NT $400/8 ounces,94.0
9.0,9.0,9.0,Light,"Gedeb District, Gedeo Zone, southern Ethiopia",NT $400/8 ounces,95.0
9.0,8.0,9.0,Medium,"Chanchamayo and Satipo, Junín, Peru",$20.00/12 ounces,91.0
9.0,8.0,9.0,Medium,Not disclosed,$14.95/12 ounces,91.0
9.0,9.0,9.0,Medium-Light,South America; Central America,$14.95/12 ounces,93.0
9.0,9.0,9.0,Medium-Light,"Huila Department, Colombia",$21.00/12 ounces,93.0
9.0,9.0,9.0,Medium-Light,"Yirgacheffe growing region, south-central Ethiopia",$16.95/12 ounces,94.0
9.0,8.0,9.0,Light,"Guji Zone, Oromia region, southern Ethiopia",NT $550/225 grams,93.0
9.0,8.0,9.0,Medium-Light,Colombia; Brazil; Ethiopia,NT $360/225 grams,93.0
9.0,9.0,9.0,Medium-Light,Costa Rica; Nicaragua; Guatemala,$15.00/12 ounces,93.0
9.0,9.0,9.0,Light,"Huila Department, Colombia",$32.00/12 ounces,95.0
9.0,8.0,9.0,Light,"Djimma Limu, Oromia Region, southern Ethiopia",NT $670/227 grams,94.0
9.0,9.0,9.0,Light,"Nensebo District, West Arsi, Oromia, southern Ethiopia",NT $580/227 grams,94.0
9.0,9.0,9.0,Light,"Sidamo growing region, southern Ethiopia",NT $550/227 grams,95.0
9.0,9.0,10.0,Light,"Guji Zone, Oromia region, southern Ethiopia",NT $670/227 grams,96.0
9.0,9.0,9.0,Medium-Light,Not disclosed,$22.00/12 ounces,93.0
9.0,9.0,9.0,Medium-Light,"Bababudangiri, Western Ghats, India",$23.00/12 ounces,93.0
9.0,9.0,9.0,Light,"Saraguro, Loja, Ecuador",$40.00/8 ounces,95.0
9.0,9.0,9.0,Medium-Light,Panama; Ethiopia; Colombia,$10.00/8 ounces,94.0
9.0,9.0,9.0,Medium-Light,Ethiopia; Rwanda,$13.00/8 ounces,95.0
9.0,8.0,9.0,Medium-Light,Panama; Ethiopia; Colombia,$10.00/8 ounces,93.0
9.0,9.0,9.0,Medium,Ethiopia; Guatemala,$10.00/8 ounces,94.0
9.0,9.0,9.0,Medium-Light,"Musula, Marcala, La Paz Department, Honduras",$22.00/12 ounces,94.0
9.0,9.0,9.0,Medium-Light,"Leye Village, Alishan Township, Chia-yi County, Taiwan",NT $1300/114 grams,94.0
9.0,9.0,9.0,Light,"Leye Village, Alishan Township, Chia-yi County, Taiwan",NT $1300/114 grams,94.0
9.0,9.0,9.0,Light,"Ruili, Meishan Township, Chia-yi County, Taiwan",NT $1300/8 ounces,94.0
9.0,9.0,9.0,Light,"Northern Province, Zambia",$22.00/12 ounces,94.0
9.0,9.0,9.0,Medium-Light,"Imbabura, Ecuador",$38.00/12 ounces,94.0
9.0,9.0,9.0,Medium-Light,"Nyeri growing region, south-central Kenya",$22.00/12 ounces,94.0
9.0,9.0,9.0,Medium,"Antioquia, Quindio Department, Colombia",$22.00/12 ounces,95.0
9.0,9.0,10.0,Light,"Quindio Department, Colombia",$55.99/12 ounces,96.0
9.0,8.0,9.0,Medium-Light,"Utuado, Puerto Rico",$30.00/8 ounces,92.0
8.0,8.0,9.0,Medium-Light,Colombia; Brazil; Mexico,$23.60/1 kilogram,92.0
9.0,8.0,9.0,Medium-Light,Mexico; Ethiopia; Brazil,$23.60/1 kilogram,93.0
9.0,9.0,9.0,Medium-Light,"Guji Zone, Oromia region, southern Ethiopia",NT $790/8 ounces,94.0
8.0,8.0,8.0,Medium-Light,"Huila Department, Colombia",$24.00/12 ounces,90.0
8.0,8.0,9.0,Medium-Light,"Huila Department, Colombia",$24.00/12 ounces,92.0
9.0,8.0,9.0,Medium-Light,"Huila Department, Colombia",$24.00/12 ounces,92.0
9.0,8.0,9.0,Medium-Light,"Huila Department, Colombia",$24.00/12 ounces,93.0
9.0,9.0,9.0,Medium-Light,"La Libertad, Huehuetenango Department, Guatemala",$18.00/150 grams,95.0
8.0,9.0,9.0,Medium-Light,"Sumbul Province, North Sumatra, Indonesia",$18.00/12 ounces,92.0
9.0,8.0,9.0,Medium-Light,"Chalchuapa, Santa Ana Department, El Salvador",$18.00/12 ounces,93.0
7.0,7.0,7.0,Very Dark,Not disclosed,$15.99/12 ounces,84.0
8.0,7.0,7.0,Light,"Lam Dong Province, Central Highlands, Vietnam",$16.00/12 ounces,85.0
8.0,8.0,7.0,Light,South India,$15.00/12 ounces,86.0
8.0,8.0,7.0,Medium,"Batangas Province, Philippines; Quang Tri Province, Vietnam",$20.00/12 ounces,86.0
8.0,7.0,7.0,Medium-Light,"Lam Dong Province, Central Highlands, Vietnam",$16.00/12 ounces,86.0
8.0,7.0,7.0,Dark,Not disclosed,$18.00/12 ounces,87.0
8.0,8.0,8.0,Light,"Simpang Renggam, Johor State, Malaysia",RM65/200 grams,88.0
8.0,7.0,8.0,Medium,Uganda,$15.00/4 ounces,88.0
9.0,8.0,8.0,Medium-Light,"Alishan growing region, central Taiwan",NT $680/8 ounces,91.0
9.0,8.0,9.0,Light,"Simpang Renggam, Johor State, Malaysia",RM85/80 grams,92.0
9.0,9.0,9.0,Medium-Light,"Huila Department, Colombia",NT $550/200 grams,93.0
9.0,9.0,9.0,Medium-Light,"Huila Department, Colombia",NT $550/200 grams,94.0
9.0,9.0,9.0,Medium-Light,"Aceh Province, Sumatra, Indonesia",$16.95/12 ounces,93.0
9.0,9.0,9.0,Medium-Light,"Murang'a County, central Kenya",$24.00/12 ounces,95.0
9.0,9.0,9.0,Light,"Nyeri growing region, south-central Kenya",$28.00/12 ounces,94.0
8.0,8.0,9.0,Medium,Colombia; Sumatra; Papua New Guinea,$19.00/12 ounces,91.0
8.0,8.0,9.0,Light,"Nyeri growing region, south-central Kenya",$19.00/250 grams,92.0
9.0,9.0,9.0,Light,"Guji Zone, Oromia Region, southern Ethiopia",NT $320/8 ounces,94.0
9.0,9.0,9.0,Medium-Light,"Guji Zone, Oromia Region, southern Ethiopia",NT $350/8 ounces,94.0
9.0,9.0,9.0,Medium-Light,"Huila Department, Colombia",NT $450/4 ounces,95.0
9.0,9.0,10.0,Light,"Guji Zone, Oromia Region, southern Ethiopia",NT $350/8 ounces,95.0
9.0,9.0,9.0,Medium-Light,"Sabanilla de Alajuela growing region, Costa Rica",$19.95/12 ounces,95.0
9.0,9.0,9.0,Medium-Light,"Rwenzori, Uganda",$23.00/12 ounces,93.0
9.0,9.0,9.0,Medium-Light,"Cajamarca Department, Peru",$23.00/12 ounces,93.0
9.0,8.0,9.0,Medium,"Ka’u growing region, Hawai’i Island, Hawai’i",$20.00/4 ounces,93.0
9.0,9.0,9.0,Medium-Light,"Kona growing region, Hawai’i Island, Hawai’i",$25.00/4 ounces,94.0
9.0,9.0,9.0,Light,"Guji Zone, Oromia Region, Ethiopia",$24.00/12 ounces,94.0
9.0,9.0,9.0,Medium,"Kona growing region, Hawai’i Island, Hawai’i",$22.00/4 ounces,94.0
9.0,9.0,9.0,Medium-Light,"Buesaco, Nariño Department, Colombia",$25.00/12 ounces,93.0
9.0,9.0,9.0,Medium-Light,"Northern Province, Zambia",$23.00/12 ounces,94.0
9.0,9.0,9.0,Light,"Sidamo growing region, southern Ethiopia",$24.00/12 ounces,94.0
9.0,9.0,9.0,Light,"Vilcabamba, Loja, Ecuador",$40.00/4 ounces,94.0
9.0,9.0,9.0,Light,"Quindio Department, Colombia",$24.99/8 ounces,92.0
9.0,8.0,9.0,Light,"Huila Department, Colombia",$22.99/8 ounces,92.0
9.0,8.0,9.0,Light,"Quindio Department, Colombia",$22.99/8 ounces,93.0
9.0,9.0,9.0,Light,"Quindio Department, Colombia",$22.99/8 ounces,94.0
9.0,9.0,9.0,Light,"Quindio Department, Colombia",$29.99/8 ounces,94.0
,9.0,9.0,Medium-Light,"Yirgacheffe growing region, south-central Ethiopia",$19.99/16 ounces,92.0
9.0,9.0,10.0,Medium-Light,"Kihoya, Mathioya District, Murang’a County, Kenya",$19.00/12 ounces,96.0
9.0,8.0,9.0,Very Dark,Central America; South America,$39.99/12 ounces,92.0
9.0,9.0,9.0,Medium-Light,"Cyiya Village, Nyamasheke District, Western Province, Rwanda",$21.00/12 ounces,93.0
9.0,9.0,9.0,Medium-Light,"Huehuetenango Department, Guatemala",$21.00/12 ounces,93.0
9.0,9.0,9.0,Medium-Light,"Toraja growing region, south-central Sulawesi, Indonesia",$23.00/12 ounces,94.0
9.0,9.0,9.0,Light,"Quindio Department, Colombia",$29.00/8 ounces,95.0
9.0,9.0,9.0,Medium-Light,"Huye District, Rwanda",$24.50/12 ounces,93.0
,9.0,9.0,Medium-Light,"Jinotega Department, Nicaragua",$24.50/12 ounces,93.0
9.0,9.0,9.0,Medium,"Guji Zone, Oromia region, southern Ethiopia",NT $600/226 grams,94.0
8.0,8.0,9.0,Medium-Light,"Ruili Village, Meishan Township, Alishan, Chiayi County, Taiwan","NT $1,200/8 ounces",91.0
9.0,9.0,9.0,Light,"Piendamo, Cauca Department, Colombia",$26.00/8 ounces,95.0
9.0,9.0,9.0,Light,"Caicendonia, Valle Del Cauca, Cauca Department, Colombia",$27.00/8 ounces,95.0
8.0,8.0,8.0,Medium,"Huila Department, Colombia",$17.00/250 grams,90.0
9.0,9.0,9.0,Light,"Guji Zone, Oromia Region, southern Ethiopia",NT $330/8 ounces,93.0
9.0,9.0,9.0,Light,"Sidamo growing region, southern Ethiopia",NT $330/8 ounces,94.0
9.0,8.0,9.0,Light,"Yunlin, Taiwan",NT $450/4 ounces,93.0
9.0,9.0,9.0,Light,"Yunlin, Taiwan",NT $420/4 ounces,93.0
9.0,8.0,9.0,Medium-Light,Colombia; Ethiopia,$30.00/8 ounces,93.0
9.0,9.0,9.0,Medium-Light,"Yunlin, Taiwan",NT $550/4 ounces,93.0
9.0,8.0,9.0,Medium-Light,Panama; Ethiopia; Colombia,$39.00/8 ounces,93.0
9.0,9.0,9.0,Light,"Yunlin, Taiwan",NT $600/4 ounces,94.0
9.0,8.0,9.0,Medium-Light,"Cusco, Peru",NT $300/4 ounces,94.0
9.0,9.0,9.0,Medium-Light,"Huila Department, Colombia",NT $350/8 ounces,94.0
9.0,9.0,9.0,Medium-Light,"Yunlin, Taiwan",NT $800/4 ounces,95.0
9.0,9.0,9.0,Medium-Light,Panama; Ethiopia,$39.00/8 ounces,95.0
9.0,9.0,9.0,Medium-Light,"Sidamo growing region, southern Ethiopia",NT $400/8 ounces,95.0
9.0,8.0,9.0,Light,"Yirgacheffe growing region, southern Ethiopia",NT $329/8 ounces,94.0
9.0,9.0,9.0,Light,"Santa Maria, Huila Department, Colombia",NT $559/8 ounces,94.0
8.0,9.0,8.0,Medium-Dark,Brazil; Colombia,$22.00/16 ounces,91.0
9.0,9.0,9.0,Medium-Light,Ethiopia; South America,$16.95/12 ounces,93.0
9.0,8.0,9.0,Light,Ethiopia; Colombia,NT $350/200 grams,93.0
9.0,8.0,9.0,Light,Colombia; Taiwan,NT $580/200 grams,93.0
9.0,9.0,9.0,Light,"Algeciras, Huila Department, Colombia",$32.00/12 ounces,95.0
9.0,8.0,9.0,Medium-Light,"Mbozi District, Tanzania",$17.00/12 ounces,93.0
9.0,9.0,9.0,Light,"Sidamo growing region, southern Ethiopia",$28.00/12 ounces,94.0
9.0,9.0,9.0,Medium-Light,"Cerrado Mineiro, Minas Gerais, Brazil",$21.00/12 ounces,94.0
9.0,9.0,9.0,Light,"Guji growing region, south-central Ethiopia",$24.00/8 ounces,95.0
9.0,9.0,9.0,Light,"Alajuela, Central Valley, Costa Rica",$30.00/12 ounces,95.0
9.0,9.0,10.0,Medium-Light,"San José de Minas, Pichincha Province, Ecuador",$32.00/8 ounces,96.0
9.0,9.0,9.0,Light,"Kirinyaga County, Kenya",NT $580/200 grams,93.0
9.0,9.0,9.0,Light,"Kirinyaga County, Kenya",NT $580/200 grams,93.0
9.0,9.0,9.0,Medium-Light,"Cajamarca Department, Peru",$22.00/12 ounces,93.0
9.0,9.0,9.0,Medium-Light,"San Martin Jilotepeque, Chimaltenango Department, Guatemala",$19.95/12 ounces,94.0
9.0,9.0,9.0,Medium-Light,"Kona District, Hawai’i Island, Hawai’i",$44.00/10 ounces,94.0
9.0,9.0,9.0,Medium-Light,"Ka’u growing region, Hawai’i Island, Hawai’i",$44.00/10 ounces,95.0
9.0,9.0,9.0,Medium-Light,"Ka’u growing region, Hawai’i Island, Hawai’i",$42.00/10 ounces,94.0
9.0,9.0,9.0,Medium-Light,"Bursa Village, Arbegona, Sidama growing region, southern Ethiopia",$23.00/12 ounces,94.0
9.0,9.0,9.0,Light,"Sidamo growing region, southern Ethiopia",$20.00/ 12 ounces,95.0
9.0,8.0,9.0,Medium-Light,"Nariño Department, Colombia",$20.00/12 ounces,92.0
9.0,9.0,9.0,Medium-Light,"Jaén, Cajamarca, Peru",$22.00/12 ounces,94.0
9.0,8.0,9.0,Light,"Xam Tai district, Houaphan province, Laos",$20.00/12 ounces,92.0
9.0,9.0,9.0,Light,"Saraguro, Loja, Ecuador",$29.00/8 ounces,95.0
9.0,9.0,9.0,Light,"Rustiro, Rwanda",$28.00/12 ounces,95.0
9.0,9.0,9.0,Light,"Huila Department, Colombia",$40.00/8 ounces,95.0
9.0,9.0,9.0,Medium-Light,"Kaʻū growing region, Hawai’i Island, Hawai’i",$44.00/10 ounces,95.0
10.0,9.0,10.0,Light,"Kaʻū growing region, Hawai’i Island, Hawai’i",$39.00/10 ounces,97.0
9.0,9.0,9.0,Light,"Brunca growing region, Costa Rica",NT $480/8 ounces,93.0
9.0,9.0,9.0,Light,"Kirinyaga District, south-central Kenya",NT $480/8 ounces,95.0
9.0,9.0,9.0,Medium-Light,"Nyeri County, Kenya",$25.00/12 ounces,95.0
9.0,9.0,9.0,Light,"Piendamó, Cauca Department, Colombia",$25.00/8 ounces,95.0
9.0,9.0,10.0,Light,"Trujillo, Valle Del Cauca, Cauca Department, Colombia",$29.00/8 ounces,96.0
9.0,9.0,9.0,Medium-Light,"Nyamasheke, Western Province, Rwanda",$21.00/12 ounces,93.0
9.0,9.0,9.0,Light,"Guama Village, Kirinyaga County, Kenya",$21.00/12 ounces,95.0
9.0,9.0,9.0,Light,"Guji Zone, Oromia region, southern Ethiopia",NT $500/227 grams,94.0
9.0,8.0,9.0,Light,"Chelchele, Gedeb District, Gedeo Zone, Ethiopia",$28.00/250 grams,93.0
8.0,9.0,9.0,Medium-Light,Not disclosed,$20.00/12 ounces,91.0
8.0,9.0,9.0,Medium-Light,Colombia; El Salvador,$19.00/12 ounces,92.0
9.0,9.0,9.0,Medium-Light,Indonesia; South America; Central America,$15.25/12 ounces,93.0
9.0,8.0,9.0,Medium-Light,"Perez Zeldon, Brunca growing region, Costa Rica",$15.00/12 ounces,93.0
9.0,9.0,9.0,Medium-Light,"Marcala growing region, La Paz Department, Honduras",$24.00/12 ounces,93.0
9.0,8.0,9.0,Medium-Light,"Nyeri growing region, south-central Kenya",$19.50/12 ounces,93.0
9.0,9.0,9.0,Medium-Light,"Los Santos, Tarrazú, Costa Rica",$22.00/12 ounces,94.0
9.0,9.0,9.0,Medium-Light,"Boquete growing region, western Panama",$59.95/170 grams,94.0
9.0,9.0,9.0,Medium-Light,"Medellin, Colombia",$25.00/227 grams,94.0
9.0,9.0,9.0,Medium-Light,"Bani Ismail District, Sana'a, Yemen",NT $1200/227 grams,94.0
9.0,9.0,9.0,Light,"Embu County, Kenya",NT $1200/227 grams,95.0
9.0,9.0,9.0,Light,"Al Obrah, Hayma Dakhaliya, Sana'a, Yemen",$42.00/8 ounces,95.0
9.0,9.0,10.0,Medium-Light,"Saraguro, Loja, Ecuador",$38.00/8 ounces,96.0
8.0,7.0,8.0,Medium-Light,"Antigua Department, Guatemala",$24.00/16 ounces,87.0
9.0,8.0,9.0,Medium,Peru; Ethiopia; Indonesia,$19.00/12 ounces,92.0
8.0,7.0,8.0,,Not disclosed,$9.99/10 capsules,88.0
9.0,9.0,9.0,Light,"Cauca Department, Colombia",$18.00/12 ounces,94.0
9.0,9.0,10.0,Light,"Quindio Department, Colombia",$30.00/12 ounces,97.0
9.0,8.0,9.0,Medium-Light,Guatemala; Ethiopia; Colombia,NT $230/8 ounces,93.0
9.0,9.0,9.0,Medium-Light,Ethiopia; Guatemala,NT $260/8 ounces,94.0
9.0,9.0,9.0,Medium-Light,"Acatenango, Chimaltenango, Guatemala",NT $420/4 ounces,94.0
9.0,9.0,9.0,Medium-Light,"Acatenango, Chimaltenango, Guatemala",NT $420/4 ounces,94.0
9.0,9.0,9.0,Light,"Sabanilla de Alajuela growing region, Costa Rica",$24.00/8 ounces,95.0
9.0,9.0,10.0,Light,"Sidamo growing region, southern Ethiopia",NT $350/8 ounces,96.0
9.0,9.0,9.0,Medium-Light,Indonesia; Kenya; Colombia,$22.00/12 ounces,93.0
8.0,8.0,9.0,Medium-Light,"Antigua Department, Guatemala",NT $320/227 grams,91.0
8.0,9.0,9.0,Light,"Gedeb District, Gedeo Zone, southern Ethiopia",NT $380/227 grams,92.0
9.0,8.0,9.0,Light,Costa Rica; Colombia,NT $390/227 grams,92.0
9.0,8.0,9.0,Light,"Embu Country, Kenya",NT $390/227 grams,93.0
9.0,9.0,9.0,Medium-Light,"Tarrazu, Costa Rica",$22.00/12 ounces,93.0
9.0,8.0,9.0,Light,"Boquete growing region, western Panama",NT $800/227 grams,94.0
9.0,9.0,9.0,Medium-Light,"Agaro Duromina, Jimma Zone, Oromia State, Ethiopia",$22.00/12 ounces,94.0
9.0,9.0,9.0,Medium-Light,"Santa Rosa Department, Guatemala",$30.00/12 ounces,93.0
9.0,9.0,9.0,Medium-Light,"Nariño Department, Colombia",$21.00/12 ounces,93.0
9.0,9.0,9.0,Light,"Tarrazu, Costa Rica",$35.00/12 ounces,94.0
9.0,9.0,9.0,Medium-Light,"Tarrazu, Costa Rica",$22.00/12 ounces,94.0
9.0,9.0,9.0,Light,"Kirinyaga District, south-central Kenya",$25.00/12 ounces,95.0
9.0,9.0,9.0,Medium-Light,"Llayla District, Satipo Province, Peru",$13.50/250 grams,94.0
9.0,9.0,9.0,Medium-Light,"Sochiapam, Oaxaca, Mexico",$21.00/12 ounces,93.0
9.0,9.0,9.0,Medium-Light,"Nyamasheke District, Western Province, Rwanda",$20.00/12 ounces,93.0
9.0,9.0,9.0,Medium-Light,"Chachagüí, Nariño Department, Colombia",$21.00/12 ounces,93.0
8.0,9.0,9.0,Light,"Kirinyaga District, south-central Kenya",NT $399/8 ounces,93.0
9.0,9.0,9.0,Light,"Yirgacheffe growing region, south-central Ethiopia",NT $339/8 ounces,94.0
9.0,9.0,9.0,Medium-Light,"Aceh Province, Sumatra, Indonesia",$23.00/12 ounces,94.0
9.0,9.0,9.0,Medium-Light,"Guji Zone, Oromia Region, southern Ethiopia",$23.00/12 ounces,95.0
9.0,9.0,9.0,Light,"Caicendonia, Valle Del Cauca, Cauca Department, Colombia",$25.00/8 ounces,95.0
8.0,9.0,9.0,Light,"Alishan, Taiwan","NT $1,800/100 grams",92.0
9.0,9.0,9.0,Light,"Alishan, Taiwan","NT $2,700/100 grams",94.0
9.0,9.0,9.0,Light,"Huila Department, Colombia",NT $650/200 grams,95.0
6.0,6.0,6.0,Dark,Latin America,$9.99/12 ounces,78.0
6.0,7.0,7.0,Dark,"Sumatra, Indonesia",$9.99/12 ounces,82.0
8.0,7.0,8.0,Medium-Dark,Ethiopia,$19.95/16 ounces,87.0
7.0,8.0,8.0,Medium-Dark,"Sumatra, Indonesia",$19.95/16 ounces,87.0
8.0,8.0,8.0,Light,"Huila Department, Colombia",$21.00/12 ounces,89.0
8.0,8.0,8.0,,"Guji Zone, southern Ethiopia",$31.00/12 ounces,89.0
8.0,8.0,8.0,Medium-Light,"Yirgacheffe growing region, south-central Ethiopia",$18.00/12 ounces,90.0
8.0,8.0,9.0,Medium-Light,Ethiopia,$14.99/12 ounces,90.0
,9.0,9.0,Light,"Guji Zone, Oromia Region, southern Ethiopia",NT $420/8 ounces,93.0
9.0,9.0,9.0,Light,"Bensa district, Sidama Zone, southern Ethiopia",NT $720/8 ounces,94.0
9.0,9.0,9.0,Medium-Light,"Guji Zone, Oromia region, southern Ethiopia",NT $460/8 ounces,94.0
9.0,9.0,9.0,Medium,"San Juan del Rio Coco, Nicaragua",$20.00/12 ounces,93.0
9.0,9.0,9.0,Medium-Light,"Kirinyaga County, Kenya",$26.00/250 grams,94.0
9.0,9.0,9.0,Light,"Chericho, Sidamo growing region, Ethiopia",$20.00/12 ounces,94.0
9.0,9.0,9.0,Light,"Sabanilla de Alajuela growing region, Costa Rica",$30.00/12 ounces,94.0
9.0,9.0,9.0,Light,"El Bálsamo, Quetzaltepec growing region, El Salvador",$29.00/10 ounces,95.0
9.0,9.0,9.0,Light,"Sidamo growing region, southern Ethiopia",NT $840/113 grams,94.0
9.0,8.0,9.0,Medium,Not disclosed,$12.75/12 ounces,93.0
9.0,9.0,9.0,Light,"Apaneca-Ilamatepec growing region, El Salvador",$20.00/12 ounces,93.0
9.0,9.0,9.0,Medium-Light,"Palencia, Guatemala Department, Guatemala",$20.00/12 ounces,94.0
8.0,8.0,9.0,Light,"Nariño Department, Colombia",NT $399/8 ounces,90.0
,9.0,8.0,Light,"Ahuachapán growing region, El Salvador",NT $299/8 ounces,91.0
9.0,8.0,9.0,Medium-Light,"Nueva Segovia, Nicaragua",NT $299/8 ounces,92.0
8.0,9.0,9.0,Light,"Guji Zone, Oromia Region, southern Ethiopia",NT $349/8 ounces,92.0
9.0,9.0,9.0,Light,"Agaro Gera, Jimma Zone, Oromia State, Ethiopia",$22.00/12 ounces,94.0
9.0,9.0,9.0,Light,"Hōlualoa, North Kona growing region, Hawai’i Island, Hawai’i",$200.00/4 ounces,95.0
9.0,9.0,10.0,Light,"Boquete growing region, western Panama",$400.00/20 grams,96.0
10.0,9.0,10.0,Light,"Boquete growing region, western Panama",$400.00/20 grams,97.0
9.0,8.0,9.0,Light,"Bench-Maji Zone, southern Ethiopia",$30.00/50 grams,94.0
8.0,9.0,9.0,Medium,Not disclosed,$17.50/12 ounces,92.0
8.0,9.0,9.0,Medium-Light,Not disclosed,$18.25/12 ounces,93.0
9.0,8.0,9.0,Light,"Kiambu County, Kenya",NT $350/200 grams,93.0
9.0,9.0,9.0,Light,Ethiopia; Honduras; Colombia,NT $400/200 grams,93.0
9.0,9.0,9.0,Light,"Santa Barbara, Antioquia Department, Colombia",$27.00/12 ounces,94.0
9.0,9.0,9.0,Light,"Odo Shakiso District, Guji Zone, southern Ethiopia",$24.00/12 ounces,95.0
9.0,9.0,9.0,Light,"Sidamo growing region, southern Ethiopia",NT $350/200 grams,94.0
9.0,9.0,10.0,Medium-Light,"Nyeri growing region, south-central Kenya",$23.50/12 ounces,96.0
8.0,9.0,9.0,Light,"Guji Zone, Oromia Region, southern Ethiopia",NT $420/8 ounces,91.0
9.0,8.0,9.0,Light,"Guji Zone, Oromia Region, southern Ethiopia",NT $480/8 ounces,92.0
9.0,8.0,9.0,Medium-Light,"Montecillos, Honduras",NT $250/227 grams,92.0
9.0,9.0,9.0,Medium-Light,"San Antonio La Paz, El Progreso Department, Guatemala",$24.00/12 ounces,93.0
9.0,9.0,9.0,Light,"Pitalito, Huila Department, Colombia",$25.00/12 ounces,94.0
9.0,9.0,9.0,Light,"Volcan Baru, Boquete growing region, Panama",$38.75/4 ounces,95.0
9.0,9.0,9.0,Medium-Light,"Lintong growing region, North Sumatra, Indonesia",$16.99/12 ounces,93.0
9.0,9.0,9.0,Light,"Bench-Maji Zone, southern Ethiopia",$40.00/6 ounces,95.0
8.0,9.0,9.0,Medium-Light,Ethiopia; Brazil,NT $179/8 ounces,91.0
8.0,9.0,8.0,Medium-Light,Indonesia; Brazil,NT $210/16 ounces,91.0
9.0,8.0,9.0,Light,"Guji Zone, Oromia Region, southern Ethiopia",NT $320/8 ounces,93.0
9.0,9.0,9.0,Light,"Bench-Maji Zone, southern Ethiopia",NT $370/8 ounces,95.0
9.0,9.0,9.0,Light,"Huehuetenango, Guatemala",$22.00/10 ounces,95.0
9.0,9.0,9.0,Light,"Sidamo growing region, southern Ethiopia",NT $320/8 ounces,93.0
9.0,9.0,9.0,Light,"Guji Zone, Oromia Region, southern Ethiopia",NT $320/8 ounces,94.0
9.0,8.0,10.0,Light,"Sidamo growing region, southern Ethiopia",NT $320/8 ounces,95.0
9.0,9.0,9.0,Light,"Sidamo growing region, southern Ethiopia",NT $480/4 ounces,95.0
9.0,9.0,9.0,Medium-Light,"Guji Zone, Oromia Region, southern Ethiopia",NT $270/8 ounces,95.0
9.0,8.0,9.0,Medium-Light,"La Libertad, Huehuetenango Department, Guatemala",$22.00/12 ounces,93.0
9.0,9.0,9.0,Light,"Gedeb District, Gedeo Zone, southern Ethiopia",$24.00/12 ounces,95.0
9.0,9.0,10.0,Light,"Acevedo, Huila Department, Colombia",$46.00/8 ounces,96.0
9.0,9.0,10.0,Light,"Gedeb District, Gedeo Zone, southern Ethiopia",$24.00/12 ounces,96.0
9.0,9.0,10.0,Light,"Yunlin County, Taiwan",NT $800/120 grams,96.0
9.0,8.0,9.0,Light,"Guji Zone, Oromia region, southern Ethiopia",$23.00/12 ounces,93.0
9.0,9.0,9.0,Medium-Light,"La Muralla, Huila Department, Colombia",$22.00/8 ounces,94.0
9.0,8.0,9.0,Light,"Piendamó, Cauca, Colombia",$25.00/8 ounces,94.0
9.0,9.0,9.0,Light,"Sidamo growing region, southern Ethiopia",$22.00/12 ounces,94.0
9.0,9.0,9.0,Light,"Palencia, Guatemala Department, Guatemala",$23.49/12 ounces,93.0
9.0,9.0,9.0,Medium-Light,Kenya; Sumatra,$29.00/8 ounces,93.0
8.0,9.0,9.0,Medium-Light,Guatemala; other undisclosed origins,$20.00/10 ounces,93.0
9.0,8.0,9.0,Medium,Guatemala; other undisclosed origins,$20.00/10 ounces,93.0
9.0,9.0,9.0,Medium-Light,"Kona and Ka’u, Hawai’i; other undisclosed origins",$30.00/10 ounces,94.0
9.0,9.0,9.0,Medium-Light,Guatemala and other undisclosed origins,$20.00/10 ounces,94.0
8.0,8.0,8.0,Light,Vietnam,$26.50/250 grams,90.0
8.0,8.0,9.0,Medium,Not disclosed,$18.95/12 ounces,92.0
8.0,8.0,9.0,Medium-Light,"Palencia, Guatemala Department, Guatemala",$24.99/12 ounces,91.0
9.0,8.0,9.0,Medium,"Antigua Department, Guatemala",$7.00/12 ounces,91.0
8.0,8.0,9.0,Medium,"Antigua Department, Guatemala",$7.00/12 ounces,91.0
8.0,8.0,9.0,Medium-Light,"La Democracia, Huehuetenango Department, Guatemala",$20.00/12 ounces,91.0
8.0,9.0,9.0,Medium-Light,"Todos Santos Cuchumatán, Huehuetenango Department, Guatemala",$20.00/12 ounces,92.0
8.0,8.0,9.0,Medium-Light,"San Juan Sacatepequez, Sacatepequez Department, Guatemala",$20.00/12 ounces,92.0
9.0,8.0,9.0,Medium-Light,"Antigua Department, Guatemala",$24.00/12 ounces,93.0
9.0,8.0,9.0,Medium-Light,"San Antonio La Paz, El Progreso Department, Guatemala",$24.00//12 ounces,93.0
9.0,8.0,9.0,Light,"Apaneca growing region, El Salvador",$23.00/12 ounces,93.0
9.0,8.0,9.0,Medium-Light,"Antigua Department, Guatemala",$24.00/12 ounces,93.0
9.0,9.0,9.0,Light,"Acatenango, Chimaltenango Department, Guatemala",$45.00/12 ounces,93.0
9.0,9.0,9.0,Light,"La Democracia, Huehuetenango Department, Guatemala",$24.00/12 ounces,94.0
9.0,9.0,9.0,Medium-Light,"Chalatenango growing region, El Salvador",$26.00/12 ounces,94.0
9.0,8.0,9.0,Light,"Mocoties Valley, Merida State Venezuela",$19.00/12 ounces,91.0
9.0,9.0,9.0,Light,"Huehuetenango, Guatemala",$15.00/8 ounces,93.0
9.0,8.0,9.0,Medium-Light,Colombia; Ethiopia,$24.00/12 ounces,93.0
9.0,9.0,9.0,Light,"Sidamo growing region, southern Ethiopia",NT $379/8 ounces,93.0
9.0,8.0,9.0,Medium-Light,Ethiopia; El Salvador,NT $319/8 ounces,93.0
9.0,9.0,9.0,Light,"Sidamo growing region, southern Ethiopia",NT $349/8 ounces,94.0
9.0,8.0,9.0,Medium-Light,"Nyeri growing region, south-central Kenya",NT $389/8 ounces,94.0
9.0,9.0,9.0,Medium-Light,"El Bálsamo Quetzaltepec, El Salvador",$24.00/8 ounces,94.0
8.0,9.0,9.0,Medium-Light,Ethiopia,$22.50/16 ounces,91.0
8.0,8.0,9.0,Medium-Light,Colombia,$14.00/12 ounces,91.0
8.0,8.0,9.0,Light,"Yirgacheffe growing region, south-central Ethiopia",$35.00/12 ounces,92.0
8.0,9.0,9.0,Medium-Light,"Nyamasheke, Western Province, Rwanda",$23.00/12 ounces,92.0
9.0,8.0,9.0,Light,"San Lorenzo, Caranavi Province, La Paz Department, Bolivia",$20.00/12 ounces,92.0
9.0,8.0,9.0,Light,"Bugisu Region, Uganda",$21.00/16 ounces,92.0
9.0,8.0,9.0,Medium-Light,"Mbeya, Tanzania",$14.00/12 ounces,93.0
9.0,8.0,9.0,Light,"Sidamo growing region, southern Ethiopia",NT $480/227 grams,93.0
9.0,9.0,9.0,Medium-Light,"Guji Zone, Oromia region, southern Ethiopia",NT $490/227 grams,93.0
9.0,9.0,9.0,Light,"Guji Zone, Oromia region, southern Ethiopia",$22.00/12 ounces,93.0
9.0,8.0,9.0,Light,"Los Santos, Tarrazú, Costa Rica",$21.25/16 ounces,93.0
9.0,9.0,9.0,Light,"Guji Zone, Oromia region, southern Ethiopia",NT $500/8 ounces,94.0
9.0,9.0,9.0,Medium-Light,"Ethiopia, Brazil",$18.45/12 ounces,94.0
9.0,8.0,9.0,Medium-Light,"Huila Department, Colombia",$20.00/8 ounces,93.0
,9.0,9.0,Light,"Tarrazu, Costa Rica",$20.00/8 ounces,93.0
9.0,9.0,9.0,Medium-Light,"Tarrazu, Costa Rica",$20.00/8 ounces,93.0
9.0,9.0,9.0,Light,"Tarrazu, Costa Rica",$20.00/8 ounces,94.0
9.0,9.0,9.0,Medium-Light,"Peñas Blancas Mountains, Acevedo, Colombia",$20.00/8 ounces,94.0
9.0,9.0,9.0,Medium-Light,"Huila Department, Colombia",$25.00/12 ounces,93.0
9.0,9.0,9.0,Light,"San José de Minas, Pichincha Province, Ecuador",$22.00/8 ounces,94.0
9.0,8.0,9.0,Light,"Embu County, Kenya",$22.00/12 ounces,94.0
9.0,8.0,9.0,Medium-Light,"Chiang Mai, Thailand",$20.50/12 ounces,91.0
8.0,9.0,9.0,Medium-Light,"Oaxaca, Mexico",$20.00/12 ounces,92.0
8.0,9.0,9.0,Medium-Light,"La Paz, Marcala growing region, Honduras",$18.00/12 ounces,93.0
9.0,9.0,9.0,Light,"Huehuetenango Department, Guatemala",$20.50/12 ounces,93.0
9.0,9.0,9.0,Medium-Light,"El Chalum, La Libertad, Huehuetenango Department, Guatemala",$19.00/12 ounces,93.0
8.0,9.0,9.0,Light,"Sidamo growing region, southern Ethiopia",$21.50/12 ounces,93.0
9.0,9.0,9.0,Light,"Kigumo growing region, Muranga County, Kenya",$19.00/12 ounces,95.0
9.0,8.0,9.0,Medium-Light,"Alishan, Taiwan",$168.00/125 grams,92.0
10.0,9.0,10.0,Light,"Boquete growing region, western Panama",$700/4 ounces,97.0
9.0,9.0,9.0,Light,"Caicedonia, Valle del Cauca Department, Colombia",$35.00/125 grams,95.0
9.0,9.0,10.0,Light,"Caicedonia, Valle del Cauca Department, Colombia",$35.00/125 grams,96.0
9.0,9.0,10.0,Light,"Hōlualoa, North Kona, Hawai’i Island",$100.00/4 ounces,96.0
9.0,9.0,10.0,Light,"Hōlualoa, North Kona, Hawai’i Island",$100.00/4 ounces,96.0
10.0,9.0,10.0,Light,"Boquete growing region, western Panama",$88.00/4 ounces,97.0
9.0,8.0,9.0,Medium-Light,"Holualoa, North Kona growing district, Hawai’i Island",$55.00/8 ounces,93.0
9.0,9.0,9.0,Light,"Bambito Mountains, Chiriqui, Panama",$55.00/8 ounces,94.0
9.0,9.0,9.0,Light,"Sidamo growing region, southern Ethiopia",$22.00/12 ounces,94.0
9.0,9.0,9.0,Light,"Piendamo, Cauca Department, Colombia",$29.00/50 grams,95.0
9.0,9.0,9.0,Medium-Light,"Lintongnihuta, northern Sumatra, Indonesia",$17.25/200 grams,93.0
9.0,9.0,9.0,Medium-Light,"Sotara, Cauca Department, Colombia",$38.00/12 ounces,93.0
9.0,8.0,9.0,Light,"Caranavi, Bolivia",$40.00/150 grams,93.0
9.0,8.0,9.0,Light,"Quindio Department, Colombia",$38.00/12 ounces,93.0
9.0,9.0,9.0,Medium-Light,"Guji Zone, Oromia Region, southern Ethiopia",NT $330/8 ounces,94.0
9.0,9.0,9.0,Medium-Light,"Huehuetenango, Guatemala",NT $260/8 ounces,94.0
9.0,9.0,9.0,Light,"Gedeb District, Gedeo Zone, southern Ethiopia",$27.00/12 ounces,94.0
9.0,9.0,9.0,Medium-Light,"Kiambu County, Kenya",$24.00/12 ounces,95.0
9.0,9.0,9.0,Medium-Light,"Kiambu County, south-central Kenya",NT $350/8 ounces,94.0
9.0,9.0,9.0,Light,"Alishan, Taiwan","NT $1,110/4 ounces",95.0
9.0,9.0,9.0,Light,"Sidamo growing region, southern Ethiopia",NT $480/8 ounces,95.0
9.0,9.0,9.0,Light,"Sidamo growing region, southern Ethiopia",NT $480/8 ounces,95.0
9.0,9.0,10.0,Light,"Piendamo, Cauca Department, Colombia",$29.00/8 ounces,96.0
9.0,9.0,10.0,Light,"Holualoa, North Kona growing district, “Big Island” of Hawai’i",$79.95/8 ounces,96.0
9.0,9.0,10.0,Medium-Light,"Ruiru, Kiambu County, south-central Kenya",NT $300/4 ounces,97.0
10.0,9.0,10.0,Medium-Light,"Holualoa, North Kona growing district, “Big Island” of Hawai’i",$99.95/8 ounces,98.0
9.0,8.0,9.0,Medium,"San Cristobal Verapaz, Alta Verapaz, Antigua Department, Guatemala",$47.00/12 ounces,93.0
9.0,9.0,9.0,Medium,"San Juan Sacatepéquez, Antigua Department, Guatemala",$25.00/12 ounces,96.0
9.0,9.0,10.0,Medium,"Nyeri growing region, south-central Kenya",NT $900/8 ounces,96.0
9.0,9.0,9.0,Medium,"Nyeri growing region, south-central Kenya",NT $950/8 ounces,96.0
9.0,8.0,9.0,Medium-Light,Taiwan,NT $1220/227 grams,92.0
8.0,9.0,9.0,Medium,"Mexico, Papua New Guinea",$18.00/12 ounces,92.0
9.0,,9.0,Medium-Light,"Guji Zone, Oromia region, southern Ethiopia",NT $399/227 grams,93.0
9.0,9.0,9.0,Medium-Light,Brazil; Guatemala; Ethiopia,$19.00/12 ounces,93.0
9.0,8.0,9.0,Light,"Nyeri growing region, south-central Kenya",NT $480/227 grams,94.0
9.0,9.0,9.0,Light,Ethiopia,NT $390/227 grams,94.0
9.0,9.0,9.0,Medium-Light,"Bench-Maji Zone, southern Ethiopia",NT 780/227 grams,94.0
9.0,9.0,9.0,Medium-Light,Guatemala; Ethiopia,$19.00/12 ounces,94.0
9.0,9.0,9.0,Medium-Light,"Yirgacheffe growing region, south-central Ethiopia",NT $450/227 grams,94.0
9.0,9.0,9.0,Light,"Cauca Department, Colombia",NT $600/227 grams,95.0
9.0,9.0,9.0,Medium-Light,"Yirgacheffe growing region, south-central Ethiopia",NT $600/227 grams,95.0
9.0,9.0,10.0,Light,"Sharqi, Haraaz, Yemen",$40.00/250 grams,96.0
8.0,8.0,9.0,Medium-Light,Colombia; Indonesia; Malaysia,RM 50/200 grams,92.0
9.0,8.0,9.0,Medium-Light,Ethiopia; Rwanda,RM 50/200 grams,93.0
9.0,9.0,9.0,Medium-Light,"Aceh, Sumatra, Indonesia",$20.00/12 ounces,94.0
9.0,8.0,9.0,Medium-Light,"Agaro, Oromia region, Ethiopia",$20.00/12 ounces,94.0
9.0,9.0,9.0,Light,"Haro Wachu, Uraga, Guji Zone, Oromia Region, Ethiopia",$22.00/12 ounces,95.0
8.0,9.0,9.0,Light,"Nyamasheke, Western Province, Rwanda",$35.00/12 ounces,91.0
9.0,9.0,9.0,Medium-Light,"Los Santos, Tarrazú, Costa Rica",$21.00/12 ounces,92.0
8.0,9.0,9.0,Medium-Light,Zambia; Ethiopia,$23.00/12 ounces,92.0
9.0,8.0,9.0,Medium-Light,"Sidamo growing region, southern Ethiopia",$19.00/12 ounces,94.0
8.0,9.0,9.0,Medium-Light,"Montecristo de Guerrero, Chiapas, Mexico",$18.00/12 ounces,92.0
8.0,9.0,9.0,Light,"Lalisa Birbir, Oromia Region, Ethiopia",$18.00/12 ounces,92.0
9.0,8.0,9.0,Medium-Light,"Agaro Gera, Jimma Zone, Oromia State, Ethiopia",$18.00/12 ounces,93.0
9.0,9.0,9.0,Light,"Antioquia Department, Colombia",$19.99/8 ounces,94.0
9.0,9.0,10.0,Light,Colombia,$19.99/8 ounces,96.0
9.0,8.0,9.0,Light,Colombia; Panama; Costa Rica,NT $340/8 ounces,93.0
9.0,9.0,9.0,Light,"Yirgacheffe growing region, south-central Ethiopia",NT $480/8 ounces,94.0
9.0,9.0,9.0,Light,"Guji Zone, southern Ethiopia",NT $550/225 grams,95.0
9.0,9.0,9.0,Light,"Tolima Department, Colombia",$47.25/12 ounces,95.0
9.0,9.0,9.0,Light,"Los Naranjos, Juayua, Sonsonate, El Salvador",$39.25/12 ounces,95.0
9.0,9.0,10.0,Light,"Boquete growing region, western Panama",$80.00/4 ounces,97.0
9.0,9.0,9.0,Medium-Light,"Llamatepec, Apaneca growing region, El Salvador",$16.00/12 ounces,94.0
9.0,9.0,9.0,Medium-Light,"Aceh Province, Sumatra, Indonesia",$23.00/12 ounces,94.0
9.0,9.0,9.0,Light,"Chericho, Sidamo growing region, Ethiopia",$24.00/12 ounces,95.0
10.0,9.0,9.0,Medium-Light,"Sidamo growing region, southern Ethiopia",$20.00/12 ounces,96.0
9.0,9.0,9.0,Medium-Light,"Ciudad Bolivar, Antioquia Department, Colombia",$22.00/8 ounces,95.0
9.0,9.0,9.0,Light,"Sidamo growing region, Ethiopia",$23.00/12 ounces,95.0
9.0,8.0,8.0,Light,"Huehuetenango Department, Guatemala",$30.50/8.8 ounces (as part of boxed set),91.0
9.0,8.0,9.0,Light,"Palencia, Guatemala Department, Guatemala",$22.50/12 ounces,91.0
9.0,8.0,9.0,Light,"Huehuetenango Department, Guatemala",$23.00/12 ounces,92.0
9.0,9.0,9.0,Light,"Rabinal Municipality, Baja Verapaz Department, Guatemala",$12.00/500 grams,93.0
9.0,9.0,9.0,Medium-Light,"Antigua Valley, Guatemala",$22.00/12 ounces,93.0
9.0,9.0,9.0,Light,"Huehuetenango Department, Guatemala",$19.99/8 ounces,93.0
9.0,8.0,8.0,Light,"Antigua valley, Guatemala",NT $350/100 grams,92.0
9.0,9.0,9.0,Medium-Light,"Acatenango growing region, Guatemala",$21.95/4 ounces,94.0
9.0,9.0,9.0,Light,"Huehuetenango Department, Guatemala",$23.67/4 ounces,94.0
9.0,9.0,9.0,Light,"Huehuetenango Department, Guatemala",NT $950/100 grams,95.0
9.0,8.0,9.0,Medium-Light,"Sacatepequez, Antigua, Guatemala",$19.00/12 ounces,93.0
9.0,9.0,9.0,Light,"Gedeo Zone, SNNPR, southern Ethiopia",NT $330/8 ounces,95.0
9.0,9.0,9.0,Medium-Light,"Kiambu growing region, south-central Kenya",NT $350/8 ounces,95.0
9.0,9.0,10.0,Medium,"Kiambu growing region, south-central Kenya",NT $290/8 ounces,96.0
9.0,9.0,10.0,Light,"Cañas Verdes, Boquete, Panama",NT $1200/20 grams,97.0
8.0,9.0,8.0,Medium-Light,South and Central America; Africa,$18.00/12 ounces,92.0
9.0,9.0,9.0,Light,"Yirgacheffe growing region, south-central Ethiopia",NT $349/8 ounces,93.0
9.0,8.0,9.0,Medium-Light,"Sidamo (also growing region, south-central Ethiopia",$22.99/12 ounces,92.0
9.0,9.0,9.0,Light,"Guji Zone, Oromia region, southern Ethiopia",NT $280/227 grams,93.0
9.0,8.0,9.0,Light,"Gimbo, Kaffa Province, Ethiopia",NT $350/227 grams,93.0
9.0,8.0,9.0,Light,"Tolima Department, Colombia",NT $399/8 ounces,93.0
9.0,9.0,9.0,Light,"Gedeb District, Gedeo Zone, Ethiopia",NT $449/8 ounces,94.0
9.0,8.0,9.0,Light,"Bench-Maji Zone, southern Ethiopia",NT $339/8 ounces,94.0
9.0,9.0,9.0,Light,"Nyeri growing region, south-central Kenya",NT $309/8 ounces,94.0
9.0,9.0,9.0,Light,"Huila Department, Colombia",$37.99/6 ounces,94.0
9.0,8.0,9.0,Light,"Nyeri growing region, south-central Kenya",NT $350/200 grams,93.0
9.0,8.0,9.0,Light,"Huye District, Southern Province, Rwanda",$22.00/12 ounces,93.0
9.0,8.0,8.0,Medium-Light,"Huehuetenango, Guatemala",$20.00/12 ounces,92.0
9.0,8.0,9.0,Medium-Light,"Ahuachapan, El Salvador",$21.00/12 ounces,93.0
9.0,9.0,9.0,Light,Not disclosed,$21.00/12 ounces,93.0
9.0,9.0,9.0,Medium-Light,"Mbeya, Tanzania",$24.00/8 ounces,95.0
9.0,9.0,10.0,Medium-Light,"Karatu, Oldeani Region, Tanzania",$24.00/8 ounces,96.0
9.0,8.0,9.0,Medium-Light,Ethiopia; Costa Rica,NT $380/8 ounces,93.0
9.0,9.0,9.0,Light,"Guji Zone, Oromia Region, southern Ethiopia",NT $480/8 ounces,95.0
8.0,9.0,9.0,Medium-Light,Colombia; Ethiopia,$16.50/200 grams,92.0
9.0,8.0,9.0,Medium-Light,"Gichugu Division, Kirinyaga County, central Kenya",$19.00/12 ounces,93.0
9.0,8.0,9.0,Light,"Kiambu County, Kenya",$21.00/12 ounces,93.0
9.0,9.0,9.0,Light,"Bench-Maji Zone, Southern Ethiopia",NT $380/200 grams,94.0
9.0,8.0,9.0,Light,"Guji Zone, Oromia region, southern Ethiopia",NT $600/227 grams,94.0
9.0,9.0,9.0,Light,"Sidamo growing region, southern Ethiopia",NT $350/200 grams,94.0
9.0,9.0,9.0,Light,"Huila Department, Colombia",$15.00/12 ounces,94.0
9.0,9.0,9.0,Light,"Yirgacheffe growing region, south-central Ethiopia",$21.00/12 ounces,94.0
9.0,8.0,9.0,Light,"Odo Shakiso District, Guji Zone, southern Ethiopia",$19.50/12 ounces,93.0
9.0,8.0,9.0,Light,Kenya; Colombia,NT $350/200 grams,92.0
9.0,8.0,9.0,Light,"Arbegona Woreda, Bursa Kebele, Sidamo Region, Ethiopia",NT $350/200 grams,93.0
9.0,9.0,9.0,Medium-Light,Java; Burundi; Ethiopia,$26.00/12 ounces,93.0
8.0,9.0,9.0,Medium-Light,"Minas Gerais, Brazil",$14.99/12 ounces,92.0
9.0,8.0,9.0,Light,"Odo Shakiso District, Guji Zone, southern Ethiopia",$23.00/12 ounces,92.0
9.0,9.0,8.0,Medium-Light,"Northern Provence, Rulindo District, Rwanda",$22.99/12 ounces,92.0
9.0,8.0,9.0,Light,"Yirgacheffe growing region, south-central Ethiopia",NT $480/227 grams,93.0
9.0,9.0,9.0,Medium-Light,"Sidamo, Ethiopia",NT $500/227 grams,93.0
9.0,9.0,9.0,Light,"Ciudad Bolivar, Antioquia, Colombia.",$22.00/8 ounces,93.0
9.0,8.0,9.0,Light,"Guji Zone, Oromia Region, southern Ethiopia",$22.00/12 ounces,93.0
9.0,9.0,9.0,Light,"Sabanilla de Alajuela, Central Valley, Costa Rica",$28.00/12 ounces,95.0
9.0,9.0,9.0,Light,"Boquete growing region, western Panama",$90.00/4 ounces,96.0
9.0,8.0,9.0,Medium-Light,"Puno, Peru",$20.00/8 ounces,93.0
9.0,9.0,9.0,Light,"Pitalito, Huila Department, Colombia",$20.00/12 ounces,94.0
8.0,9.0,8.0,Light,"Marcala growing region, Honduras",$18.00/12 ounces,91.0
9.0,9.0,9.0,Light,"Piendamó, Cauca Department, Colombia",$31.00/125 grams,95.0
9.0,9.0,10.0,Light,"Piendamó, Cauca Department, Colombia",$31.00/125 grams,96.0
8.0,9.0,8.0,Medium-Light,"Medellin, Colombia",$25.00/ 1 kg.,92.0
9.0,8.0,9.0,Light,"Monte Verde, Santa Ana Department, central El Salvador",$16.00/12 ounces,93.0
8.0,8.0,9.0,Medium-Dark,Kenya; Guatemala; Ethiopia,NT $380/7 ounces,91.0
9.0,8.0,9.0,Light,"Piendamó, Cauca Department, Colombia",$31.00/250 grams,94.0
9.0,9.0,9.0,Light,"Piendamó, Cauca Department, Colombia",$31.00/250 grams,94.0
9.0,9.0,9.0,Medium-Light,"Ayarza, Santa Rosa Department, Guatemala",$26.00/10 ounces,93.0
9.0,8.0,8.0,Medium-Light,Ethiopia; Kenya; Brazil,NT $250/8 ounces,91.0
9.0,9.0,9.0,Medium-Light,"Yirgacheffe growing region, south-central Ethiopia",NT $280/8 ounces,93.0
6.0,6.0,6.0,Dark,Honduras,$29.99/32 ounces,78.0
6.0,6.0,6.0,Very Dark,Not disclosed,$16.00/12 ounces,79.0
7.0,6.0,7.0,Medium-Dark,Colombia; Brazil,$14.99/10 ounces,83.0
8.0,7.0,8.0,Medium,Peru; Nicaragua,$14.40/12 ounces,87.0
8.0,8.0,8.0,Medium,Brazil; Colombia,$12.99/12 ounces,88.0
8.0,8.0,8.0,Medium-Dark,Central America; South America,$17.00/12 ounces,90.0
9.0,9.0,9.0,Medium-Light,"Nyeri growing region, south-central Kenya",$23.00/12 ounces,94.0
9.0,9.0,9.0,Light,"Lonya Grande, Utcubamba Province, Peru",NT $410/8 ounces,94.0
9.0,9.0,9.0,Light,"Lonya Grande, Utcubamba Province, Peru",NT $450/8 ounces,95.0
9.0,9.0,10.0,Medium-Light,"Sidamo growing region, southern Ethiopia",NT $350/8 ounces,96.0
9.0,9.0,9.0,Light,"Sabanilla de Alajuela, Central Valley, Costa Rica",$28.00/8 ounces,93.0
8.0,8.0,9.0,Medium-Light,"Sandy Bay Valley, St. Helena",£65.00/125 grams,91.0
8.0,8.0,9.0,Medium-Light,"Huila Department, Colombia",NT $349/8 ounces,90.0
8.0,8.0,9.0,Medium-Light,"Ali Mountain, Koana, Taiwan","NT $1,300/225 grams",91.0
8.0,8.0,9.0,Medium-Light,Colombia; Guatemala; El Salvador,NT $380/8 ounces,92.0
9.0,8.0,9.0,Light,"Yirgacheffe growing region, south-central Ethiopia",NT $280/8 ounces,93.0
9.0,9.0,9.0,Medium-Light,"Baoshan, Yunnan Province, China",RMB 399/100 grams,93.0
9.0,9.0,9.0,Medium-Light,"Guji Zone, Oromia Region, southern Ethiopia",NT $599/8 ounces,94.0
9.0,9.0,9.0,Light,"Yirgacheffe growing region, south-central Ethiopia",NT $560/220 grams,94.0
9.0,9.0,9.0,Light,"Djimma Limu, Oromia Region, southern Ethiopia",NT $359/8 ounces,95.0
10.0,9.0,10.0,Light,"Bench-Maji Zone, Southern Ethiopia",NT $799/100 grams,96.0
8.0,9.0,9.0,Medium-Light,"Cusco, Peru",$17.00/12 ounces,92.0
9.0,8.0,9.0,Light,"Urrao, Antioquia Colombia",$42.00/8 ounces,93.0
9.0,9.0,9.0,Medium-Light,"Chinchina, Caldas Department, Colombia",$20.95/12 ounces,94.0
9.0,9.0,10.0,Light,"Huila Department, Colombia",$37.00/8 ounces,96.0
9.0,9.0,9.0,,"Southern Minas Gerais, Brazil",NT $200/150 ml bottle,94.0
9.0,9.0,9.0,Light,"Meishan, Chia-Yi, Taiwan",NT $400/4 ounces,94.0
9.0,9.0,9.0,Light,"Bench Maji Zone, southern Ethiopia",NT $300/8 ounces,94.0
9.0,9.0,9.0,Medium-Light,"Sidamo growing region, southern Ethiopia",NT $280/8 ounces,95.0
9.0,9.0,9.0,Medium-Light,"Pahala, Hawaii",$37.00/7 ounces,94.0
9.0,9.0,9.0,Medium-Light,"San Marcos, Tarrazú growing region, Costa Rica",$24.00/12 ounces,94.0
9.0,8.0,9.0,Medium-Light,"Akanduga Village, Gakenke District, Rwanda",$21.00/12 ounces,92.0
9.0,9.0,9.0,Light,"Piendamó, Cauca Department, Colombia",$25.00/8 ounces,95.0
9.0,8.0,9.0,Light,"Huila Department, Colombia",$23.00/150 grams,93.0
8.0,8.0,9.0,Medium,Colombia,$18.00/16 ounces,90.0
8.0,8.0,9.0,Light,"Northern Province, Zambia",$18.50/16 ounces,91.0
9.0,9.0,9.0,Light,"Caldas, Colombia",NT $750/227 grams,94.0
9.0,9.0,9.0,Light,"Guji Zone, Oromia Region, southern Ethiopia",NT $750/227 grams,94.0
9.0,9.0,9.0,Light,"Pangalengan, Bandung, West Java, Indonesia",$24.00/12 ounces,93.0
9.0,9.0,9.0,Light,"Sidamo growing region, southern Ethiopia",NT $319/12 ounces,94.0
9.0,9.0,9.0,Light,"Cundinamarca Department, central Colombia",$28.99/8 ounces,94.0
8.0,9.0,9.0,Medium,Not disclosed,$18.00/12 ounces,91.0
8.0,9.0,8.0,Medium,Not disclosed,$18.00/12 ounces,92.0
9.0,9.0,9.0,Light,"Armenia, Quindio Department, Colombia",$42.00/8 ounces,94.0
9.0,9.0,9.0,Medium-Light,"Bababudangiri, Karnataka, Western Ghats, India",$30.00/12 ounces,93.0
9.0,9.0,9.0,Medium-Light,"Caicendonia, Valle Del Cauca, Colombia",$40.00/8 ounces,94.0
9.0,9.0,9.0,Light,"Huila Department, Colombia",$30.00/12 ounces,94.0
9.0,9.0,9.0,Light,"Caicendonia, Valle Del Cauca, Colombia",$25.00/8 ounces,95.0
9.0,8.0,9.0,Light,"Gedeb District, Gedeo Zone, southern Ethiopia",NT $350/227 grams,93.0
9.0,8.0,9.0,Medium-Light,Kenya; Ethiopia,NT $350/200 grams,93.0
9.0,9.0,9.0,Medium-Light,"Karatu, Oldeani growing region, Tanzania",NT $399/100 grams,94.0
9.0,9.0,9.0,Medium-Light,"Chelba Station , Yirgacheffe, Gedeo Zone, SNNPR,Ethiopia",NT $350/200 grams,94.0
8.0,8.0,8.0,Medium-Dark,"Sierra Madre, Chiapas State, Mexico",$9.25/150 grams,90.0
8.0,9.0,9.0,Medium,Colombia; Indonesia,$11.00/150 grams,91.0
9.0,8.0,9.0,Medium-Light,Ethiopia,NT $480/227 grams,93.0
9.0,9.0,9.0,Medium-Light,"Aceh Province, Sumatra, Indonesia",$23.00/12 ounces,93.0
9.0,8.0,9.0,Light,"Mbeya, Tanzania",$18.00/12 ounces,93.0
9.0,9.0,9.0,Light,"Aceh Province, Sumatra, Indonesia",$23.00/12 ounces,94.0
9.0,9.0,9.0,Light,"Piendamó, Cauca Department, Colombia",$26.00/8 ounces,95.0
9.0,9.0,9.0,Medium-Light,"Kayanza, Burundi",$19.00/16 ounces,93.0
9.0,9.0,9.0,Medium-Light,"Antigua valley, Sacatepequez Department, Guatemala",$20.00/12 ounces,94.0
9.0,9.0,9.0,Light,"Guji Zone, Oromia Region, southern Ethiopia",NT $600/227 grams,93.0
8.0,9.0,9.0,Medium-Light,Kenya; Brazil; Mexico; Indonesia,NT $450/225 grams,93.0
9.0,9.0,9.0,Light,"Guji Zone, Oromia Region, southern Ethiopia",NT $500/227 grams,93.0
9.0,9.0,9.0,Medium-Light,"Sidamo growing region, southern Ethiopia",NT $520/227 grams,93.0
9.0,9.0,9.0,Light,"Guji Zone, Oromia Region, southern Ethiopia",NT $600/227 grams,94.0
9.0,9.0,9.0,Light,"Sidamo growing region, southern Ethiopia",NT $500/227 grams,94.0
8.0,8.0,8.0,Medium-Dark,Brazil; Ethiopia; Honduras,NT $269/16 ounces,90.0
8.0,9.0,8.0,Medium,Colombia; Brazil; Nicaragua; Mexico,NT $319/16 ounces,91.0
9.0,8.0,9.0,Light,"Guji Zone, Oromia Region, southern Ethiopia",NT $319/8 ounces,93.0
8.0,8.0,9.0,Medium-Light,"Ethiopia, Kenya, Brazil",NT 250/8 ounces,91.0
9.0,8.0,9.0,Medium-Light,"Ethiopia, Guatemala, Colombia",NT 650/455 grams,93.0
9.0,9.0,9.0,Light,Ethiopia,NT 700/455 grams,94.0
9.0,9.0,9.0,Light,"Remera Sector, Gatsibo District, Eastern Province, Rwanda",$27.75/ 12 ounces,94.0
9.0,8.0,9.0,Medium-Light,"Doi Pangkhon, Chiang Rai, Thailand",$27.00/12 ounces,93.0
9.0,9.0,9.0,Light,"Quindio Department, Colombia",$42.00/10 ounces,95.0
9.0,9.0,9.0,Light,"Quindio Department, Colombia",$33.92/10 ounces (sold as a set of 3/$101.75,93.0
9.0,9.0,9.0,Light,"Quindio Department, Colombia",$33.92/10 ounces (sold as a set of 3/$101.75,94.0
9.0,9.0,9.0,Light,"Quindio Department, Colombia",$33.92/10 ounces (sold as a set of 3/$101.75,94.0
9.0,9.0,9.0,Light,"Saraguro, Loja, Ecuador",NT 649/8 ounces,93.0
9.0,9.0,9.0,Light,Oromia Region; Guji Zone,NT 279/8 ounces,94.0
8.0,9.0,9.0,Light,"Palestina, Huila Department, Colombia",NT 609/8 ounces,94.0
9.0,9.0,9.0,Light,"Yirgacheffe growing region, south-central Ethiopia",NT 319/8 ounces,95.0
9.0,9.0,9.0,Light,"Sidama growing region, southern Ethiopia",NT 325/8 ounces,95.0
9.0,9.0,9.0,Light,"Acatenango, Chimaltenango, Guatemala",NT 300/4 ounces,94.0
9.0,9.0,9.0,Medium-Light,"Ethiopia, Guatemala",NT 260/8 ounces,94.0
9.0,9.0,10.0,Light,"Bensa, Guji Zone, Oromia Region, southern Ethiopia",$27.50/6 ounces,96.0
9.0,8.0,9.0,Light,"West Valley, Costa Rica",$33.00/12 ounces,93.0
9.0,9.0,9.0,Light,"Acevedo, Huila Department, Colombia",$31.50/12 ounces,93.0
9.0,9.0,9.0,Light,"West Valley, Costa Rica",$20.50/12 ounces,93.0
9.0,9.0,9.0,Light,"West Valley, Costa Rica",$28.00/12 ounces,94.0
9.0,9.0,9.0,Medium-Light,"Ciudad Bolivar, Antioquia, Colombia",$33.75/12 ounces,94.0
9.0,9.0,9.0,Light,"Ciudad Bolivar, Antioquia, Colombia",$30/ 12 ounces,94.0
,8.0,8.0,,Central America,$3.99/8-ounce can,90.0
,8.0,8.0,,Not Disclosed,$49.95/12 12-ounce cans,91.0
,8.0,8.0,,"Colombia, Nicaragua, Honduras, Indonesia",$4.50/12-ounce can,91.0
,8.0,9.0,,"Peru, Mexico, Nicaragua",$13.33/32 ounce-carton,92.0
,8.0,9.0,,"Apaneca growing region, El Salvador",$29.96/6-pack of 12-ounces cans,92.0
,9.0,9.0,,Latin America,$85.72/case of 24 12-ounce cans (local delivery only),93.0
,8.0,9.0,,"Yirgacheffe growing region, south-central Ethiopia",$4.79/8 ounce can,93.0
,9.0,9.0,,"Piendamó, Cauca Department, Colombia",NT 240/150 ml bottle,94.0
,8.0,9.0,,Costa Rica,NT 200/150 ml bottle,94.0
9.0,9.0,9.0,Light,"Antioquia, Colombia",$25.00/12 ounces,94.0
9.0,9.0,9.0,Light,"Huila Department, Colombia",$15.00/12 ounces,95.0
8.0,8.0,9.0,Medium-Light,"Nariño Department, Colombia",$18.00/12 ounces,92.0
9.0,8.0,9.0,Light,"Guji Zone, Oromia Region, southern Ethiopia",$25.00/12 ounces,93.0
9.0,9.0,9.0,Light,"Kayanza, Burundi",$20.00/12 ounces,93.0
9.0,9.0,9.0,Light,"Northern Provence, Rulindo District, Rwanda",$22.00/12 ounces,93.0
9.0,8.0,9.0,Medium-Light,"Gakenke District, Rwanda",$30.00/12 ounces,93.0
9.0,9.0,9.0,Light,"Piendamó, Cauca Department, Colombia",$51.00/8 ounces,94.0
8.0,9.0,9.0,Medium,Costa Rica; Guatemala; Brazil,$16.00/12 ounces,91.0
8.0,8.0,9.0,Medium,Brazil; Colombia; Guatemala,$16.00/12 ounces,92.0
9.0,9.0,9.0,Light,"Cundinamarca Department, central Colombia",$24.00/8 ounces,94.0
9.0,9.0,9.0,Light,"Huila Department, Colombia",NT $900/8 ounces,94.0
9.0,9.0,9.0,Light,"Cauca Department, Colombia",$60.00/250 grams,95.0
9.0,9.0,9.0,Medium-Light,"Gakenke District, Rwanda",$26.00/12 ounces,94.0
9.0,9.0,9.0,Medium-Light,"Argopuro Mountain, Java, Indonesia",$27.00/12 ounces,94.0
8.0,9.0,9.0,Medium-Light,South America,$20.25/12 ounces,92.0
9.0,9.0,9.0,Light,"Odo Shakiso District, Guji Zone, southern Ethiopia",$24.00/12 ounces,95.0
9.0,9.0,9.0,Medium-Light,"Holualoa, North Kona growing district, “Big Island” of Hawai’i",$54.95/8 ounces,95.0
9.0,9.0,9.0,Medium-Light,"Western Province, Rwanda",$21.00/12 ounces,93.0
9.0,9.0,9.0,Light,"Huila Department, Colombia",$23.00/12 ounces,93.0
8.0,8.0,9.0,Medium-Dark,Honduras; Nicaraua; Thailand,$19.00/12 ounces,92.0
9.0,10.0,9.0,Light,"Holualoa, North Kona District, “Big Island” of Hawaiʻi",$100.00/4 ounces,96.0
9.0,9.0,10.0,Light,"Cundinamarca Department, Colombia",$40.00/4 ounces,96.0
8.0,8.0,8.0,Medium-Light,"Peru, Guatemala, Sumatra",$16.00/12 ounces,90.0
9.0,8.0,9.0,Medium-Light,"Nyamasheke, Western Province, Rwanda",$16.00/12 ounces,91.0
8.0,8.0,9.0,Medium,Not discolosed,$20.59/12 ounces,90.0
8.0,8.0,8.0,Medium-Light,"Huehuetenango, Guatemala",$16.00/12 ounces,90.0
8.0,8.0,9.0,Medium-Light,"Sidamo growing region, south-central Ethiopia",$23.25/12 ounces,91.0
9.0,9.0,9.0,Medium-Light,"Costa Rica, Colombia",NT $500/200 grams,93.0
8.0,9.0,9.0,Light,"Guji Zone, Oromia region, southern Ethiopia",NT $330/227 grams,91.0
9.0,9.0,9.0,Light,"Tobosi, Cartago Province, Costa Rica",NT $360/200 grams,93.0
9.0,9.0,9.0,Light,"Piendamó, Cauca Department, Colombia",NT $600/200 grams,95.0
9.0,8.0,9.0,Medium-Light,"Bungoma County, Kenya",$12.95/12 ounces,93.0
9.0,9.0,9.0,Light,"Guji Zone, Oromia Region, southern Ethiopia",NT $280/8 ounces,95.0
9.0,9.0,9.0,Light,"Riripa Village, West Arsi, Sidamo growing region, Ethiopia",$20.00/12 ounces,95.0
8.0,8.0,9.0,Medium-Light,Ethiopia,$20.00/12 ounces,91.0
9.0,9.0,9.0,Medium-Light,"Rodriguez de Mendoza, Amazonas, Peru",$19.00/12 ounces,93.0
8.0,8.0,9.0,Medium-Light,Not disclosed,$19.00/12 ounces,92.0
9.0,8.0,9.0,Medium-Light,Guatemala; Colombia,$18.00/12 ounces,93.0
9.0,9.0,9.0,Light,"Bombe mountains, Sidamo Region, southern Ethiopia",NT $390/200 grams,94.0
9.0,9.0,9.0,Medium,Ethiopia; Kenya; Colombia; Costa Rica,NT $650/227 grams,94.0
9.0,9.0,9.0,Light,"Huila Department, Colombia",$40.00/150 grams,95.0
8.0,8.0,8.0,Medium-Light,"Chiang Mai growing region, northern Thailand",$25.00/12 ounces,90.0
9.0,8.0,9.0,Medium-Light,Colombia; Kenya; Brazil,$17.00/12 ounces,92.0
9.0,8.0,9.0,Medium-Light,"Kiambu County, Kenya",$24.00/12 ounces,93.0
9.0,8.0,9.0,Medium-Light,Brazil; Guatemala; Ethiopia,$19..75/12 ounces,93.0
9.0,9.0,9.0,Medium-Light,Guatemala; Ethiopia,NT $349/8 ounces,93.0
9.0,9.0,9.0,Light,"Tolima, Colombia",NT $489/8 ounces,93.0
9.0,8.0,9.0,Medium-Light,Brazil; Costa Rica; Ethiopia,$15.00/12 ounces,93.0
8.0,8.0,9.0,Medium-Light,Ethiopia; Kenya; Brazil,NT $300/8 ounces,92.0
9.0,8.0,9.0,Light,Kenya,NT $220/8 ounces,92.0
9.0,9.0,9.0,Medium-Light,"Huehuetenango, Guatemala",$19.00/12 ounces,94.0
9.0,9.0,9.0,Light,"San Antonio Palopo, Guatemala",$19.00/12 ounces,93.0
9.0,9.0,9.0,Light,"Huila Department, Colombia",$19.00/12 ounces,94.0
8.0,8.0,8.0,Light,"Antigua, Guatemala",NT $350/8 ounces,90.0
8.0,8.0,9.0,Medium-Light,"La Unión, Nariño Department, Colombia",NT $350/8 ounces,92.0
9.0,9.0,9.0,Light,"Kiawamururu, Nyeri growing region, south-central Kenya",NT $299/8 ounces,93.0
9.0,8.0,9.0,Medium-Light,"Nyeri growing region, south-central Kenya",NT $430/8 ounces,93.0
9.0,9.0,9.0,Light,"Nyeri growing region, south-central Kenya",NT $400/8 ounces,94.0
9.0,9.0,9.0,Light,"Guji Zone, Oromia Region, southern Ethiopia",NT $500/227 grams,93.0
9.0,9.0,8.0,Light,"Guji Zone, Oromia Region, southern Ethiopia",NT $550/227 grams,93.0
9.0,9.0,9.0,Light,"Acatenango, Chimaltenango, Guatemala",NT $290/8 ounces,93.0
9.0,8.0,9.0,Medium-Light,"Nyamasheke District, Western Province, Rwanda",$19.00/12 ounces,93.0
9.0,8.0,9.0,Medium-Light,"Nyamasheke District, Western Province, Rwanda",$19.00/12 ounces,93.0
9.0,9.0,9.0,Light,"South Kona, Big Island of Hawai’i",$60.00/4 ounces,95.0
9.0,9.0,9.0,Light,"Urrao Region, Medellin, Antioquia, Colombia",$30.00/250 grams,95.0
9.0,8.0,9.0,Medium,Costa Rica; El Salvador; Ethiopia,$18.00/12 ounces,93.0
9.0,8.0,9.0,Light,"Apaneca Illamatepec growing region, Juayúa, El Salvador",$18.00/12 ounces,93.0
9.0,9.0,9.0,Medium-Light,"Sidamo growing region, south-central Ethiopia",$29.00/12 ounces,94.0
9.0,9.0,9.0,Light,"Armenia, Quindio Department, Colombia",$32.00/12 ounces,95.0
9.0,9.0,9.0,Medium,"Dame Debaye washing station, Guji growing region, south-central Ethiopia",$22.00/12 ounces,94.0
9.0,9.0,9.0,Light,"Cauca Department, Colombia",$30.00/12 ounces,94.0
9.0,9.0,9.0,Medium,"Cyinzuzi Sector, Rulindo District, Northern Province, Rwanda",NT $550/225 grams,94.0
10.0,8.0,9.0,Light,"Quindio Department, Colombia",$40.00/12 ounces,94.0
9.0,9.0,9.0,Medium-Light,"Huila Department, Colombia",NT $800/227 grams,94.0
9.0,9.0,9.0,Light,"El Bálsamo Quetzaltepec growing region, El Salvador",$20.00/12 ounces,94.0
9.0,9.0,9.0,Medium-Light,"Holualoa, North Kona growing district, “Big Island” of Hawai’i",$69.95/8 ounces,94.0
9.0,9.0,9.0,Medium,"Huila Department, Colombia",$10.00/4 ounces,94.0
9.0,9.0,9.0,Light,"Bensa District, Sidamo growing region, Ethiopia",NT $650/230 grams,94.0
9.0,9.0,9.0,Light,"Bench Maji Zone, southern Ethiopia",NT $900/227 grams,94.0
9.0,8.0,9.0,Light,"Sidamo growing region, south-central Ethiopia",NT $350/200 grams,93.0
9.0,9.0,9.0,Light,"Rift Valley Province, Kenya",NT $350/200 grams,94.0
9.0,9.0,9.0,Light,"Piendamó, Cauca Department, Colombia",NT $750/200 grams,95.0
9.0,8.0,9.0,Medium-Light,Colombia; Ethiopia; Honduras,$23.00/12 ounces,92.0
9.0,8.0,9.0,Light,"Palestina, Huila Department, Colombia",NT $700/225 grams,93.0
8.0,8.0,8.0,Medium-Light,Kenya; India; Guatemala,NT $550/8 ounces,91.0
8.0,9.0,9.0,Medium-Light,Kenya; Guatemala; Brazil; Nicaragua; Honduras; Indonesia,NT $250/227 grams,92.0
9.0,9.0,9.0,Medium-Light,"Aceh Province, Sumatra, Indonesia",$23.00/12 ounces,95.0
8.0,9.0,8.0,Medium-Light,Colombia; Brazil; Guatemala; Ethiopia,NT $360/8 ounces,92.0
9.0,8.0,9.0,Medium-Light,"Chimaltenango, Guatemala",$18.95/12 ounces,93.0
9.0,8.0,9.0,Medium-Light,"Kiambu County, Kenya",$19.95/12 ounces,93.0
9.0,9.0,9.0,Light,"Piendamo, Cauca, Colombia",NT $450/4 ounces,94.0
9.0,8.0,9.0,Medium-Light,"Nyeri growing region, south-central Kenya",NT $290/8 ounces,94.0
9.0,9.0,9.0,Light,"Piendamo, Cauca, Colombia",NT $450/4 ounces,95.0
9.0,8.0,8.0,Medium-Light,"Kona and Kaʻū, Big Island of Hawai’i",$19.00/4 ounces,93.0
9.0,8.0,9.0,Medium-Light,"Caldas, Colombia",$26.50/12 ounces,93.0
9.0,9.0,9.0,Medium-Light,"Brunca Region, Costa Rica",NT 390/200 grams,93.0
8.0,9.0,9.0,Medium-Light,"Buesaco, Nariño District, Colombia",$18.00/12 ounces,93.0
9.0,8.0,9.0,Light,"Piendamo, Cauca Department, Colombia",$38.00/8 ounces,93.0
9.0,9.0,9.0,Medium-Light,"Nyeri County, Kenya",$22.00/12 ounces,94.0
9.0,9.0,9.0,Medium,"Embu County, Kenya",NT 550/200 grams,95.0
9.0,9.0,9.0,Medium-Light,"Sabanilla de Alajuela growing region, Costa Rica",$18.95/12 ounces,95.0
9.0,9.0,9.0,Light,"Huehuetenango, Guatemala",$21.34/12ounces,94.0
9.0,8.0,9.0,Medium-Light,Guatemala; Ethiopia; Colombia,NT $210/8 ounces,93.0
9.0,9.0,9.0,Light,"Guji Zone, Oromia Region, southern Ethiopia",NT $340/8 ounces,94.0
9.0,9.0,9.0,Medium-Light,Guatemala; Honduras; Colombia,NT $225/8 ounces,94.0
8.0,9.0,9.0,Medium,Brazil; Southeast Asia,$18.00/12 ounces,92.0
9.0,9.0,9.0,Medium-Light,"Agaro Gera, Jimma Zone, Oromia State, Ethiopia",$26.00/12 ounces,94.0
9.0,8.0,9.0,Medium-Light,"Kintamani Highlands, Bali, Indonesia",$22.00/12 ounces,91.0
9.0,8.0,9.0,Light,"Cauca Department, Colombia",NT $480/227 grams,93.0
9.0,9.0,9.0,Light,"Yirgacheffe growing region, southern Ethiopia",NT $500/8 ounces,93.0
9.0,9.0,9.0,Light,"Kiamworia, Kiambu County, Kenya",$21.00/12 ounces,94.0
9.0,9.0,9.0,Medium-Light,"Guji Zone, Oromia Region, southern Ethiopia",NT 380/200 grams,94.0
9.0,9.0,9.0,Medium-Light,"Peñas Blancas Mountains, Acevedo, Colombia",$30.00/12 ounces,95.0
9.0,9.0,9.0,Light,"South Kona growing region, Big Island of Hawai’i",$60.00/4 ounces,95.0
9.0,9.0,9.0,Light,"Tarrazu, Costa Rica",$35.00/12 ounces,94.0
9.0,9.0,9.0,Light,"Nebilyer Valley, Western Highlands, Papua New Guinea",$19.00/12 ounces,93.0
9.0,9.0,9.0,Light,"Kabare, South Kivu, Democratic Republic of the Congo",$19.00/12 ounces,93.0
9.0,9.0,9.0,Medium-Light,"Pegasing, Takengon, Aceh Province, Sumatra, Indonesia",$22.00/12 ounces,94.0
9.0,9.0,9.0,Light,"Hoja Blanca, Huehuetenango, Guatemala",$24.00/12 ounces,94.0
8.0,8.0,8.0,Light,"Nyeri growing region, south-central Kenya",NT 350/227 grams,90.0
8.0,8.0,8.0,Medium-Light,"Trifinio growing region, El Salvador",$13.99/12 ounces,90.0
8.0,8.0,8.0,Medium-Light,Colombia; Brazil; Nicaragua; Mexico,NT 169/8 ounces,91.0
8.0,8.0,9.0,Medium,Ethiopia; Colombia; Brazil,NT 159/8 ounces,91.0
9.0,8.0,8.0,Medium-Light,Guatemala; Colombia; Brazil,NT 159/8 ounces,92.0
9.0,8.0,9.0,Medium-Light,"Cajamarca, Peru",NT 400/8 ounces,93.0
9.0,9.0,9.0,Light,"Wenago district, Gedeo Zone, SNNPR, Ethiopia",$24.00/12 ounces,94.0
9.0,9.0,9.0,Light,"Vereda El Hoga, Risaralda, Colombia",$32.00/12 ounces,95.0
9.0,9.0,9.0,Medium-Light,"Ka‘ū growing region, “Big Island” of Hawai’i",$29.00/4 ounces,95.0
9.0,9.0,10.0,Light,"Boquete, Panama",$250/4 ounces,96.0
10.0,9.0,10.0,Light,"Holualoa, North Kona growing district, “Big Island” of Hawai’i",$69.95/8 ounces,97.0
8.0,9.0,9.0,Medium,Colombia; Costa Rica,$18.00/16 ounces,91.0
8.0,8.0,8.0,Medium,Not disclosed,$18.00/12 ounces,90.0
8.0,8.0,8.0,Medium-Light,Colombia,$18.00/16 ounces,91.0
8.0,8.0,9.0,Medium,Brazil; Guatemala,$17.00/12 ounces,91.0
,9.0,9.0,Light,Colombia; Costa Rica; Honduras; Sumatra,$18.00/16 ounces,92.0
9.0,8.0,9.0,Light,"Marcala, Honduras",$18.50/16 ounces,92.0
8.0,9.0,8.0,Medium,Colombia; Costa Rica; Honduras,$18.00/16 ounces,92.0
9.0,8.0,9.0,Medium-Light,Not disclosed,$18.00/12 ounces,92.0
9.0,9.0,9.0,Light,"Pantan Musara, Pegasing, Sumatra, Indonesia",$20.00/16 ounces,93.0
9.0,8.0,9.0,Light,"San Jose, Costa Rica",$18.50/16 ounces,93.0
9.0,8.0,9.0,Medium-Light,"Nyeri growing region, south-central Kenya",$18.00/12 ounces,93.0
9.0,9.0,9.0,Light,"Holualoa, Kona, Big Island of Hawai’i",$59.00/10 ounces,95.0
9.0,8.0,9.0,Light,"Sama, Ana Sora District, Oromia Region, Ethiopia",$23.50/12 ounces,93.0
9.0,9.0,9.0,Light,"Sidamo growing region, southern Ethiopia",$23.00/12 ounces,95.0
9.0,8.0,9.0,Medium-Light,"Yirgacheffe growing region, south-central Ethiopia",$16.99/12 ounces,92.0
9.0,8.0,9.0,Medium-Light,"Alto Huguerón, Pitalito, Huila, Colombia",$23.00/12 ounces,92.0
8.0,8.0,9.0,Light,"Nariño Department, Colombia",$18.00/12 ounces,92.0
9.0,9.0,9.0,Light,"Kalehe, South Kivu growing region, Democratic Republic of Congo",$19.00/12 ounces,93.0
9.0,8.0,8.0,Medium,Guatemala; Colombia; Ethiopia,$40.00/8 ounces,94.0
9.0,9.0,9.0,Light,Ethiopia,NT 600/227 grams,92.0
9.0,9.0,9.0,Medium-Light,"Manizales, Caldas, Colombia",$10.00/4 ounces (sold only as a two-pack),94.0
9.0,9.0,9.0,Light,"Manizales, Caldas, Colombia",$10.00/4 ounces (sold only as a two-pack),95.0
9.0,8.0,9.0,Medium-Light,“Big Island” of Hawai’i; Maui; O’ahu,$37.75/12 ounces,92.0
9.0,8.0,9.0,Medium-Light,Honduras; Maui,$15.00/8 ounces,92.0
9.0,8.0,9.0,Medium-Light,"Kona growing district, “Big Island” of Hawai’i",$58.00/16 ounces,92.0
9.0,9.0,9.0,Medium-Light,"San José de Minas, Pichincha Province, Ecuador",$42.00/12 ounces,93.0
9.0,9.0,9.0,Light,"Ka‘ū growing region, “Big Island” of Hawai’i",$39.20/10 ounces,93.0
9.0,9.0,9.0,Medium-Light,"North Kona growing district, “Big Island” of Hawai’i",$38.00/8 ounces,93.0
9.0,9.0,9.0,Medium-Light,"Holualoa, North Kona growing district, “Big Island” of Hawai’i",$28.00/8 ounces,93.0
9.0,9.0,9.0,Light,"Nakuru County, Kenya",NT$325/8 ounces,94.0
9.0,9.0,9.0,Light,"Sidamo growing region, southern Ethiopia",NT$300/8 ounces,94.0
9.0,9.0,9.0,Medium-Light,"Tarrazu, Costa Rica",NT$270/4 ounces,94.0
9.0,9.0,9.0,Medium-Light,"Oxapampa, Pasco, Peru",NT$250/8 ounces,94.0
9.0,9.0,9.0,Light,"Sidamo growing region, southern Ethiopia",NT$325/8 ounces,95.0
9.0,9.0,9.0,Medium-Light,"Guji Zone, Oromia Region, southern Ethiopia",NT$325/8 ounces,95.0
9.0,9.0,10.0,Light,"Piendamo, Cauca Department, Colombia",$27.00/8 ounces,96.0
9.0,8.0,9.0,Medium-Light,"Yirgacheffe growing region, south-central Ethiopia",NT$450/454 grams,93.0
8.0,9.0,9.0,Medium-Light,"Guji Zone, Oromia Region, Southern Ethiopia",NT$750/454 grams,93.0
9.0,9.0,9.0,Light,"Huila Department, Colombia",NT$760/227 grams,93.0
9.0,9.0,9.0,Light,"Bench-Maji Zone, Southern Ethiopia",NT$420/227 grams,93.0
9.0,9.0,9.0,Medium-Light,"El Jardin, Pitalito, Huila Department, Colombia",NT$650/227 grams,94.0
9.0,9.0,9.0,Medium-Light,"Embu County, Kenya",NT$240/227 grams,94.0
9.0,9.0,9.0,Medium-Light,"Nariño Department, Colombia",NT$710/227 grams,94.0
9.0,9.0,9.0,Light,"Bombe Village, Bensa District, Sidamo growing region, Ethiopia",NT$200/8 ounces,94.0
9.0,9.0,9.0,Light,"Bruselas, Pitalito, Huila Department, Colombia",NT$780/227 grams,95.0
9.0,8.0,9.0,Medium-Light,Ethiopia; Guatemala,NT$ 290/8 ounces,93.0
9.0,9.0,9.0,Medium-Light,"Tarrazu, Costa Rica",$18.00/8 ounces,94.0
9.0,9.0,9.0,Light,"Santa Barbara, Antioquia, Colombia",$40.00/12 ounces,94.0
8.0,9.0,9.0,Medium-Light,"Wenago district, Gedeo Zone, SNNPR, Ethiopia",$18.00/250 grams,92.0
9.0,8.0,9.0,Medium-Light,"Embu County, Kenya",$18.50/250 grams,93.0
8.0,8.0,8.0,Light,"San Adolfo, Huila Department, Colombia",NT $700/200 grams,90.0
8.0,8.0,9.0,Light,"Bench-Maji Zone, Southern Ethiopia",NT$ 650/200 grams,91.0
8.0,9.0,9.0,Light,Not disclosed,NT$ 450/200 grams,92.0
9.0,9.0,9.0,Light,Ethiopia; Colombia,NT$ 366/8 ounces,94.0
8.0,8.0,9.0,Light,Not disclosed,$18.00/12 ounces,91.0
8.0,9.0,9.0,Medium-Light,"Tangara, Ngozi,  Burundi",$21.00/12 ounces,92.0
8.0,9.0,9.0,Light,Not disclosed,$18.00/12 ounces,93.0
9.0,9.0,8.0,Light,"Central Valley, Costa Rica",NT$ 320/8 ounces,91.0
8.0,8.0,9.0,Light,"Brunca Region, Costa Rica",NT$ 380/200 grams,91.0
9.0,8.0,9.0,Medium-Light,"Cajamarca, Peru",$19.00/12 ounces,92.0
9.0,8.0,9.0,Light,"Boquete growing region, western Panama",NT$650/8 ounces,92.0
9.0,9.0,9.0,Light,"Alajuela, Central Valley, Costa Rica",NT$ 470/225 grams,93.0
9.0,9.0,9.0,Medium-Light,"Alajuela, Central Valley, Costa Rica",$23.50/12 ounces,93.0
9.0,8.0,9.0,Medium-Light,"Kirinyaga County, south-central Kenya",$21.00/12 ounces,93.0
8.0,8.0,8.0,Medium-Light,Brazil; Colombia; Sumatra,CNY 150/250 grams,90.0
9.0,8.0,9.0,Medium-Light,Ethiopia; Rwanda,CNY 160/250 grams,92.0
8.0,9.0,9.0,Medium-Light,"Cajamarca, Peru",GBP 13.50/250 grams,91.0
9.0,8.0,9.0,Medium-Light,"Nyeri growing region, south-central Kenya",GBP 14.50/250 grams,93.0
9.0,9.0,9.0,Light,"Kona growing region, Big Island of Hawai’i",$100.00/4 ounces,95.0
9.0,9.0,9.0,Medium-Light,Costa Rica; Ethiopia,$22.00/12 ounces,94.0
8.0,9.0,9.0,Medium-Light,"Ethiopia, Colombia, Costa Rica",NT$ 450/200 grams,91.0
9.0,8.0,9.0,Light,"Tarrazu, Costa Rica",NT$ 499/200 grams,93.0
8.0,8.0,9.0,Medium-Light,Colombia; Guatemala,$17.00/12 ounces,91.0
9.0,9.0,9.0,Medium-Light,"Los Robles de Naranjo, West Valley, Costa Rica",$22.00/12 ounces,93.0
9.0,9.0,9.0,Light,"Guji Zone, Oromia Region, Southern Ethiopia",NT$ 550/227 grams,94.0
9.0,8.0,9.0,Light,"Inza, Cauca Department, Colombia",$19.00/12 ounces,92.0
9.0,8.0,9.0,Light,"Yirgacheffe growing region, south-central Ethiopia",$23.00/12 ounces,93.0
9.0,9.0,9.0,Medium-Light,"El Bálsamo Quetzaltepec growing region, El Salvador",$20.00/12 ounces,94.0
10.0,9.0,10.0,Medium-Light,"Paso Ancho, Panama","NT$ 2,500/20 grams",98.0
9.0,9.0,9.0,Medium,Colombia; Costa Rica; Kenya; Ethiopia,NT$ 650/8 ounces,94.0
9.0,9.0,9.0,Light,"San Adolfo, Huila Department, Colombia",$19.00/100 grams,93.0
9.0,8.0,9.0,Light,"San Adolfo, Huila Department, Colombia",$15.00/100 grams,93.0
9.0,9.0,9.0,Light,"Poás Volcano, Alajuela, Costa Rica",$59.00/8 ounces,94.0
9.0,8.0,9.0,Medium-Light,"Waghi Valley, Western Highlands, Papua New Guinea",$14.00/12 ounces,92.0
9.0,9.0,9.0,Medium-Light,"San Salvador Volcano, El Salvador",$16.00/12 ounces,92.0
9.0,8.0,9.0,Medium-Light,"Bujumbura Rurale, Burundi",$16.00/12 ounces,93.0
8.0,8.0,8.0,Light,"Sidamo growing region, south-central Ethiopia",NT$ 459/8 ounces,90.0
8.0,9.0,9.0,Medium-Light,"Sidamo growing region, south-central Ethiopia",NT$ 449/8 ounces,91.0
9.0,8.0,9.0,Medium-Light,"Huila Department, Colombia",NT$ 539/8 ounces,94.0
8.0,8.0,9.0,Light,"Alajuela, Central Valley, Costa Rica",$22.00/12 ounces,91.0
9.0,9.0,9.0,Light,"Guji Zone, Oromia Region, southern Ethiopia",NT$ 350/8 ounces,93.0
9.0,9.0,9.0,Medium-Light,"Meru County, Kenya",$30.50/12 ounces,93.0
9.0,9.0,9.0,Medium-Light,"Armenia, Quindio Department, Colombia",$33.00/8 ounces,93.0
9.0,8.0,9.0,Medium-Light,"Sierra Madre, Chiapas State, Mexico",$18.25/12 ounces,92.0
8.0,9.0,9.0,Medium-Light,"Fraijanes growing region, Guatemala",$23.00/12 ounces,92.0
9.0,9.0,9.0,Light,"Huila Department, Colombia",NT$ 520/8 ounces,95.0
9.0,8.0,9.0,Light,"Embu County, Kenya",$25.00/12 ounces,93.0
9.0,9.0,9.0,Medium-Light,"Petatan, Huehuetenango, Guatemala",$23.00/12 ounces,93.0
9.0,8.0,9.0,Light,"Ka‘ū growing region, “Big Island” of Hawai’i",$48.00/10 ounces,93.0
9.0,9.0,9.0,Light,"Nyeri growing region, south-central Kenya",$26.00/12 ounces,95.0
9.0,9.0,9.0,Light,"Odo Shakiso District, Guji Zone, southern Ethiopia",$24.00/12 ounces,95.0
9.0,9.0,9.0,Light,"Cajamarca, Peru",$29.00/12 ounces,95.0
9.0,9.0,10.0,Light,"Piendamo, Cauca Department, Colombia",$60.00/250 grams,96.0
9.0,9.0,9.0,Medium-Light,"Holualoa, North Kona growing district, “Big Island” of Hawai’i",$54.95/8 ounces,95.0
9.0,9.0,10.0,Medium-Light,"Huila Department, Colombia",$32.25/12 ounces,96.0
9.0,10.0,10.0,Medium-Light,"Holualoa, North Kona growing district, “Big Island” of Hawai’i",$69.95/8 ounces,97.0
8.0,9.0,9.0,Medium-Light,"Tarrazu, Costa Rica",$20.00/12 ounces,92.0
9.0,8.0,9.0,Light,"Sidamo growing region, south-central Ethiopia",$22.00/12 ounces,93.0
9.0,9.0,9.0,Light,"Poás Volcano, Alajuela, Costa Rica",$26.00/8 ounces,95.0
9.0,9.0,9.0,Medium-Light,"Chirripó, Costa Rica",$20.00/12 ounces,93.0
9.0,9.0,9.0,Light,"Chalatenango, El Salvador",$28.00/12 ounces,94.0
9.0,9.0,9.0,Light,"Kirinyaga County, south-central Kenya",$26.00/12 ounces,95.0
8.0,9.0,9.0,Medium-Light,Ethiopia; Colombia; Brazil,$13.00/8 ounces,92.0
9.0,8.0,9.0,Light,"Guji Zone, Oromia Region, southern Ethiopia",NT $550/227 grams,93.0
9.0,9.0,9.0,Medium-Light,Ethiopia; Guatemala,$15.00/8 ounces,94.0
9.0,9.0,9.0,Medium-Light,Kenya; Ethiopia; Guatemala,$17.00/6 ounces,94.0
9.0,9.0,9.0,Medium-Light,"Werka, Refisa Kebele, Nensebo District, West Arsi, Oromia, southern Ethiopia",$19.00/12 ounces,93.0
9.0,9.0,9.0,Medium-Light,"Acevedo, Huila Department, Colombia",$29.95/12 ounces,94.0
9.0,8.0,9.0,Medium-Light,"Santa Maria de Dota, Tarrazu, Costa Rica",$24.00/12 ounces,92.0
9.0,8.0,9.0,Medium-Light,"Huila Department, Colombia",NT $650/200 grams,92.0
9.0,8.0,9.0,Medium-Light,"Tarrazu, Costa Rica",NT $750/8 ounces,92.0
9.0,9.0,8.0,Light,"Fraijanes Department, Guatemala",$11.00/8 ounces,92.0
9.0,9.0,9.0,Light,"Acevedo, Colombia",$28.00/12 ounces,93.0
9.0,9.0,9.0,,"Huila Department, Colombia",NT $600/227 grams,93.0
9.0,9.0,9.0,Light,"Tolima growing region, Colombia",$14.50/100 grams,93.0
8.0,8.0,9.0,Medium-Light,Ethiopia; China,$22.00/250 grams,90.0
9.0,8.0,9.0,Medium-Light,Colombia; China,$21.00/250 grams,92.0
8.0,8.0,8.0,Medium-Light,Honduras; Ethiopia; Brazil,NT $205/8 ounces,90.0
9.0,8.0,9.0,Medium-Light,Ethiopia; Nicaragua; Tanzania,NT $250/200 grams,92.0
9.0,9.0,9.0,Medium-Light,"Yirgacheffe growing region, south-central Ethiopia",NT $500/200 grams,93.0
9.0,8.0,9.0,Light,"Hualien, Taiwan","NT $1,000/200 grams",93.0
9.0,9.0,9.0,Medium-Light,"Hualien, Taiwan","NT $1,000/200 grams",93.0
9.0,9.0,10.0,Light,"Machakos County, Kenya",NT $409/8 ounces,96.0
8.0,8.0,9.0,Light,"Bench Maji Zone, SNNPR Region, Ethiopia",NT $350/8 ounces,90.0
9.0,8.0,9.0,Medium-Light,"Quindio Department, Colombia",NT $420/8 ounces,92.0
9.0,9.0,9.0,Light,"Guji Zone, Oromia Region, southern Ethiopia",NT $250/8 ounces,93.0
9.0,9.0,9.0,Light,"Gori Gesha Forest, Bench Maji Zone, SNNPR Region, Ethiopia",NT $450/8 ounces,94.0
9.0,9.0,9.0,Medium-Light,"Aqua Dulce, Cuilco, Huehuetenango, Guatemala",NT $750/4 ounces,95.0
8.0,8.0,8.0,Medium-Light,"Karnataka, India",$25.40/12 ounces,90.0
8.0,8.0,9.0,Medium-Light,Ethiopia; Brazil; Mexico; Papua New Guinea,$18.00/12 ounces,91.0
9.0,8.0,9.0,Medium-Light,"Acatenango, Guatemala",$20.00/12 ounces,92.0
9.0,9.0,9.0,Medium-Light,"Nyeri growing region, south-central Kenya",NT $350/200 grams,93.0
9.0,8.0,9.0,Medium-Light,"Quilanga, Loja Province, Ecuador",NT $698/100 grams,91.0
8.0,8.0,9.0,Light,"Sidamo growing region, south-central Ethiopia",NT $399/8 ounces,92.0
9.0,9.0,9.0,Light,"Chelchele, Gedeb District, Gedeo Zone, Ethiopia",NT $419/8 ounces,93.0
9.0,9.0,9.0,Medium-Light,"Piendamo, Cauca Department, Colombia",$35.00/8 ounces,94.0
9.0,9.0,9.0,Light,"Huila Department, Colombia",$35.00/8 ounces,94.0
9.0,9.0,9.0,Medium-Light,"Piendamo, Cauca Department, Colombia",$38.00/8 ounces,95.0
9.0,9.0,10.0,Medium-Light,"Piendamo, Cauca Department, Colombia",$58.00/8 ounces,96.0
9.0,8.0,9.0,Light,"Sidamo growing region, south-central Ethiopia",NT $360/200 grams,93.0
9.0,8.0,9.0,Medium-Light,"Sidamo growing region, southern Ethiopia",NT $300/8 ounces,93.0
9.0,8.0,9.0,Light,"Yirgacheffe growing region, south-central Ethiopia",NT $379/8 ounces,91.0
9.0,9.0,9.0,Light,"Sidamo growing region, southern Ethiopia",NT $390/8 ounces,94.0
9.0,9.0,9.0,Medium-Light,"Sidamo growing region, southern Ethiopia",NT $340/8 ounces,94.0
9.0,9.0,9.0,Medium-Light,"Huehuetenango, Guatemala",NT $220/8 ounces,94.0
9.0,9.0,9.0,Medium-Light,"Guji Zone, Oromia Region, southern Ethiopia",NT $350/8 ounces,95.0
9.0,9.0,9.0,Medium-Light,"Lintong growing region, North Sumatra, Indonesia",NT $260/8 ounces,95.0
9.0,9.0,9.0,Light,"Guji Zone, Oromia Region, southern Ethiopia",NT $250/8 ounces,94.0
9.0,9.0,9.0,Medium-Light,"Ka‘ū, Big Island of Hawaii",$25.00/4 ounces,94.0
9.0,9.0,9.0,Medium-Light,"La Argentina, Huila Department, Colombia",$53.00/8 ounces,95.0
9.0,9.0,9.0,Light,"Manizales, Caldas, Colombia",$24.00/12 ounces,94.0
9.0,9.0,9.0,Medium-Light,"Gedeb District, Gedeo Zone, southern Ethiopia",$23.00/12 ounces,96.0
9.0,9.0,9.0,Medium-Light,"Holualoa, North Kona growing district, “Big Island” of Hawai’i",$112.95/8 ounces,95.0
9.0,9.0,9.0,Light,"Sidamo growing region, south-central Ethiopia",$22.00/12 ounces,96.0
8.0,8.0,9.0,Medium-Light,"San Cristobal, Chiapas, Mexico",$18.00/12 ounces,91.0
9.0,9.0,9.0,Medium-Light,"Paltachayoc, Santa Teresa, La Convención, Cusco, Peru",$18.00/12 ounces,93.0
9.0,8.0,9.0,Light,"Xojolá, Nahualá, Sololá, Guatemala",$20.00/12 ounces,93.0
9.0,9.0,9.0,Light,"San Marcos, Guatemala","NT $1,000/8 ounces",94.0
9.0,9.0,9.0,Light,"Sidamo growing region, south-central Ethiopia",NT $500/8 ounces,95.0
9.0,9.0,9.0,Light,"Tenejapa, Chiapas, Mexico",$42.00/12 ounces,95.0
9.0,9.0,9.0,Medium-Light,"Santa Bárbara, Antioquia, Colombia",$28.00/12 ounces,94.0
9.0,9.0,9.0,Light,"Paso Ancho, Panama","NT $12,500/100 grams",95.0
9.0,9.0,10.0,Medium-Light,"Embu County, Kenya",NT $550/200 grams,97.0
9.0,9.0,9.0,Light,"Bruselas, Pitalito, Huila Department, Colombia",$32.99/8 ounces,95.0
9.0,9.0,9.0,Light,"Quindio Department, Colombia",$31.00/8 ounces,95.0
9.0,9.0,9.0,Medium-Light,"El Carmen Cautivo, Tabaconas, Cajamarca, Peru",$19.00/12 ounces,94.0
9.0,9.0,9.0,Medium-Light,"Tarrazú, Costa Rica",$19.00/8 ounces,95.0
9.0,9.0,9.0,Medium-Light,"Nyeri County, Central Province, Kenya",$22.00/12 ounces,95.0
8.0,8.0,9.0,Medium-Light,"Tarrazu growing region, Costa Rica",NT $800/230 grams,91.0
9.0,8.0,9.0,Medium-Light,"Vera Province, Huila Department, Colombia",NT $670/230 grams,93.0
9.0,8.0,9.0,Medium-Light,"Doi Chang, Chiang Rai Province, Thailand",$5.00/250 grams,93.0
8.0,9.0,9.0,Medium-Light,"Cubulco, Guatemala",$22.00/12 ounces,92.0
9.0,9.0,9.0,Medium-Light,"Guji Zone, Oromia Region, Southern Ethiopia",$12.00/8 ounces,94.0
9.0,8.0,9.0,Medium-Light,Kenya; Costa Rica,$23.00/12 ounces,93.0
9.0,9.0,9.0,Medium-Light,"Rivas District, Chirripo Region, Costa Rica",$20.00/12 ounces,93.0
9.0,9.0,9.0,Light,"Cauca Department, Colombia",NT $520/8 ounces,93.0
8.0,9.0,9.0,Light,"Antigua, Guatemala",NT $250/8 ounces,91.0
8.0,9.0,9.0,Medium-Light,"Gori Gesha Forest, Bench Maji Zone, SNNPR Region, Ethiopia",NT $520/8 ounces,92.0
9.0,9.0,9.0,Medium-Light,"Gori Gesha Forest, Bench Maji Zone, SNNPR Region, Ethiopia",NT $390/8 ounces,93.0
8.0,8.0,8.0,Medium-Light,Ethiopia,$20.50/16 ounces,90.0
9.0,8.0,9.0,Medium-Light,"Nyeri growing region, south-central Kenya",$23.00/12 ounces,93.0
8.0,9.0,9.0,Light,"Kebele, Buku Sayisa, Guji Zone, Oromia Region, southern Ethiopia",$24.00/12 ounces,92.0
9.0,8.0,9.0,Light,"Chelchele, Gedeb District, Gedeo Zone, Ethiopia",$24.00/12 ounces,93.0
9.0,9.0,9.0,Light,"Phu Khaa, Nan Province, Thailand",$30.00/12 ounces,93.0
9.0,8.0,9.0,Light,"Sipi Falls, Bugisu Region, Uganda",NT $800/200 grams,93.0
8.0,8.0,9.0,Medium-Light,"Monte Verde, Santa Ana Department, central El Salvador",$16.00/12 ounces,92.0
8.0,9.0,9.0,Medium-Light,"Peru, Guatemala",$40.00/8 ounces,93.0
9.0,9.0,9.0,Medium-Light,Kenya; Ethiopia,$40.00/8 ounces,94.0
9.0,9.0,10.0,Medium-Light,"Piendamó, Cauca, Colombia",$25.00/8 ounces,96.0
9.0,8.0,9.0,Medium-Light,"Nyeri growing region, south-central Kenya",NT $320/200 grams,93.0
9.0,8.0,9.0,Light,"Gedeb District, Gedeo Zone, southern Ethiopia",$20.00/12 ounces,93.0
9.0,8.0,9.0,Light,"Bruselas, Pitalito, Huila Department, Colombia",$30.00/12 ounces,92.0
8.0,9.0,9.0,Light,"Pitalito, Huila Department, Colombia",$24.00/12 ounces,92.0
9.0,9.0,9.0,Medium-Light,"Sabanilla de Alajuela, Central Valley, Costa Rica",$17.00/12 ounces,93.0
9.0,8.0,9.0,Light,"San Agustín, Huila Department, Colombia",$22.65/100 grams,93.0
9.0,9.0,9.0,Medium-Light,"Tarrazú, Costa Rica",$22.00/12 ounces,94.0
9.0,9.0,9.0,Medium-Light,"Chelchele, Gedeb District, Gedeo Zone, Ethiopia",NT $480/8 ounces,95.0
9.0,9.0,9.0,Medium-Light,"Chelbessa, Gedeb, Yirgacheffe, south-central Ethiopia",$21.00/12 ounces,95.0
9.0,9.0,9.0,Medium-Light,"Chiapas, Mexico",$22.00/12 ounces,93.0
9.0,9.0,9.0,Light,"Circasia, Quindio, Colombia",$33.45/12 ounces,94.0
9.0,9.0,9.0,Medium-Light,"Kiambu County, Kenya",$20.95/12 ounces,95.0
9.0,9.0,9.0,Medium-Light,"Nyeri growing region, south-central Kenya",$22.00/12 ounces,95.0
9.0,9.0,9.0,Medium-Light,"Holualoa, North Kona growing district, “Big Island” of Hawai’i",$69.95/8 ounces,95.0
9.0,8.0,9.0,Medium-Light,"Doi Chang, Chiang Rai Province, Thailand",$5.00/250 grams,92.0
9.0,9.0,9.0,Medium-Light,"Doi Chang, Chiang Rai Province, Thailand",$10.00/250 grams,92.0
9.0,9.0,9.0,Medium-Light,"La Libertad, Huehuetenango Department, Guatemala",$20.00/6 ounces,94.0
9.0,9.0,9.0,Medium-Light,"Huila Department, Colombia",$28.00/10 ounces,95.0
8.0,8.0,9.0,Medium,"Western Highlands, Papua New Guinea",NT $380/230 grams,91.0
9.0,9.0,9.0,Medium-Light,"Acatenango, Chimaltenango, Guatemala",NT $280/8 ounces,93.0
9.0,9.0,9.0,Light,"Huila Department, Colombia",NT $290/4 ounces,95.0
9.0,9.0,9.0,Medium-Light,Ethiopia; Guatemala,NT $325/8 ounces,95.0
9.0,9.0,9.0,Medium-Light,Ethiopia; Kenya; Brazil,NT $440/454 grams,93.0
9.0,8.0,9.0,Medium-Light,"Carmo de Mata, Campo das Vertentes, Minas Gerais, Brazil",$16.50/12 ounces,92.0
9.0,9.0,9.0,Medium-Light,"Ka‘ū and Kona growing regions, Big Island of Hawai’i",$20.00/4 ounces,94.0
8.0,8.0,9.0,Medium-Light,Guatemala; Indonesia; Ethiopia,NT $450/16 ounces,92.0
8.0,8.0,9.0,Medium-Light,"South Kivu, Democratic Republic of the Congo",$22.50/12 ounces,92.0
9.0,9.0,9.0,Light,"Tarrazu, Costa Rica",NT $330/8 ounces,94.0
9.0,9.0,9.0,Medium-Light,"Corquin, Honduras",$22.00/12 ounces,93.0
6.0,6.0,7.0,Medium,Colombia,$16.64/24 ounces,82.0
7.0,7.0,7.0,Medium,Ethiopia,$9.99/12-ounce can,83.0
7.0,7.0,7.0,Medium-Light,Colombia,$11.99/12 ounces,85.0
7.0,8.0,8.0,Medium-Light,"Aceh Province, Gayo Highlands, Sumatra, Indonesia",$16.95/12 ounces,87.0
8.0,8.0,8.0,Medium-Light,"Sidamo growing region, south-central Ethiopia",$15.75/12 ounces,90.0
8.0,9.0,8.0,Medium-Light,"Todos Santos Cuchumatan, Huehuetenango, Guatemala",$23.00/12 ounces,91.0
8.0,8.0,8.0,Medium-Light,"Northern Province, Gakenke District, Ruli, Rwanda",$20.00/12 ounces,91.0
8.0,8.0,9.0,Medium-Light,"Cajamarca, Peru",$33.00/12 ounces,91.0
8.0,9.0,9.0,Medium-Light,"Aleta Wendo, Sidamo growing region, south-central Ethiopia",$21.00/12 ounces,92.0
9.0,8.0,9.0,Medium-Light,"La Democracia, Huehuetenango, Guatemala",$30.00/12 ounces,92.0
9.0,9.0,9.0,Medium-Light,"La Democracia, Huehuetenango, Guatemala",$17.00/12 ounces,93.0
9.0,9.0,8.0,Light,"Bombe mountains, Sidamo Region, southern Ethiopia",NT $580/227 grams,92.0
9.0,9.0,9.0,Light,"Sidamo growing region, south-central Ethiopia",NT $250/227 grams,93.0
9.0,8.0,9.0,Medium-Light,"La Libertad, Huehuetenango Department, Guatemala",NT $780/227 grams,93.0
9.0,9.0,9.0,Medium-Light,"Sabanilla de Alajuela, Central Valley, Costa Rica",$28.00/12 ounces,93.0
9.0,9.0,9.0,Medium-Light,"Bench-Maji Zone, Southern Ethiopia",NT $310/227 grams,94.0
9.0,9.0,9.0,Light,"Boquete growing region, Panama",NT $450/227 grams,95.0
9.0,9.0,9.0,Light,"Yirgacheffe growing region, south-central Ethiopia",$23.00/12 ounces,95.0
9.0,9.0,9.0,Medium-Light,"Gedeo Zone, SNNPR, southern Ethiopia",NT $290/8 ounces,94.0
9.0,9.0,9.0,Medium-Light,"Pichincha, Ecuador",$62.00/8 ounces,93.0
9.0,8.0,9.0,Medium-Light,"Santo Tomas, El Salvador",$17.50/12 ounces,93.0
9.0,9.0,9.0,Medium-Light,"Guji Zone, Oromia Region, southern Ethiopia",NT $325/8 ounces,94.0
9.0,9.0,9.0,Medium-Light,"El Aguacatal, Hoja Blanca, Cuilco, Huehuetenango, Guatemala",$27.00/12 ounces,94.0
9.0,9.0,10.0,Medium-Light,"Kiambu growing region, south-central Kenya",NT $340/8 ounces,96.0
8.0,9.0,8.0,Medium,Colombia; Ethiopia; Brazil,NT $420/454 grams,90.0
8.0,9.0,9.0,Medium-Light,"El Faique, Piura Department, Peru",$18.00/12 ounces,92.0
9.0,8.0,9.0,Medium-Light,South and Central America; Africa,$18.00/12 ounces,93.0
9.0,9.0,9.0,Medium-Light,"Piendamó, Cauca Department, Colombia",$22.00/8 ounces,94.0
7.0,7.0,8.0,Medium-Light,"El Progreso, Guatemala",$17.00/12 ounces,85.0
8.0,8.0,8.0,Medium-Light,"Antigua, Guatemala",$12.00/12 ounces,88.0
8.0,8.0,8.0,Medium-Light,"Antigua, Guatemala",$6.00/12 ounces,89.0
9.0,8.0,9.0,Medium-Light,"Antigua, Guatemala",$6.00/12 ounces,92.0
9.0,9.0,9.0,Medium-Light,"El Progreso, Guatemala",$17.00/12 ounces,92.0
8.0,8.0,8.0,Medium-Light,"Antigua, Guatemala",$20.00/12 ounces,90.0
9.0,8.0,9.0,Medium-Light,"San Lucas Tolimán, Lake Atitlán, Guatemala",$20.00/12 ounces,92.0
9.0,8.0,9.0,Medium-Light,"San Cristobal Verapaz, Alta Verapaz, Guatemala",$17.00/12 ounces,93.0
9.0,8.0,9.0,Medium-Light,"Sacatepequez, Guatemala",$10.00/12 ounces,93.0
9.0,8.0,9.0,Medium-Light,"Alotenango, Sacatepequez, Guatemala",$8.00/12 ounces,93.0
8.0,8.0,8.0,Medium,Brazil; Peru,$15.50/12 ounces,90.0
9.0,8.0,9.0,Medium-Light,Ethiopia; Colombia,$15.50/12 ounces,91.0
8.0,8.0,8.0,Medium-Light,"Antigua, Guatemala",$20.00/12 ounces,88.0
9.0,9.0,9.0,Medium-Light,"Gayo Highlands, Sumatra, Indonesia",$20.00/12 ounces,93.0
9.0,9.0,9.0,Light,"Ansora, Guji Zone, southern Ethiopia",$19.50/12 ounces,93.0
9.0,9.0,9.0,Medium-Light,"Yirgacheffe growing region, southern Ethiopia",$27.00/12 ounces,94.0
9.0,9.0,9.0,Light,"Caldono, Calda Department, Colombia",$27.00/12 ounces,94.0
9.0,9.0,9.0,Medium-Light,"Yirgacheffe growing region, southern Ethiopia",$27.00/12 ounces,95.0
9.0,8.0,9.0,Medium-Light,"Barrio Tanamá, Adjuntas, Puerto Rico",,92.0
9.0,9.0,9.0,Medium-Light,"Tolima Department, Colombia",$23.00/12 ounces,93.0
9.0,9.0,9.0,Medium-Light,"Planadas, Tolima Department, Colombia",$26.00/12 ounces,94.0
8.0,8.0,9.0,Medium-Light,"Lake Kivu, Rwanda",$23.00/12 ounces,91.0
8.0,9.0,9.0,Medium-Light,"Yirgacheffe growing region, south-central Ethiopia",$25.00/12 ounces,92.0
8.0,9.0,9.0,Medium,"Zongolica, Veracruz, Mexico",$18.00/12 ounces,92.0
8.0,9.0,9.0,Medium-Light,"Ngozi Province, Burundi",$20.00/12 ounces,92.0
9.0,8.0,9.0,Medium-Light,"Yirgacheffe growing region, south-central Ethiopia",NT $500/200 grams,93.0
9.0,9.0,9.0,Medium-Light,"Nantou County, Taiwan",NT $420/4 ounces,93.0
9.0,8.0,9.0,Light,"Agua Dulce, Huehuetenango Department, Guatemala",$19.45/12 ounces,93.0
9.0,9.0,9.0,Light,"Boquete, Panama","NT $1,200/100 grams",94.0
8.0,8.0,9.0,Medium-Light,"Serra da Mantiqueira-Fazenda Rio Verde, Sul De Minas, Brazil",NT $325/8 ounces,90.0
8.0,8.0,8.0,Light,"Arbegona Woreda, Bursa Kebele, Sidama Region, Ethiopia",NT $325/8 ounces,90.0
8.0,8.0,9.0,Light,"Yirgacheffe growing region, south-central Ethiopia",NT $240/227 grams,90.0
8.0,8.0,8.0,Medium,Ethiopia,$15.00/12 ounces,90.0
9.0,8.0,9.0,Medium-Light,"Sidamo growing region, south-central Ethiopia",NT $325/8 ounces,92.0
9.0,8.0,9.0,Medium-Light,"Marcala, La Paz Department, Honduras",$20.00/12 ounces,92.0
8.0,9.0,9.0,Medium-Light,"Pegasing, Takengon, Aceh Province, Sumatra, Indonesia",#23.90/12 ounces,92.0
9.0,8.0,9.0,Medium-Light,"Bench Maji Zone, Southern Ethiopia",NT $310/8 ounces,93.0
9.0,9.0,9.0,Medium-Light,"Tarrazu growing region, Costa Rica",NT $450/8 ounces,94.0
8.0,9.0,8.0,Medium-Light,Colombia; Other South America,$19.00/12 ounces,91.0
9.0,9.0,9.0,Medium-Light,"Nyeri growing region, south-central Kenya",Nt $325/8 ounces,94.0
9.0,9.0,9.0,Light,"Sabanilla de Alajuela, Central Valley, Costa Rica",$27.00/12 ounces,93.0
9.0,9.0,9.0,Medium-Light,"Nyeri growing region, south-central Kenya",NT $330/8 ounces,95.0
9.0,9.0,9.0,Medium-Light,"Mbeya, Ruvuma Region, Tanzania",$19.00/12 ounces,94.0
9.0,9.0,10.0,Light,"Cauca, Colombia",$60.00/4 ounces,96.0
9.0,8.0,9.0,Medium-Light,"Baoshan, Yunnan Province, China",RMB 399/100 grams,91.0
9.0,8.0,9.0,Medium-Light,"Boquete growing region, western Panama",NT $325/8 ounces,93.0
9.0,9.0,9.0,Light,"Poas Volcano, Alajuela Province, Costa Rica",$32.00/boxed set (125 grams of this coffee plus 125 grams of an anaerobic-processed coffee from the same farm),93.0
9.0,8.0,9.0,Medium,"Nariño Department, Colombia",$24.00/12 ounces,93.0
9.0,9.0,9.0,Medium-Light,"Bench-Maji Zone, Southern Ethiopia",NT $375/8 ounces,93.0
9.0,9.0,9.0,Light,"Guji Zone, Oromia Region, southern Ethiopia",NT $300/8 ounces,94.0
9.0,9.0,9.0,Light,"Piendamo, Cauca Department, Colombia",$60.00/250 grams,94.0
9.0,9.0,9.0,Light,"Huila Department, Colombia",NT $450/8 ounces,94.0
9.0,9.0,9.0,Light,"Armenia, Quindio Department, Colombia",$30.00/250 grams,94.0
8.0,8.0,9.0,Medium-Dark,Colombia; Ethiopia; Brazil,$25.00/16 ounces,92.0
8.0,9.0,9.0,Medium-Light,Panama,$80.00/8 ounces,92.0
9.0,8.0,9.0,Medium,"Sitio Pluto, Balutakay, Managa, Davao del Sur, Philippines",$34.99/12 ounces,92.0
9.0,9.0,9.0,Medium-Light,Panama,$80.00/8 ounces,94.0
9.0,9.0,9.0,Light,"Huila Department, Colombia",$48.00/10 ounces,95.0
8.0,8.0,9.0,Medium-Light,"Pegasing, Takengon, Aceh Province, Sumatra, Indonesia",$18.00/12 ounces,90.0
8.0,8.0,9.0,Medium-Light,"Naranjo, Alajuela Province, Costa Rica",$18.00/12 ounces,91.0
8.0,9.0,9.0,Medium,"Aquiares, Cartago, Costa Rica",NT $500/8 ounces,92.0
9.0,9.0,10.0,Medium-Light,"Saraguro, Loja growing region, Ecuador",$29.00/12 ounces,96.0
8.0,8.0,8.0,Medium,"Tenejapa, Central Highlands, Chiapas, Mexico",$19.50/12 ounces,90.0
8.0,9.0,9.0,Medium,Colombia; Honduras,NT $265/8 ounces,92.0
9.0,8.0,9.0,Medium-Light,"Cijapati, Garut Regency, West Java, Indonesia",$18.00/12 ounces,92.0
9.0,8.0,9.0,Medium-Light,"Tangara, Ngozi Province, Burundi",$21.00/12 ounces,93.0
9.0,9.0,9.0,Light,"Sidamo growing region, south-central Ethiopia",NT $240/227 grams,94.0
9.0,9.0,9.0,Light,"Werka, Guji Zone, Oromia Region, southern Ethiopia",$23.00/12 ounces,94.0
9.0,9.0,9.0,Medium-Light,"Gedeb District, Gedeo Zone, southern Ethiopia",$22.00/12 ounces,94.0
8.0,8.0,8.0,Medium,"Colombia; Brazil; Ethiopia; Yunnan, China",110 CN¥/500 grams,91.0
9.0,8.0,9.0,Medium-Light,"Nyeri County, central Kenya",$24.00/12 ounces,93.0
9.0,9.0,9.0,Light,"Ngozi Province, Burundi",$24.00/12 ounces,93.0
9.0,8.0,9.0,Medium-Light,"Aceh Province, Sumatra, Indonesia",$23.00/12 ounces,93.0
9.0,9.0,9.0,Medium-Light,"Cusco region, Peru",$23.00/12 ounces,93.0
9.0,9.0,9.0,Medium-Light,"Cordillera de Llamatepec, El Salvador",$17.50/12 ounces,94.0
9.0,9.0,9.0,Light,"Bonga Forest, Keficho-Shekicho Zone, southwest Ethiopia",$23.00/12 ounces,94.0
9.0,9.0,9.0,Light,"El Chaco Canton, Parroquia Santa Rosa, Napo Province, Ecuador",$25.00/12 ounces,94.0
8.0,8.0,9.0,Dark,"Karo Regency, North Sumatra, Indonesia",$15.75/12 ounces,91.0
8.0,8.0,9.0,Medium,"Paranginan, Humbahas Province, Karo Highlands, Sumatra, Indonesia",$21.25/12 ounces,91.0
9.0,8.0,9.0,Medium,Ethiopia; Papua New Guinea,$18.00/12 ounces,92.0
9.0,8.0,9.0,Medium-Dark,Colombia; Panama; Papua New Guinea,NT $550/230 grams,93.0
9.0,9.0,9.0,Medium,"Yirgacheffe growing region, south-central Ethiopia",$21.00/12 ounces,93.0
9.0,9.0,9.0,Medium-Dark,"Embu County, Kenya","NT $1,300/240 grams",94.0
9.0,9.0,9.0,Dark,"Nyeri growing region, south-central Kenya",NT $800/8 ounces,94.0
9.0,9.0,9.0,Medium-Dark,"Bench Maji Zone, Southern Ethiopia",NT $600/200 grams,94.0
9.0,8.0,9.0,Medium-Dark,"Holualoa, North Kona growing district, “Big Island” of Hawai’i",$69.95/8 ounces,94.0
9.0,9.0,9.0,Medium-Dark,"Embu County, Kenya",NT $680/225 grams,95.0
8.0,8.0,8.0,Medium,Central America; South America,$17.50/16 ounces,91.0
9.0,8.0,9.0,Medium-Light,Peru; Guatemala,$17.00/12 ounces,92.0
9.0,8.0,9.0,Medium-Light,"Odo Shakiso District, Guji Zone, southern Ethiopia",AED $99.75/250 grams,93.0
8.0,8.0,8.0,Medium-Light,"Acatenango, Chimaltenango Department, Guatemala",NT $1200/200 grams,90.0
8.0,8.0,9.0,Medium-Light,"Mt. Kilimanjaro growing region, northern Tanzania",NT $450/200 grams,92.0
9.0,9.0,9.0,Medium-Light,"Sidamo growing region, south-central Ethiopia",NT $280/200 grams,93.0
9.0,9.0,9.0,Medium-Light,"Kirinyaga County, south-central Kenya",$24.00/12 ounces,94.0
9.0,9.0,9.0,Medium-Light,Ethiopia Sidamo Faysel Abdosh Anaerobic Natural,$29.50/12 ounces,93.0
9.0,8.0,9.0,Light,"Bench-Maji Zone, Southern Ethiopia",NT $380/227 grams,93.0
9.0,9.0,9.0,Medium-Light,"Bukeye Commune, Muramvya Province, Burundi",$18.00/12 ounces,93.0
9.0,9.0,9.0,Medium-Light,"San Martin Jilotepeque, Chimaltenango Department, Guatemala",$19.00/12 ounces,93.0
8.0,8.0,9.0,Medium-Light,Ethiopia; Brazil; India; Indonesia; Guatemala,NT $130/8 ounces,90.0
9.0,9.0,9.0,Medium-Light,"Tarrazu growing region, Costa Rica",NT $750/227 grams,93.0
9.0,9.0,9.0,Medium-Light,"Tolimas, Colombia",$32.00/12 ounces,94.0
9.0,9.0,9.0,Medium-Light,"Yirgacheffe growing region, southern Ethiopia",$19.00/12 ounces,92.0
8.0,8.0,9.0,Medium,Indonesia; Colombia; Guatemala,NT $250/227 grams,92.0
9.0,8.0,9.0,Medium-Light,"Bench-Maji Zone, Southern Ethiopia",NT $399/200 grams,93.0
9.0,8.0,9.0,Light,"Gedeo Zone, SNNPR, southern Ethiopia",NT $275/8 ounces,93.0
9.0,8.0,9.0,Light,"Herrera, Tolima Department, Colombia",$42.00/8 ounces,92.0
9.0,8.0,9.0,Medium-Light,"Yirgacheffe growing region, south-central Ethiopia",NT $300/8 ounces,93.0
9.0,9.0,9.0,Medium-Light,"Turrialba, Costa Rica",NT $325/8 ounces,94.0
9.0,9.0,9.0,Medium-Light,"Wamena growing region, West Papua, New Guinea",$17.00/12 ounces,93.0
9.0,9.0,9.0,Medium-Light,"Saraguro, Loja, Ecuador",$19.00/8 ounces,95.0
8.0,8.0,9.0,Medium,"Veracruz, Mexico",$16.95/16 ounces,91.0
8.0,9.0,8.0,,"Bali, Indonesia",,91.0
8.0,8.0,9.0,,"Kintamani Highlands, Bali, Indonesia",$18.00/12 ounces,92.0
9.0,8.0,9.0,,"Java, Indonesia",NT $370/200 grams,92.0
8.0,9.0,9.0,,"Kintamani Highlands, Bali, Indonesia",$20.00/12 ounces,92.0
9.0,8.0,9.0,,"Tlogosari Village, Argopuro, East Java, Indonesia",$20.00/12 ounces,93.0
9.0,9.0,9.0,,"Bandung Highlands, West Java, Indonesia",$23.00/12 ounces,93.0
9.0,9.0,9.0,,"Kintamani Highlands, Bali, Indonesia",$21.00/12 ounces,93.0
9.0,9.0,9.0,Medium-Light,"West Java, Indonesia",$19.00/12 ounces,94.0
9.0,8.0,9.0,Light,"Yirgacheffe growing region, south-central Ethiopia",NT $440/8 ounces,92.0
9.0,9.0,9.0,Medium-Light,"Boquete, Panama",NT $700/8 ounces,93.0
8.0,8.0,9.0,Medium,Honduras; Ethiopia; Brazil,$22.00/16 ounces,90.0
9.0,9.0,9.0,Medium-Light,"Yirgacheffe growing region, south-central Ethiopia",$20.00/8 ounces,94.0
9.0,9.0,9.0,Medium-Light,Colombia; Ethiopia,$45.00/8 ounces,95.0
9.0,9.0,9.0,Medium-Light,"Imbabura Province, Ecuador",$25.00/12 ounces,95.0
9.0,9.0,9.0,Light,"Antioquia, Colombia",NT $380/8 ounces,93.0
9.0,9.0,9.0,Medium-Light,"Huila, Colombia",NT $380/8 ounces,94.0
9.0,9.0,9.0,Light,"Planadas, Tolima Department, Colombia",$60.00/250 grams,94.0
9.0,9.0,9.0,Light,"Piendamó, Cauca Department, Colombia",$60.00/250 grams,94.0
8.0,8.0,9.0,Medium,Rwanda,$15.99/12 ounces,91.0
9.0,8.0,9.0,Medium-Light,"Huila, Colombia",$19.00/300 grams,91.0
9.0,8.0,9.0,Medium-Light,"Guji Zone, Oromia Region, southern Ethiopia",NT $500/8 ounces,93.0
9.0,9.0,9.0,Medium,Ethiopia; Kenya,NT $650/8 ounces,95.0
9.0,9.0,9.0,Medium-Light,"Ka‘ū growing region, Big Island of Hawai’i",$40.00/4 ounces,94.0
9.0,9.0,9.0,Medium-Light,"Quindio Department, Colombia",NT $700/200 grams,94.0
9.0,9.0,9.0,Light,"Sidamo growing region, south-central Ethiopia",$23.00/12 ounces,95.0
8.0,9.0,9.0,Medium-Light,"Marcala, Honduras",$16.49/12 ounces,91.0
9.0,8.0,9.0,Medium-Light,"Pitalito, Huila Department, Colombia",$20.00/12 ounces,93.0
9.0,8.0,9.0,Medium-Light,"Nyeri County, Kenya",$25.00/12 ounces,94.0
9.0,9.0,9.0,Medium-Light,"Pegasing, Takengon, Aceh Province, Sumatra, Indonesia",$23.00/12 ounces,95.0
9.0,9.0,9.0,Medium-Light,"South Kivu Province, Democratic Republic of the Congo",$20.00/12 ounces,93.0
9.0,9.0,9.0,Medium-Light,"Pallatanga, Chimborazo Province, Ecuador",$22.00/6 ounces,94.0
9.0,8.0,9.0,Medium-Light,Costa Rica; Ethiopia,$25.00/12 ounces,93.0
9.0,8.0,9.0,Medium-Light,"Pichincha Province, Ecuador",$15.95/12 ounces,93.0
9.0,9.0,9.0,Medium-Light,Not disclosed,$15.99/12 ounces,93.0
9.0,9.0,9.0,Light,"Sidamo growing region, southern Ethiopia",$23.50/12 ounces,94.0
9.0,9.0,9.0,Medium-Light,"Yirgacheffe growing region, south-central Ethiopia",$24.00/12 ounces,95.0
8.0,8.0,8.0,,"Matituy, Nariño Department, Colombia",$30.00/10 single-serve brew bags,89.0
8.0,8.0,8.0,,Ethiopia,$10.00/10 single-serve brew bags,89.0
8.0,8.0,8.0,,Colombia; Peru; Rwanda; Ethiopia,$4.50/4 single-serve brew bags,90.0
8.0,8.0,8.0,,Colombia; Mexico; Ethiopia,$18.50/8 single-serve brew bags,90.0
8.0,9.0,8.0,,Not disclosed,$21.00/10 single-serve brew bags,90.0
8.0,8.0,9.0,,Colombia; Peru; Rwanda; Ethiopia,NT $500/5 single-serve brew bags,91.0
8.0,8.0,9.0,,Ethiopia,NT $30/1 single-serve brew bag,91.0
8.0,8.0,9.0,,Brazil; Guatemala; Indonesia,$25.00/10 single-serve brew bags,91.0
8.0,9.0,9.0,,"Huehuetenango Department, Guatemala",$10.00/5 single-serve brew bags,91.0
8.0,9.0,9.0,,"Rutana Province, Burundi",$14.95/8 single-serve brew bags,92.0
9.0,8.0,9.0,Light,"Boquete growing region, western Panama","NT $1,200/227 grams",93.0
8.0,9.0,8.0,Medium-Light,"Yirgacheffe growing region, south-central Ethiopia",$18.50/12 ounces,91.0
9.0,8.0,9.0,Medium-Light,"Santa Elena Province, Ecuador",$19.00/12 ounces,92.0
9.0,9.0,9.0,Medium-Light,"Kayanza, Northern Province, Burundi",$23.00/12 ounces,94.0
9.0,8.0,9.0,Light,"Guji Zone, Oromia Region, southern Ethiopia",NT $180/8 ounces,94.0
9.0,8.0,9.0,Medium-Light,"Nyeri growing region, south-central Kenya",$30.00/12 ounces,94.0
9.0,9.0,9.0,Light,"Acatenango growing region, Guatemala","NT $1,200/227 grams",94.0
9.0,9.0,9.0,Light,"Al Hayma, Sana'a Governorate, Yemen",NT $600/4 ounces,94.0
9.0,9.0,9.0,Light,"Sidamo growing region, southern Ethiopia",NT $400/8 ounces,95.0
9.0,9.0,9.0,Medium-Light,"Ka‘ū growing region, Big Island of Hawai’i",$25.00/4 ounces,94.0
9.0,9.0,9.0,Medium-Light,"Kona growing region, Big Island of Hawai’i",$25.00/4 ounces,94.0
9.0,9.0,9.0,Light,"Guji Zone, Oromia Region, southern Ethiopia",NT $290/8 ounces,95.0
9.0,9.0,9.0,Light,"Kiambu growing region, south-central Kenya",NT $300/8 ounces,95.0
9.0,9.0,9.0,Medium-Light,"Incawasi, La Convencion Province, Peru",$29.00/12 ounces,95.0
8.0,8.0,9.0,Medium-Light,Brazil; Colombia; Ethiopia,NT $360/200 grams,91.0
9.0,9.0,9.0,Medium-Light,"Yirgacheffe growing region, south-central Ethiopia",NT $460/200 grams,93.0
9.0,8.0,9.0,Light,"Odo Shakiso District, Guji Zone, southern Ethiopia",NT $320/8 ounces,93.0
9.0,9.0,9.0,Medium-Light,Colombia; Guatemala; Mexico,$16.95/12 ounces,94.0
9.0,9.0,9.0,Light,"Jimma Zone, Oromia region, southern Ethiopia","NT $1,250/4 ounces",95.0
9.0,9.0,9.0,Medium-Light,"La Sierra, Medellin, Colombia",$25.00/12 ounces,94.0
9.0,9.0,9.0,Medium-Light,"Acatenango, Chimaltenango Department, Guatemala",NT $650/4 ounces,95.0
9.0,9.0,9.0,Light,"Cauca, Colombia",$31.50/12 ounces,95.0
8.0,8.0,8.0,Medium-Light,"Nyamasheke, Western Province, Rwanda",$23.00/12 ounces,90.0
8.0,9.0,9.0,Medium-Light,"Nariño Department, southern Colombia",$20.00/12 ounces,91.0
8.0,8.0,9.0,Medium-Light,Ethiopia; Guatemala; Brazil,NT $650/455 grams,91.0
9.0,9.0,9.0,Medium-Light,"Caldas Department, Colombia",$25.00/12 ounces,92.0
9.0,9.0,9.0,Medium-Light,"Chalatenango, El Salvador",$23.00/12 ounces,94.0
9.0,8.0,9.0,Medium-Light,"Cajamarca, Peru",$15.25/12 ounces,92.0
9.0,9.0,9.0,Light,"Sidamo growing region, Ethiopia",$20.50/12 ounces,93.0
9.0,8.0,9.0,Medium-Light,"Santiago Atitlán, Sololá Department, Guatemala",$22.00/12 ounces,93.0
9.0,9.0,9.0,Medium-Light,"Jaén Province, Cajamarca Region, Peru",$18.00/12 ounces,93.0
9.0,8.0,9.0,Light,"Gonzanama, Loja Province, Ecuador",$25.00/12 ounces,93.0
9.0,9.0,9.0,Light,"Piendamó, Cauca Department, Colombia",$30.00/250 grams,95.0
8.0,8.0,9.0,Light,"Chiriqui, Boquete growing region, western Panama",$45.00/8 ounces,91.0
9.0,9.0,9.0,Light,"Guji Zone, Oromia Region, southern Ethiopia",$28.00/12 ounces,95.0
9.0,9.0,9.0,Light,"Aquíares, Cartago, Costa Rica",NT $500/8 ounces,93.0
9.0,9.0,9.0,Light,"Piendamó, Cauca Department, Colombia",$40.00/4 ounces,95.0
9.0,9.0,9.0,Light,"Quindio Department, Colombia",$30.00/12 ounces,93.0
9.0,9.0,9.0,Medium-Light,"Quindio Department, Colombia",$29.99/8 ounces,93.0
9.0,9.0,9.0,Light,"Huila Department, Colombia",$31.00/8 ounces,93.0
9.0,9.0,9.0,Light,"Piendamo, Cauca Department, Colombia","KRW $28,000/100 grams",94.0
9.0,8.0,9.0,Light,"Sidamo growing region, southern Ethiopia",$34.50/12 ounces,94.0
9.0,9.0,9.0,Light,"Piendamo, Cauca Department, Colombia",$34.99/12 ounces,94.0
9.0,9.0,9.0,Light,"Huila Department, Colombia",$23.95/310 grams,94.0
9.0,9.0,9.0,Light,"Cauca Department, Colombia",NT $500/100 grams,94.0
9.0,9.0,9.0,Light,"Ka‘ū growing region, Big Island of Hawai’i",$40.00/4 ounces,95.0
9.0,9.0,9.0,Light,"Circasia, Quindio Department, Colombia",$38.45/12 ounces,95.0
9.0,9.0,9.0,Medium-Light,"Alishan region, Taiwan","NT $2,000/8 ounces",93.0
9.0,8.0,9.0,Medium-Light,"Jikawa Province, Papua New Guinea",$18.25/12 ounces,91.0
9.0,8.0,9.0,Medium-Light,"San Martin Jilotepeque, Chimaltenango Department, Guatemala",$18.95/12 ounces,93.0
9.0,9.0,9.0,Medium-Light,"Huila Department, Colombia",$24.50/12 ounces,94.0
9.0,9.0,9.0,Medium-Light,"Sidamo growing region, south-central Ethiopia.",$35.00/12 ounces,94.0
9.0,9.0,9.0,Medium-Light,"San Martin Jilotepeque, Chimaltenango Department, Guatemala",$18.95/12 ounces,94.0
9.0,9.0,9.0,Light,"Mathira West District, Nyeri growing region, Kenya",$25.00/12 ounces,94.0
8.0,8.0,9.0,Medium-Light,"Laguna de Ayarza, southeast Guatemala",$21.50/12 ounces,90.0
8.0,9.0,9.0,Medium-Light,"Antigua, Guatemala",$24.00/12 ounces,91.0
9.0,8.0,9.0,Medium-Light,"Hambela Wamena, Guji Zone, Oromia Region, Ethiopia",$22.00/12 ounces,92.0
9.0,8.0,9.0,Light,"Gedeb District, Gedeo Zone, southern Ethiopia",$22.00/12 ounces,93.0
9.0,8.0,9.0,Light,Guatemala,$18.75/12 ounces,93.0
8.0,8.0,8.0,Medium,Rwanda; Ethiopia,$12.00/12 ounces,90.0
8.0,8.0,8.0,Medium-Light,Guatemala,"KRW $13,000/200 grams",90.0
8.0,8.0,8.0,Medium-Light,"Odo Shakiso District, Guji Zone, southern Ethiopia",NT $369/8 ounces,90.0
9.0,9.0,9.0,Light,"Gedeb District, Gedeo Zone, southern Ethiopia",NT $500/8 ounces,93.0
9.0,8.0,9.0,Medium-Light,"Tarrazu, Costa Rica",NT $349/8 ounces,93.0
9.0,9.0,9.0,Medium-Light,"Atok Benguet, northern Philippines",$17.50/6 ounces,92.0
9.0,9.0,9.0,Medium-Light,"Urrao, Antioquia, Colombia",$25.00/12 ounces,93.0
9.0,8.0,9.0,Medium-Light,"Atok Benguet, northern Philippines",$30.00/12 ounces,93.0
9.0,9.0,9.0,Medium-Light,"Huehuetenango, Guatemala",$28.00/12 ounces,95.0
8.0,8.0,9.0,Light,"Guji Zone, Oromia Region, southern Ethiopia",$22.00/12 ounces,91.0
8.0,8.0,9.0,Medium-Light,"Atiquizaya, Apaneca-Ilamatepec Mountains, El Salvador",$19.00/12 ounces,92.0
9.0,8.0,9.0,Medium-Light,"Guji Zone, Oromia Region, Southern Ethiopia",$20.00/12 ounces,92.0
8.0,8.0,9.0,Medium-Light,Tanzania,$21.00/12 ounces,92.0
9.0,8.0,9.0,Light,Ethiopia,$19.00/12 ounces,92.0
9.0,8.0,9.0,Medium-Light,"Kiambu County, Kenya",$24.00/12 ounces,92.0
9.0,8.0,9.0,Light,"Nyeri County, Kenya",$22.00/10 ounces,93.0
9.0,9.0,9.0,Light,"Guji Zone, Oromia Region, Southern Ethiopia",$20.00/12 ounces,93.0
9.0,8.0,9.0,Medium-Light,"Kiambu County, Kenya",$19.95/12 ounces,93.0
9.0,9.0,9.0,Medium-Light,"Boquete growing region, Panama",$15.00/8 ounces,94.0
9.0,9.0,9.0,Medium-Light,"Apaneca-Ilamatepec growing region, El Salvador",$20.95/12 ounces,93.0
9.0,9.0,9.0,Light,"Odo Shakiso District, Guji Zone, southern Ethiopia",$20.95/12 ounces,94.0
9.0,8.0,9.0,Medium-Light,"Caranavi, Bolivia",$30.00/12 ounces,93.0
9.0,9.0,9.0,Light,"Valle de Cauca Department, Colombia",$65.00/8 ounces,94.0
9.0,8.0,9.0,Light,"Kiambu growing region, south-central Kenya",NT $500/225 grams,92.0
9.0,9.0,9.0,Medium-Light,"Kiambu growing region, south-central Kenya",NT $650/225 grams,95.0
9.0,9.0,9.0,Medium-Light,"Sidamo growing region, south-central Ethiopia",NT $550/225 grams,95.0
9.0,8.0,9.0,Light,"Shakiso District, Guji Zone, Oromia Region, southern Ethiopia",$22.00/285 grams,92.0
8.0,9.0,9.0,Light,"Ciudad Bolivar, Antioquia, Colombia",$21.00/225 grams,92.0
8.0,9.0,9.0,Medium-Light,Guatemala; Honduras; Colombia,NT $225/8 ounces,93.0
9.0,9.0,9.0,Light,"Arbegona, Sidamo growing region, south-central Ethiopia",NT $390/8 ounces,94.0
8.0,9.0,8.0,Medium-Light,Guatemala; Brazil; Colombia; Ethiopia,NT $350/225 grams,92.0
9.0,9.0,9.0,Light,"Gedeo Zone, SNNPR, southern Ethiopia",NT $450 /4 ounces,94.0
9.0,9.0,9.0,Medium-Light,"Acatenango, Chimaltenango, Guatemala",NT $290/8 ounces,94.0
9.0,9.0,9.0,Light,"Cañas Verdes, Boquete growing region, western Panama","NT $1,000/4 ounces",95.0
9.0,9.0,9.0,Medium-Light,"Apaneca-Ilamatepec, El Salvador",NT $500/4 ounces,96.0
9.0,9.0,10.0,Medium-Light,"Holualoa, North Kona growing district, “Big Island” of Hawai’i",$69.95/8 ounces,96.0
9.0,9.0,9.0,Medium-Light,"Agua Dulce, Cuilco, Huehuetenango, Guatemala",$17.00/12 ounces,93.0
9.0,8.0,9.0,Medium-Light,"Matagalpa growing region, Nicaragua",$160.00/12 ounces,92.0
9.0,9.0,9.0,Medium-Light,"Apaneca-Ilamatepec growing region, El Salvador",$16.00/230 grams,94.0
9.0,9.0,9.0,Light,"Cauca Department, Colombia",$50.00/4 ounces,95.0
9.0,8.0,9.0,Light,Costa Rica; Colombia,NT $360/8 ounces,92.0
9.0,8.0,9.0,Light,"Gedeb District, Gedeo Zone, southern Ethiopia",NT $360/8 ounces,93.0
9.0,8.0,9.0,Medium-Light,"Guinope, Honduras",NT $380/200 grams,93.0
9.0,8.0,9.0,Medium-Light,"Chaguarpamba, Loja Province, Ecuador",NT $950/227 grams,93.0
9.0,9.0,9.0,Light,"Yirgacheffe growing region, southern Ethiopia",NT $500/227 grams,94.0
8.0,9.0,9.0,Medium-Light,Ethiopia; Peru; Colombia; Honduras,NT $250/227 grams,92.0
9.0,9.0,9.0,Medium-Light,"Montecillos, Honduras",NT $250/227 grams,93.0
9.0,8.0,9.0,Medium-Light,"Kirinyaga County, south-central Kenya",NT $300/227 grams,92.0
9.0,8.0,9.0,Medium-Light,"Yirgacheffe growing region, southern Ethiopia",NT $300/227 grams,93.0
9.0,8.0,9.0,Medium-Light,"Nakuru County, Kenya",$19.00/12 ounces,92.0
8.0,8.0,8.0,Medium-Light,"Matagalpa Department, Nicaragua",$28.00/6 ounces,90.0
9.0,8.0,9.0,Medium-Light,"Sur de Huila, Huila Department, Colombia",$15.95/12 ounces,93.0
9.0,9.0,9.0,Medium-Light,"Odo Shakiso District, Guji Zone, southern Ethiopia",$18.00/12 ounces,94.0
9.0,9.0,9.0,Medium-Light,"Agaro Gera, Jimma Zone, Oromia State, Ethiopia",$28.00/12 ounces,94.0
9.0,8.0,9.0,Light,"Bench-Maji Zone, Southern Ethiopia",NT $299/100 grams,94.0
9.0,9.0,9.0,Medium-Light,"Ka'u growing region, Big Island of Hawai’i",$25.00/4 ounces,94.0
8.0,8.0,9.0,Medium,"Bukidnon, Mindanao, Philippines",$30.00/12 ounces,91.0
9.0,8.0,9.0,Medium-Light,"Valle del Cauca Department, Colombia",£11.15/250 grams,92.0
9.0,9.0,9.0,Medium-Light,"Valle del Cauca Department, Colombia",$30.00/12 ounces,93.0
9.0,9.0,9.0,Medium-Light,El Salvador,HKD $428/150 grams,93.0
9.0,8.0,9.0,Medium-Light,"Gedeb District, Gedeo Zone, southern Ethiopia",HKD $428/150 grams,93.0
9.0,9.0,9.0,Medium-Light,Brazil; Colombia,NT $280/200 grams,93.0
9.0,8.0,9.0,Medium-Light,"Nariño Department, southern Colombia",$24.00/12 ounces,93.0
9.0,9.0,9.0,Medium-Light,"Yautepec, Miahuatlán, Oaxaca State, Mexico",$20.00/12 ounces,93.0
9.0,9.0,9.0,Medium-Light,"Yirgacheffe growing region, southern Ethiopia",$20.00/12 ounces,94.0
9.0,9.0,9.0,Light,"Sidamo growing region, southern Ethiopia",NT $1700/200 grams,95.0
9.0,9.0,9.0,Medium-Light,"Nyeri growing region, south-central Kenya",$22.00/12 ounces,94.0
9.0,9.0,9.0,Medium-Light,"Aceh Province, Sumatra, Indonesia",$23.00/10 ounces,92.0
9.0,8.0,9.0,Medium-Light,"Kayanza, Burundi",$26.00/10 ounces,93.0
9.0,9.0,9.0,Medium-Light,"Yirgacheffe growing region, southern Ethiopia",$20.50/12 ounces,94.0
9.0,9.0,9.0,Light,"Trujillo, Valle del Cauca Department, Colombia",$59.00/8 ounces,95.0
9.0,9.0,9.0,Medium-Light,"Piendamó, Cauca Department, Colombia",$25.00/8 ounces,95.0
9.0,8.0,9.0,Medium-Light,"Huehuetenango, Guatemala",$19.00/12 ounces,93.0
9.0,9.0,9.0,Medium-Light,"Tarrazu growing region, Costa Rica",HKD $148/200 grams,93.0
9.0,9.0,9.0,Light,"La Concordia, Chiapas State, Mexico",HKD $498/100 grams,94.0
9.0,9.0,9.0,Medium-Light,"Tolima, Colombia",$19.95/12 ounces,93.0
9.0,9.0,9.0,Medium-Light,"Yirgacheffe growing region, southern Ethiopia",HKD $128/200 grams,94.0
9.0,9.0,9.0,Light,"San Jose, Caldas, Colombia",$32.95/12 ounces,94.0
8.0,9.0,9.0,Medium-Light,"Sul de Minas, Cerrado Mineiro, Mogiana, and Matas de Minas growing regions, Brazil",HKD $250/150 grams,92.0
9.0,9.0,9.0,Medium-Light,"Sul de Minas, Cerrado Mineiro, Mogiana, and Matas de Minas growing regions, Brazil",HKD $350/150 grams,93.0
9.0,9.0,9.0,Light,"Piedra Candela, Panama",HKD $530/150 grams,94.0
9.0,9.0,9.0,Medium-Light,"Algeciras, Huila Department, Colombia",$30.00/12 ounces,94.0
9.0,9.0,9.0,Light,"Sidamo growing region, south-central Ethiopia",HKD $650/150 grams,95.0
9.0,9.0,9.0,Light,"Yirgacheffe growing region, southern Ethiopia",$27.00/12 ounces,95.0
9.0,8.0,9.0,Light,"Sidamo growing region, south-central Ethiopia",NT $369/8 ounces,93.0
9.0,8.0,9.0,Medium-Light,"La Sierra, Cauca Department, Colombia",$18.99/8 ounces,93.0
9.0,9.0,9.0,Medium-Light,"Gedeb District, Gedeo Zone, southern Ethiopia",$23.00/12 ounces,93.0
8.0,9.0,9.0,Medium-Light,"Chimaltenango, Guatemala",$24.50/12 ounces,93.0
9.0,8.0,9.0,Light,"Kiambu growing region, south-central Kenya",$24.00/12 ounces,93.0
9.0,8.0,9.0,Light,"Tolima, Colombia",$24.00/8 ounces,93.0
9.0,9.0,9.0,Light,"Sidamo growing region, south-central Ethiopia",$35.00/10 ounces,94.0
9.0,9.0,9.0,Medium-Light,"Chelchele, Gedeb District, Gedeo Zone, Ethiopia",$24.00/12 ounces,94.0
9.0,9.0,9.0,Light,"Sidamo growing region, south-central Ethiopia",$40.00/10 ounces,94.0
9.0,9.0,9.0,Medium-Light,"Yirgacheffe growing region, southern Ethiopia",$23.50/12 ounces,94.0
9.0,8.0,9.0,Medium-Light,"Siltepec, Chiapas State, Mexico",$22.00/12 ounces,91.0
9.0,8.0,9.0,Medium-Light,"Santander Department, Colombia",$20.00/12 ounces,93.0
9.0,8.0,9.0,Medium-Light,"Quindio Department, Colombia",$28.00/12 ounces,93.0
9.0,9.0,9.0,Medium-Light,"Sabanilla de Alajuela, Alajuela Province, Costa Rica",$17.95/12 ounces,93.0
9.0,9.0,9.0,Light,"Coatepec, Veracruz State, Mexico",$40.00/12 ounces,94.0
9.0,9.0,9.0,Medium-Light,"Yirgacheffe growing region, southern Ethiopia",$20.00/6 ounces,95.0
9.0,9.0,9.0,Light,"Bombe Mountains, Sidama Region, Ethiopia",$25.00/12 ounces,95.0
9.0,8.0,9.0,Medium-Light,Colombia; Ethiopia,NT $459/8 ounces,91.0
9.0,9.0,8.0,Medium-Light,"Tolima, Colombia",NT $429/8 ounces,92.0
9.0,9.0,9.0,Medium-Light,"Las Flores, Marcala, La Paz, Honduras",NT $459/8 ounces,93.0
9.0,8.0,9.0,Medium-Light,Costa Rica; Honduras; Indonesia,NT $249/8 ounces,93.0
9.0,9.0,9.0,Light,"Guji Zone, Oromia Region, southern Ethiopia",NT $399/8 ounces,93.0
9.0,8.0,9.0,Medium-Light,"Huila Department, Colombia",$19.00/12 ounces,93.0
9.0,9.0,9.0,Medium-Light,"Gedeo Zone, southern Ethiopia",NT $350/8 ounces,94.0
9.0,9.0,9.0,Light,"Yirgacheffe growing region, southern Ethiopia",NT $459/8 ounces,94.0
9.0,9.0,9.0,Light,"Bench-Maji Zone, southern Ethiopia",NT $400/8 ounces,95.0
9.0,9.0,9.0,Medium-Light,"Manakhah, Sana'a, Yemen",NT $900/4 ounces,95.0
9.0,9.0,9.0,Light,"Naranjo, Alajuela Province, Costa Rica",$24.00/12 ounces,93.0
9.0,9.0,9.0,Light,"Embu County, Eastern Province, Kenya",NT $340/8 ounces,95.0
9.0,9.0,9.0,Medium-Light,"Jinotega Department, Nicaragua",$19.00/175 grams,94.0
9.0,9.0,10.0,Medium-Light,"Guji Zone, Oromia Region, southern Ethiopia",NT $375/8 ounces,96.0
9.0,9.0,9.0,Light,"Jinotega Department, Nicaragua",$19.25/12 ounces,93.0
9.0,8.0,9.0,Medium-Light,"Yirgacheffe growing region, southern Ethiopia",$17.95/12 ounces,93.0
9.0,9.0,9.0,Medium-Light,"San Lucas Tolimán, Lake Atitlán growing region, Guatemala",$16.00/12 ounces,93.0
9.0,8.0,9.0,Medium-Light,"Guji Zone, Oromia Region, Southern Ethiopia",NT $550/250 grams,92.0
9.0,9.0,9.0,Medium-Light,"Nyamasheke District, Lake Kivu, Rwanda",$26.00/12 ounces,94.0
9.0,9.0,9.0,Light,"Caicedonia, Valle de Cauca Department, Colombia",$23.00/10 ounces,94.0
9.0,9.0,9.0,Light,"Algeciras, Huila Department, Colombia",$45.00/12 ounces,95.0
8.0,8.0,9.0,Medium-Light,"Santa Maria de Dota, Tarrazu growing region, Costa Rica",$20.00/12 ounces,91.0
8.0,8.0,9.0,Medium-Light,"Jinotega Department, Nicaragua",$16.00/150 grams,92.0
8.0,8.0,9.0,Medium-Light,"Villa Canales, Guatemala Department, Guatemala",$20.00/12 ounces,91.0
9.0,8.0,9.0,Light,"Boquete growing region, Panama",NT $380/200 grams,92.0
8.0,9.0,9.0,Medium-Light,"Apaneca-Ilamatepec growing region, El Salvador",NT $550/200 grams,92.0
9.0,8.0,9.0,Medium-Light,"Apaneca-Ilamatepec growing region, El Salvador",$25.99/10 ounces,92.0
8.0,8.0,9.0,Medium-Light,"La Libertad, Huehuetenango Department, Guatemala",$19.00/12 ounces,92.0
8.0,9.0,9.0,Medium-Light,"Tojquia, Huehuetenango Department, Guatemala",$21.00/12 ounces,93.0
9.0,8.0,9.0,Medium-Light,"Santa Barbara Department, Honduras",$25.00/250 grams,93.0
9.0,9.0,9.0,Medium-Light,"La Libertad, Huehuetenango Department, Guatemala",$22.00/6 ounces,94.0
8.0,9.0,9.0,Medium-Light,"Alishan growing region, Taiwan","NT $1,500/250 grams",91.0
9.0,9.0,9.0,Light,"Valle de Cauca, Colombia",NT$500/4 ounces,94.0
9.0,9.0,9.0,Medium-Light,"Fraijanes Plateau, Guatemala",$10.00 / 8 ounces,93.0
9.0,9.0,9.0,Light,"Guji Zone, Oromia Region, southern Ethiopia",$10.00/4 ounces,95.0
8.0,9.0,9.0,Medium-Light,Guatemala; Nicaragua; Ethiopia; Costa Rica; Indonesia; Brazil,$10.00/16 ounces,93.0
9.0,9.0,9.0,Medium,Ethiopia; Guatemala; El Salvador; Panama; Costa Rica,NT $550/200 grams,95.0
9.0,8.0,9.0,Medium-Light,"Sierra Madre, Chiapas State, Mexico",$17.00/12 ounces,92.0
9.0,9.0,9.0,Medium-Light,"Armenia, Quindio Department, Colombia",$25.00/8 ounces,94.0
9.0,9.0,9.0,Light,"Armenia, Quindio Department, Colombia; Ethiopia",$25.00/8 ounces,93.0
9.0,9.0,9.0,Medium-Light,"Armenia, Quindio Department, Colombia",$25.00/8 ounces,94.0
9.0,9.0,9.0,Light,"Armenia, Quindio Department, Colombia",$25.00/8 ounces,93.0
9.0,9.0,9.0,Medium-Light,"Armenia, Quindio Department, Colombia",$25.00/8 ounces,95.0
8.0,8.0,9.0,Medium-Light,"Antigua growing region, Guatemala",$5/12 ounces,91.0
9.0,9.0,8.0,Medium,"Antigua growing region, Guatemala",$5.00/12 ounces,91.0
9.0,8.0,9.0,Medium-Light,"Antigua growing region, Guatemala",$16.50/12 ounces,92.0
9.0,9.0,9.0,Medium-Light,"Cobán growing region, Alta Verapaz Department, Guatemala",$13.00/12 ounces,94.0
9.0,9.0,9.0,Medium-Light,"Antigua growing region, Guatemala",$20.00/12 ounces,94.0
9.0,9.0,9.0,Medium-Light,"El Salvador, Guatemala",$18.00/12 ounces,93.0
9.0,9.0,9.0,Light,"Cauca Department, Colombia",NT$700/8 ounces,93.0
8.0,9.0,9.0,Medium-Light,"Tarrazu growing region, Costa Rica",NT$650/230g,92.0
9.0,9.0,9.0,Medium-Light,"Cauca Department, Colombia",NT $520/200g,95.0
9.0,9.0,9.0,Medium-Light,"Tarrazu growing region, Costa Rica",$NT$1000/200g,93.0
8.0,8.0,8.0,Medium-Light,"Tarrazu growing region, Costa Rica",NT$600/200g,90.0
9.0,8.0,9.0,Light,"Cauca Department, Colombia",NT$840/225g,92.0
9.0,9.0,9.0,Medium-Light,"Djimma growing region, Oromia State, Ethiopia",$22.00/12 ounces,95.0
9.0,8.0,9.0,Light,"Guji Zone, Oromia Region, Southern Ethiopia",NT$275/8 ounces,92.0
9.0,9.0,9.0,Light,Ethiopia; Colombia,NT$399/8 ounces,94.0
9.0,9.0,9.0,Medium-Light,"Nyeri growing region, south-central Kenya",NT $500/227 grams,95.0
9.0,9.0,9.0,Medium-Light,"Western Highlands Province, Papua New Guinea",NT $550/227 grams,94.0
9.0,9.0,9.0,Medium-Light,Kenya; Costa Rica; Ethiopia,NT $550/454 grams,94.0
8.0,9.0,9.0,Medium-Light,Brazil; Costa Rica; Guatemala,NT $550/454 grams,93.0
9.0,9.0,9.0,Light,"Yirgacheffe growing region, southern Ethiopia",NT $460/8 ounces,95.0
9.0,9.0,9.0,Medium-Light,"Cajamarca, Peru",$30.00/ 12 ounces,93.0
9.0,8.0,9.0,Medium-Light,"Nyeri County, Kenya",$18.05/12 ounces,93.0
9.0,9.0,9.0,Light,"Worka-Sakaro, Gedeb District, Gedeo Zone, Ethiopia",$8.40/4 ounces,93.0
9.0,8.0,9.0,Medium-Light,"Nyeri County, south-central Kenya",NT $520/227 grams,93.0
9.0,9.0,9.0,Light,"Pijao, Quindio Department, Colombia",CAD $30.00/250 grams,94.0
9.0,9.0,9.0,Medium-Light,"Nariño, Colombia",$25.00/12 ounces,92.0
9.0,8.0,9.0,Medium-Light,"Tarrazú, Costa Rica",$25.00/12 ounces,93.0
10.0,9.0,9.0,Light,"Guji Zone, Oromia Region, southern Ethiopia",$12.50/100 grams,95.0
8.0,9.0,9.0,Medium-Light,Colombia,$13.00/250 grams,90.0
9.0,9.0,9.0,Light,"Sidamo growing region, Ethiopia",NT $450/200 grams,93.0
8.0,8.0,9.0,Light,"Yirgacheffe growing region, southern Ethiopia",NT $500/200 grams,92.0
9.0,8.0,9.0,Medium-Light,"Yirgacheffe growing region, southern Ethiopia",$13.00/250 grams,92.0
9.0,8.0,9.0,Light,"Yirgacheffe growing region, southern Ethiopia",NT $450/200 grams,92.0
8.0,9.0,9.0,Medium-Light,"Guji Zone, Oromia Region, Ethiopia",$13.00/250 grams,92.0
9.0,9.0,9.0,Medium-Light,"Nyeri growing region, south-central Kenya",$14.00/250 grams,94.0
9.0,8.0,9.0,Medium-Light,"Masaguara, Intibucá Department, Honduras",NT $200/8 ounces,93.0
9.0,9.0,9.0,Light,"Guji Zone, Oromia Region, southern Ethiopia",NT $325/8 ounces,95.0
9.0,9.0,9.0,Medium-Light,"Kiambu County, Kenya",$27.00/14 ounces,94.0
9.0,9.0,10.0,Medium-Light,"Holualoa, North Kona growing district, “Big Island” of Hawai’i",$47.95/8 ounces,96.0
9.0,9.0,9.0,Light,Ethiopia; Colombia,NT $400/8 ounces,92.0
8.0,9.0,9.0,Medium-Light,Ethiopia; Honduras,NT $400/8 ounces,92.0
9.0,9.0,9.0,Medium-Light,"Embu County, Kenya",NT $400/8 ounces,94.0
8.0,9.0,9.0,Medium,Not disclosed,$16.95/12 ounces,92.0
9.0,9.0,9.0,Medium-Light,"Nyeri growing region, south-central Kenya",$21.95/12 ounces,94.0
9.0,9.0,9.0,Medium-Light,"Guji Zone, Oromia Region, Southern Ethiopia",NT $550/200 grams,94.0
9.0,9.0,9.0,Light,"Guji Zone, Oromia Region, Southern Ethiopia",NT $550/200 grams,95.0
9.0,9.0,9.0,Medium-Light,"Congonama, Loja, Ecuador",$20.00/12 ounces,94.0
9.0,8.0,9.0,Light,"Bench-Maji Zone, southern Ethiopia",NT $520/227 grams,93.0
8.0,9.0,9.0,Medium-Light,"La Dalia, Matagalpa Department, northern Nicaragua",$18.00/12 ounces,92.0
9.0,8.0,9.0,Medium-Light,"Nariño Department, Colombia",$19.00/12 ounces,93.0
9.0,9.0,9.0,Medium-Light,"Cusco Region, Peru",$26.00/12 ounces,94.0
9.0,9.0,9.0,Medium-Light,"Trujillo, Valle del Cauca Department, Colombia",$26.00/12 ounces,94.0
9.0,9.0,8.0,Medium-Light,"Mathira West District, Nyeri County, Kenya",$15.00/8 ounces,92.0
9.0,9.0,9.0,Medium-Light,"Guerrero State, Mexico",$32.25/8 ounces,94.0
9.0,8.0,9.0,Medium-Light,"Chimaltenango, Guatemala",$22.00/12 ounces,93.0
9.0,9.0,9.0,Medium-Light,"Acatenango, Chimaltenango Department, Guatemala",NT $350/8 ounces,94.0
9.0,9.0,9.0,Medium-Light,"Acatenango, Chimaltenango Department, Guatemala",NT $240/8 ounces,94.0
9.0,9.0,9.0,Medium-Light,"Muhanga, Rwanda",$22.00/12 ounces,94.0
9.0,9.0,9.0,Light,"Guji Zone, Oromia Region, southern Ethiopia",NT $350/4 ounces,95.0
9.0,9.0,9.0,Light,"Sidamo growing region, southern Ethiopia",NT $300/4 ounces,95.0
9.0,9.0,9.0,Light,"Agaro Gera, Jimma Zone, Oromia State, Ethiopia",$25.50/12 ounces,95.0
9.0,9.0,10.0,Medium-Light,"Nyeri growing region, south-central Kenya",NT $390/8 ounces,96.0
9.0,9.0,9.0,Medium-Light,"Holualoa, Kona, Big Island of Hawai’i",$49.00/10 ounces,94.0
9.0,9.0,9.0,Light,"Holualoa, Kona, Big Island of Hawai’i",$29.00/4 ounces,94.0
9.0,8.0,9.0,Light,"Nyeri growing region, south-central Kenya",NT $500/8 ounces,92.0
9.0,8.0,9.0,Medium-Light,"Lam Dong Province, Vietnam",$25.00/12 ounces,92.0
9.0,9.0,9.0,Light,"Pichincha Province, Ecuador",NT $450/8 ounces,93.0
9.0,9.0,9.0,Light,"Nyeri growing region, south-central Kenya",NT $750/230 grams,94.0
9.0,8.0,9.0,Medium-Light,Thailand; Vietnam; Latin America,$19.00/12 ounces,93.0
9.0,8.0,9.0,Medium-Light,"Pingtung, Taiwan",NT $888/225 grams,92.0
9.0,9.0,9.0,Light,"Huila Department, Colombia",$26.00/10 ounces,95.0
9.0,9.0,9.0,Light,"Gedeo Zone, SNNP Region, southern Ethiopia",NT $550/200 grams,95.0
9.0,9.0,9.0,Medium-Light,"Western Province, Rwanda",$18.95/12 ounces,93.0
9.0,8.0,9.0,Medium,"Holualoa, North Kona growing district, “Big Island” of Hawai’i",$23.00/8 ounces,93.0
9.0,8.0,9.0,Medium,"Cap Haitien, Haiti",$16.99/12 ounces,91.0
9.0,8.0,9.0,Light,Colombia,$17.99/12 ounces,92.0
9.0,9.0,9.0,Medium,Dominican Republic; Honduras,$17.99/12 ounces,93.0
9.0,9.0,9.0,Medium-Light,"Huarango, San Ignacio, Cajamarca growing region, Peru",$17.00/12 ounces,94.0
9.0,9.0,9.0,Light,"Valle del Cauca Department, Colombia",$80.00/8 ounces,95.0
9.0,9.0,9.0,Medium-Light,"Tolima Department, Colombia",$39.50/12 ounces,94.0
9.0,9.0,10.0,Medium-Light,"Karundu, Nyeri County, Kenya",$24.00/12 ounces,96.0
8.0,8.0,9.0,Medium-Light,"Chiapas, Mexico",$16.70/12 ounces,91.0
8.0,8.0,9.0,Medium-Light,"La Cañada, Oaxaca, Mexico",$26.00/12 ounces,91.0
8.0,9.0,9.0,Medium-Light,"Nyarita, Mexico",$25.00/14 ounces,92.0
9.0,9.0,9.0,Medium-Light,"Oaxaca, Mexico",$19.00/12 ounces,93.0
9.0,9.0,9.0,Medium-Light,"Kochere District, Gedeo Zone, Ethiopia",$12.00/12 ounces,93.0
9.0,9.0,8.0,Light,"Eastern Highlands, Papua New Guinea",$17.00/12 ounces,92.0
10.0,9.0,9.0,Light,"Sidamo growing region, southern Ethiopia",$24.00/12 ounces,95.0
9.0,8.0,9.0,Light,"Guji Zone, Oromia Region, southern Ethiopia",NT $429/8 ounces,93.0
9.0,9.0,9.0,Medium-Light,"Aceh Province, Sumatra, Indonesia",NT $399/8 ounces,93.0
8.0,9.0,9.0,Medium-Light,"La Coipa, Cajamarca, Peru",$19.95/12 ounces,91.0
9.0,9.0,9.0,Light,"La Union, Nariño, Colombia",$18.50/12 ounces,94.0
9.0,9.0,9.0,Medium-Light,"Caldas, Colombia",$28.50/12 ounces,95.0
9.0,8.0,9.0,Medium-Light,"Guji Zone, Oromia Region, Ethiopia",$22.00/12 ounces,93.0
9.0,9.0,9.0,Medium-Light,"Planadas, Tolima, Colombia",$24.00/8 ounces,94.0
9.0,9.0,9.0,Medium-Light,"Gedeb District, Gedeo Zone, southern Ethiopia",$22.00/12 ounces,95.0
9.0,8.0,9.0,Medium-Light,"Jinotega, Nicaragua",$17.50/12 ounces,93.0
10.0,8.0,10.0,Medium-Light,"Holualoa, North Kona growing district, “Big Island” of Hawai’i",$54.95/8 ounces,96.0
9.0,8.0,9.0,Medium-Light,"Antigua growing region, Guatemala",$17.00/12 ounces,93.0
9.0,8.0,9.0,Medium-Light,"Coatepec, Veracruz State, Mexico",$17.00/12 ounces,93.0
8.0,9.0,9.0,Medium-Light,"Cusco Province, Peru",NT $500/227 grams,92.0
8.0,8.0,9.0,Light,"Yirgacheffe growing region, southern Ethiopia",NT $600/227 grams,92.0
9.0,9.0,9.0,Medium-Light,Ethiopia; Costa Rica,NT $500/227 grams,93.0
9.0,9.0,9.0,Light,"Boquete growing region, western Panama",$60.00/150 grams,95.0
9.0,9.0,9.0,Medium-Light,"San José de Minas, Pichincha Province, Ecuador",$25.00/8 ounces,94.0
9.0,9.0,9.0,Medium-Light,"Piedra Candela, Chiriqui Province, far western Panama",$50.00/4 ounces,94.0
9.0,9.0,9.0,Medium-Light,"Vereda Santa Rita, Manizales, Caldas, Colombia",$18.00/8 ounces,94.0
9.0,9.0,9.0,Medium-Light,"Piedra Candela, Chiriqui Province, far western Panama",$50.00/4 ounces,95.0
9.0,9.0,9.0,Medium-Light,"Agaro Gera, Jimma Zone, Oromia State, Ethiopia",$19.00/12 ounces,95.0
8.0,8.0,8.0,Medium-Light,"Cau Dat, southwest Vietnam",$8.00/4 ounces,90.0
9.0,8.0,9.0,Medium-Light,"Antioquia Department, Colombia",$18.50/16 ounces,92.0
9.0,9.0,9.0,Medium-Light,"Djimmah, Oromia Region, Ethiopia",$24.00/12 ounces,93.0
9.0,9.0,9.0,Light,"Aceh Province, Sumatra, Indonesia",$21.50/16 ounces,94.0
9.0,9.0,9.0,Medium-Light,"Aceh Province, Sumatra, Indonesia",$21.00/12 ounces,94.0
9.0,8.0,9.0,Medium-Light,"Pitalito growing region, Huila Department, Colombia",$16.99/12 ounces,92.0
9.0,8.0,9.0,Medium-Light,"Monte Verde, Santa Ana Department, central El Salvador",$15.00/12 ounces,92.0
9.0,8.0,9.0,Light,"Guji Zone, Oromia Region, Ethiopia",NT $500/200 grams,93.0
9.0,9.0,9.0,Medium-Light,"Nyamasheke District, Rwanda",$17.50/12 ounces,93.0
,9.0,9.0,Medium-Light,"Los Santos, Tarrazú, Costa Rica",$17.50/12 ounces,94.0
9.0,8.0,9.0,Medium-Light,"West Valley, Costa Rica",NT $450/227 grams,92.0
9.0,9.0,9.0,Medium-Light,"Sidama growing region, southern Ethiopia",NT $450/227 grams,93.0
9.0,8.0,9.0,Light,"Guji Zone, Oromia Region, Southern Ethiopia",NT $450/227 grams,93.0
9.0,9.0,9.0,Light,"Urrao, Antioquia Department, Colombia",$19.00/6 ounces,94.0
9.0,9.0,9.0,Medium-Light,"Gedeb District, Gedeo Zone, southern Ethiopia",$19.00/12 ounces,94.0
9.0,9.0,9.0,Medium-Light,"Ka‘ū growing region, Big Island of Hawai’i",$30.00/4 ounces,95.0
8.0,8.0,9.0,Medium-Light,"Carmo de Minas growing region, northeastern Minas Gerais State, Brazil",$17.95/12 ounces,90.0
8.0,8.0,9.0,Medium,"Cajamarca region, Peru",$17.95/12 ounces,92.0
9.0,9.0,9.0,Medium-Light,"Alishan, Chia-Yi, Taiwan",NT $550/4 ounces,94.0
9.0,9.0,9.0,Medium-Light,"Gedeo Zone, SNNP Region, southern Ethiopia",NT $350/8 ounces,95.0
8.0,8.0,9.0,Medium-Light,Colombia; Guatemala; Ethiopia,NT $420/200 grams,92.0
9.0,9.0,9.0,Medium-Light,"Tarrazu growing region, Costa Rica",NT $630/200 grams,92.0
9.0,9.0,9.0,Medium-Light,"Guji Zone, Oromia Region, Southern Ethiopia",NT $880/200 grams,94.0
9.0,9.0,9.0,Medium-Light,Ethiopia; Kenya; Bolivia; Panama,NT $500/200 grams,94.0
9.0,8.0,9.0,Medium-Light,Brazil; Guatemala; Nicaragua,NT $460/454 grams,91.0
9.0,8.0,9.0,Medium-Light,"Mercedes Sur, Turrubares, San José Province, Costa Rica",NT $600/200 grams,93.0
9.0,9.0,9.0,Medium-Light,"Mercedes Sur, Turrubares, San José Province, Costa Rica",NT $600/200 grams,94.0
9.0,9.0,9.0,,"Boquete growing region, western Panama",£50/10 capsules,94.0
9.0,9.0,9.0,Light,"Chiriqui Province, western Panama",NT $1800/60 grams,95.0
9.0,9.0,9.0,Medium-Light,"Boquete growing region, Panama",$45.00/12 ounces,95.0
9.0,8.0,9.0,Medium-Light,Ethiopia; Panama; Peru,RM 120/350 grams,92.0
9.0,9.0,9.0,Medium-Light,Mexico; Panama; Colombia,RM 120/350 grams,92.0
9.0,8.0,9.0,Medium-Light,Mexico; Ethiopia; Peru,RM 130/350 grams,93.0
9.0,9.0,9.0,Medium-Light,"Dota, Tarrazú growing region, Costa Rica",$39.45/12 ounces,94.0
9.0,9.0,9.0,Medium-Light,"Huila Department, Colombia",$19.95/12 ounces,93.0
9.0,9.0,9.0,Medium-Light,"Guji Zone, Oromia Region, Ethiopia",$15.95/12 ounces,93.0
9.0,8.0,9.0,Light,"Sidama Region, south-central Ethiopia",$22.00/12 ounces,93.0
9.0,8.0,9.0,Medium-Light,"Carrillos Alto de Poás, Alajuela Province, Costa Rica",$21.00/12 ounces,93.0
9.0,9.0,9.0,Medium-Light,"Marcala growing region, La Paz Department, Honduras",$20.00/12 ounces,93.0
9.0,8.0,9.0,Medium-Light,"Nyeri growing region, south-central Kenya",$23.00/12 ounces,93.0
9.0,8.0,9.0,Medium-Light,Costa Rica; Sumatra,$13.99/12 ounces,92.0
9.0,9.0,9.0,Light,"Pitalito Municipality, Huila Department, Colombia",$19.50/6 ounces,94.0
9.0,9.0,9.0,Medium-Light,"Tarrazú growing region, Costa Rica",$14.00/12 ounces,94.0
9.0,8.0,9.0,Medium-Light,"Gedeb District, Gedeo Zone, southern Ethiopia",NT $349/8 ounces,92.0
9.0,8.0,9.0,Medium-Light,"Tarrazu growing region, Costa Rica",NT $789/8 ounces,93.0
8.0,9.0,9.0,Medium-Light,"Benguet Province, The Philippines",$26.50/6 ounces,92.0
9.0,8.0,9.0,Medium-Light,"Benguet, Philippines",$26.50/6 ounces,93.0
9.0,9.0,9.0,Medium-Light,"Nyeri growing region, south-central Kenya",NT $349/8 ounces,94.0
9.0,9.0,10.0,Medium-Light,"Huila, Colombia",$24.50/5.5 ounces,95.0
9.0,8.0,9.0,Medium-Light,"Sidamo growing region, southern Ethiopia",$19.50/12 ounces,92.0
9.0,9.0,9.0,Medium-Light,"Santa Maria de Dota, Costa Rica",$23.00/12 ounces,94.0
9.0,9.0,9.0,Medium-Light,"Mbozi, Mbeya growing region, southwestern Tanzania",$18.75/12 ounces,95.0
9.0,9.0,9.0,Medium-Light,"Tarrazu growing region, Costa Rica",$18.99/12 ounces,93.0
9.0,9.0,9.0,Medium-Light,"Yirgacheffe growing region, southern Ethiopia",$18.99/12 ounces,94.0
9.0,9.0,9.0,Medium-Light,"Holualoa, Kona, Big Island of Hawai’i",$30.00/4 ounces,95.0
9.0,9.0,10.0,Medium-Light,"Alto Quiel, Panama",$65.00/8 ounces,95.0
9.0,9.0,9.0,Medium,Ethiopia,NT $800/8 ounces,95.0
9.0,9.0,9.0,Medium-Light,"Santa Barbara Department, Honduras",NT $275/8 ounces,94.0
9.0,9.0,9.0,Medium-Light,"Cauca Department, Colombia",NT $500/100 grams,94.0
9.0,9.0,9.0,Medium-Light,"Caicedonia, Valle de Cauca Department, Colombia",$25.00/12 ounces,94.0
9.0,8.0,9.0,Medium-Light,"Quindio Department, Colombia",$30.00/12 ounces,94.0
9.0,8.0,9.0,Medium-Light,"Sidama Region, south-central Ethiopia",$25.00/8 ounces,93.0
9.0,8.0,9.0,Medium-Light,"Guji Zone, Oromia Region, Southern Ethiopia",$18.00/12 ounces,93.0
9.0,9.0,9.0,Medium-Light,"Rivas District, Chirripo Region, Costa Rica",$18.75/12 ounces,93.0
9.0,9.0,9.0,Medium-Light,"Sidama growing region, Ethiopia",$17.75/12 ounces,93.0
9.0,9.0,9.0,Medium,Ethiopia; Kenya; Colombia; Costa Rica,NT $650/8 ounces,95.0
9.0,8.0,9.0,Medium-Light,Nicaragua; Guatemala,$18.00/12 ounces,93.0
9.0,9.0,9.0,Medium-Light,"Guji Zone, Oromia Region, southern Ethiopia",NT $325/8 ounces,95.0
9.0,9.0,9.0,Medium-Light,"Guji Zone, Oromia Region, southern Ethiopia",NT $325/8 ounces,95.0
9.0,9.0,9.0,Medium-Light,"Sidama growing region, Ethiopia",$19.00/12 ounces,94.0
9.0,9.0,9.0,Medium-Light,"Nyeri County, Kenya",$23.00/12 ounces,95.0
9.0,9.0,9.0,Medium-Light,"Kiambu growing region, south-central Kenya",NT $400/8 ounces,96.0
9.0,8.0,9.0,Medium-Light,"Huila Department, Colombia",$19.99/12 ounces,93.0
9.0,9.0,9.0,Medium-Light,"Matagalpa, Nicaragua",$18.00/12 ounces,93.0
8.0,9.0,8.0,Medium-Light,Colombia,$18.00/12 ounces,90.0
9.0,8.0,9.0,Medium-Light,"Antioquia Department, Colombia",$19.50/12 ounces,92.0
10.0,9.0,9.0,Light,"San Lorenzo, Saraguro, Loja, Ecuador",NT $330/113 grams,95.0
9.0,9.0,9.0,Medium-Light,"Pacaybamba growing region, Peru",$30.00/12 ounces,94.0
8.0,8.0,9.0,Medium-Light,Ethiopia; Panama; Guatemala; El Salvador,NT $500/200 grams,92.0
9.0,8.0,9.0,Medium-Light,Guatemala; Costa Rica,NT $500/200 grams,92.0
8.0,8.0,9.0,Medium-Light,"Guji Zone, Oromia Region, southern Ethiopia",NT $450/227 grams,90.0
8.0,8.0,9.0,Medium-Light,"Yirgacheffe growing region, southern Ethiopia",NT $450/227 grams,92.0
9.0,9.0,9.0,Medium-Light,"Sabah State, East Malaysia",$25.00/6 ounces,92.0
9.0,9.0,9.0,Medium-Light,"Quito, Pichincha Province, Ecuador",$18.00/12 ounces,93.0
9.0,8.0,9.0,Medium-Light,"Caicedonia, Valle de Cauca Department, Colombia",$20.00/12 ounces,93.0
9.0,9.0,9.0,Medium,"Atok, Benguet, The Philippines",$27.50/12 ounces,93.0
9.0,9.0,9.0,Medium-Light,"Pitalito, Huila Department, Colombia",$19.00/6 ounces,94.0
9.0,9.0,9.0,Medium-Light,"Quindio Department, Colombia",$30.00/12 ounces,94.0
8.0,9.0,8.0,Medium-Light,"Campestre, Minas Gerais State, Brazil",$18.50/16 ounces,92.0
9.0,8.0,9.0,Medium-Light,"Minas Gerais State, Brazil",NT $340/8 ounces,93.0
9.0,9.0,9.0,Medium-Light,"Chapada Diamantina region, Bahia State, Brazil",$28.00/12 ounces,93.0
8.0,9.0,9.0,Medium-Light,"Alto Caparaó, Minas Gerais State, Brazil",$16.00/5 ounces,93.0
8.0,9.0,9.0,Medium-Light,"Cerrado Mineiro, Brazil",NT $200/115 grams,93.0
9.0,9.0,9.0,Medium-Light,"Serra da Mantiqueira, Brazil",NT $280/8 ounces,93.0
9.0,9.0,9.0,Medium-Light,"Santo Antônio do Amparo, Minas Gerais State, Brazil",NT $600/8 ounces,95.0
10.0,9.0,10.0,Medium-Light,"Sharqi, Haraaz, Yemen",$35.00/8 ounces,97.0
9.0,9.0,9.0,Medium-Light,"Sidama growing region, southern Ethiopia",NT $400/8 ounces,94.0
8.0,9.0,9.0,Medium-Light,"Nyamasheke District, Rwanda",$23.00/12 ounces,92.0
9.0,9.0,9.0,Medium-Light,"Marcala, Honduras",$18.50/12 ounces,93.0
,,,,,,
9.0,9.0,9.0,Medium-Light,"Alajuela, Costa Rica",$23.00/12 ounces,94.0
9.0,9.0,9.0,Medium-Light,"Huehuetenango, Guatemala",$18.00/12 ounces,93.0
9.0,9.0,9.0,Medium-Light,"Nyamasheke District, Western Province, Rwanda",$22.00/12 ounces,94.0
9.0,9.0,9.0,Light,"San Augustín, Huila Department, Colombia",$33.00/200 grams,95.0
9.0,9.0,9.0,Medium,Panama; Honduras; Ethiopia,NT $500/227 grams,95.0
9.0,9.0,9.0,Medium-Light,"Guji Zone, Oromia Region, Southern Ethiopia",NT $350/227 grams,94.0
9.0,9.0,9.0,Light,"Cauca Department, Colombia",$16.00/4 ounces,94.0
9.0,9.0,9.0,Medium-Light,"Pematang Purba, Simalungun, Sumatra, Indonesia",$35.00/12 ounces,93.0
9.0,9.0,9.0,Medium-Light,"Ka‘ū, Big Island of Hawai‘i",$30.00/4 ounces,95.0
9.0,9.0,9.0,Medium-Light,"Haraaz, Yemen",$30.00/4 ounces,95.0
9.0,9.0,9.0,Medium-Light,"Holualoa, Kona, Big Island of Hawai’i",$30.00/4 ounces,94.0
9.0,9.0,9.0,Medium-Light,"Africa, South America, Central America",$17.00/12 ounces,93.0
9.0,9.0,9.0,Medium-Light,"Western Province, Rwanda",$18.00/12 ounces,93.0
9.0,9.0,9.0,Medium-Light,"Upper Waghi Valley, Jiawaka Province, Papua New Guinea",$18.00/12 ounces,93.0
9.0,9.0,9.0,Medium-Light,"Sidama growing region, southern Ethiopia",$19.50/12 ounces,95.0
9.0,8.0,9.0,Medium-Light,"Nyeri County, Kenya",$20.00/12 ounces,93.0
9.0,9.0,9.0,Medium-Light,"South Kivu Province, Democratic Republic of the Congo",$19.00/12 ounces,93.0
9.0,9.0,9.0,Medium,"Nyeri growing region, south-central Kenya",NT $550/200 grams,95.0
9.0,9.0,9.0,Medium-Light,"Ka‘ū, Big Island of Hawai’i",$25.00/4 ounces,94.0
9.0,9.0,9.0,Medium-Light,"Toraja growing region, south-central Sulawesi, Indonesia",$24.00/12 ounces,94.0
9.0,9.0,8.0,Medium-Light,"Antigua growing region, Guatemala",$16.95/12 ounces,92.0
9.0,8.0,9.0,Medium-Light,"Nyakibanda, Huye, Rwanda",$18.00/12 ounces,93.0
9.0,9.0,9.0,Medium-Light,"Tarrazu growing region, Costa Rica",$19.95/12 ounces,93.0
8.0,9.0,9.0,Medium,"Veracruz, Mexico",$18.00/12 ounces,92.0
9.0,9.0,9.0,Medium-Light,"El Diamante, San Ignacio, Cajamarca Department, Peru",$18.00/12 ounces,93.0
9.0,8.0,9.0,Medium-Light,"Kebele Buku Sayisa, Guji Zone, Oromia region, Ethiopia",$24.00/12 ounces,93.0
9.0,8.0,9.0,Medium-Light,"Yautepec, Miahuatlán, Oaxaca State, Mexico",$19.00/12 ounces,93.0
9.0,9.0,9.0,Light,"Tolima Department, Colombia",$26.00/12 ounces,94.0
9.0,8.0,9.0,Medium-Light,"Panchia, Tabaconas, Cajamarca Department, Peru",$19.50/12 ounces,93.0
9.0,9.0,9.0,Medium-Light,"Maunawili growing region, southeastern Oahu, Hawaii",$17.00/4 ounces,94.0
9.0,9.0,9.0,Medium-Light,"Guji Zone, Oromia Region, Ethiopia",$19.00/12 ounces,94.0
9.0,9.0,9.0,Light,"Sidamo growing region, southern Ethiopia",$26.00/12 ounces,95.0
9.0,9.0,9.0,Light,"Buesaco, Nariño Department, Colombia",$17.99/12 ounces,93.0
9.0,9.0,9.0,Medium-Light,"Guji Zone, Oromia Region, southern Ethiopia",$17.99/ 12 ounces,94.0
9.0,9.0,9.0,Medium-Light,"Alishan, Chia-Yi City, Taiwan",NT $400/4 ounces,94.0
9.0,9.0,10.0,Medium-Light,"Amaybamba, Cusco, Peru",NT $700/4 ounces,96.0
8.0,9.0,9.0,Medium,Not disclosed,$13.25/12 ounces,92.0
9.0,9.0,9.0,Medium-Dark,Kenya,$17.95/16 ounces,92.0
9.0,8.0,9.0,Medium-Dark,"Nyeri growing region, south-central Kenya",NT $600/275 grams,93.0
9.0,9.0,9.0,Medium,"Colombia; Guatemala; Sumatra, Indonesia",$15.00/300 grams,93.0
9.0,9.0,9.0,Medium-Dark,"Aceh Province, northern Sumatra, Indonesia",$14.50/12 ounces,93.0
9.0,9.0,9.0,Medium,"Ka’u growing region, Big Island of Hawai’i",$19.95/7 ounces,94.0
9.0,9.0,9.0,Medium,"Mount Kerinci Highlands, Sumatra, Indonesia",$24.50/12 ounces,94.0
9.0,9.0,9.0,Medium-Dark,"Simalungun, Sumatra, Indonesia",$30.00/12 ounces,94.0
9.0,9.0,9.0,Medium-Dark,"San Jose de Minas, Pichincha, Ecuador",NT $3600/100 grams,95.0
9.0,9.0,9.0,Medium,"Holualoa, North Kona growing district, “Big Island” of Hawai’i",$65.95/8 ounces,95.0
9.0,9.0,9.0,Medium-Light,"Villa Rica District, Pasco Department, Peru",NT $700/100 grams,94.0
9.0,9.0,9.0,Medium,"Boquete growing region, western Panama",NT $800/100 grams,95.0
8.0,9.0,9.0,Medium-Light,"Huehuetenengo Department, Guatemala",$20.00/12 ounces,92.0
9.0,8.0,9.0,Medium-Light,"Junín Province, Peru",$20.00/12 ounces,92.0
9.0,9.0,9.0,Medium-Light,"Holualoa, Kona, Big Island of Hawai’i",$30.00/4 ounces,95.0
9.0,8.0,9.0,Medium-Light,"La Piedra de Rivas, Chirripó, Costa Rica",$21.00/12 ounces,93.0
9.0,9.0,9.0,Light,Honduras,NT $295/115 grams,93.0
9.0,9.0,9.0,Medium-Light,Honduras,NT $400/8 ounces,93.0
9.0,9.0,9.0,Medium-Light,"Kirinyaga County, south-central Kenya",NT $360/8 ounces,94.0
9.0,9.0,9.0,Light,"Aceh Province, northern Sumatra Indonesia",NT $350/ 8 ounces,94.0
9.0,9.0,9.0,Medium-Light,"Sidamo (also Sidama) growing region, south-central Ethiopia",$20.00/12 ounces,94.0
9.0,9.0,9.0,Medium-Light,"Bombe mountains, Sidama Region, southern Ethiopia",$19.00/12 ounces,94.0
9.0,9.0,9.0,Light,"Sidamo (also Sidama) growing region, south-central Ethiopia",$26.00/12 ounces,94.0
9.0,9.0,9.0,Medium-Light,"Sidamo (also Sidama) growing region, south-central Ethiopia",$20.00/12 ounces,94.0
9.0,9.0,9.0,Medium-Light,"Guji Zone, Oromia Region, southern Ethiopia",NT $350/8 ounces,95.0
9.0,9.0,10.0,Light,"Huila, Colombia",$48.00/12 ounces,96.0
8.0,8.0,9.0,Medium-Light,"Yirgacheffe growing region, southern Ethiopia",NT $160/227 grams,92.0
8.0,9.0,9.0,Medium,"India, Brazil, Ethiopia, Indonesia, Colombia",NT $160/454 grams,92.0
9.0,8.0,9.0,Medium-Light,Costa Rica; El Salvador; Papua New Guinea,NT $400/225 grams,93.0
9.0,9.0,9.0,Medium-Light,"Gunung Tujuh, Kerinci, Sumatra, Indonesia",$19.00/12 ounces,95.0
9.0,9.0,9.0,Medium-Light,"Santa Elena, Honduras",$21.00/12 ounces,93.0
9.0,9.0,10.0,Medium-Light,"Lintongnihuta, northern Sumatra, Indonesia",$17.50/10 ounces,95.0
9.0,9.0,9.0,Medium-Light,"Siguatepeque, Comayagua Department, Honduras",$18.00/6 ounces,93.0
9.0,9.0,9.0,Medium-Light,"Ka’u growing region, Big Island of Hawai’i",$25.00/4 ounces,95.0
9.0,9.0,9.0,Medium-Light,"Holualoa, Kona growing region, Big Island of Hawai’i",$40.00/4 ounces,94.0
9.0,9.0,9.0,Medium-Light,"Holualoa, North Kona growing district, “Big Island” of Hawai’i",$40.95/4 ounces,94.0
10.0,9.0,10.0,Light,"Cauca, Colombia",$40.00/4 ounces,97.0
9.0,9.0,10.0,Light,"Caicedonia, Valle de Cauca Department, Colombia",$69.00/6 ounces,96.0
9.0,9.0,9.0,Medium-Light,"El Progresso Department, Guatemala",$22.00/12 ounces,93.0
9.0,9.0,9.0,Medium-Light,"Sidamo (also Sidama) growing region, south-central Ethiopia",$17.75/12 ounces,93.0
9.0,9.0,9.0,Medium-Light,Tanzania,$14.50/12 ounces,93.0
9.0,9.0,9.0,Light,"Apaneca, El Salvador",$22.00/12 ounces,94.0
9.0,8.0,9.0,Medium-Light,Costa Rica; Ethiopia,NT $350/200 grams,92.0
8.0,9.0,8.0,Medium-Light,Ethiopia,NT $250/200 grams,92.0
9.0,8.0,9.0,Medium-Light,Central America; South America; Ethiopia,$17.00/12 ounces,93.0
9.0,8.0,9.0,Medium-Light,"Jinotega Department, Nicaragua",$21.00/12 ounces,93.0
9.0,9.0,9.0,Medium-Light,"Al Mashtal ul Burhani, Yemen",$25.00/8 ounces,94.0
9.0,9.0,9.0,Medium-Light,"Piendamó, Cauca Department, Colombia",$18.00/8 ounces,94.0
8.0,8.0,9.0,Light,"Yirgacheffe growing region, south-central Ethiopia",NT $300/8 ounces,91.0
9.0,9.0,9.0,Medium-Light,"Aceh Province, Sumatra, Indonesia",NT $370/225 grams,93.0
8.0,8.0,8.0,Medium-Light,Ethiopia; Brazil; India; Indonesia; Guatemala,NT $250/8 ounces,91.0
9.0,9.0,9.0,Medium-Light,"Yirgacheffe growing region, south-central Ethiopia",NT $450/8 ounces,93.0
9.0,8.0,9.0,Medium-Light,"Sidamo (also Sidama) growing region, south-central Ethiopia",NT $450/8 ounces,93.0
9.0,8.0,9.0,Medium-Light,"New Oriente growing region, Guatemala",NT $380/8 ounces,93.0
9.0,8.0,9.0,Medium-Light,"Konga Village, Gedeo Zone, Ethiopia",NT $370/225 grams,93.0
9.0,9.0,9.0,Medium-Light,"Boquete growing region, Panama",NT $470/225 grams,94.0
9.0,9.0,9.0,Medium-Light,"Trujillo, Valle del Cauca, Colombia",$36.00/8 ounces,94.0
9.0,9.0,9.0,Medium-Light,"Guji Zone, Oromia Region, southern Ethiopia",$19.00/12 ounces,94.0
8.0,8.0,9.0,Medium-Light,"Marcala, La Paz Department, Honduras",$15.99/12 ounces,92.0
9.0,8.0,9.0,Medium-Light,"Lintong growing region, Sumatra, Indonesia",$17.99/12 ounces,92.0
9.0,8.0,9.0,Light,"Guji Zone, Oromia Region, southern Ethiopia",$25.00/12 ounces,92.0
9.0,9.0,9.0,Medium-Light,"Ocotepeque Department, Honduras",$17.99/12 ounces,93.0
9.0,9.0,9.0,Medium-Light,Guatemala; Ethiopia,$17.50/12 ounces,93.0
9.0,8.0,9.0,Medium-Light,"Huehuetenango, Guatemala",$19.00/12 ounces,93.0
9.0,8.0,9.0,Medium-Light,Ethiopia; Guatemala,$16.00/12 ounces,92.0
9.0,8.0,9.0,Medium-Light,Colombia; Ethiopia,$17.00/12 ounces,93.0
9.0,9.0,9.0,Medium-Light,Brazil; Guatemala; Indonesia,$18.00/12 ounces,93.0
9.0,9.0,9.0,Medium,Papua New Guinea; Guatemala,$16.00/12 ounces,93.0
9.0,9.0,9.0,Medium,El Salvador; Guatemala; Honduras,NT $200/8 ounces,93.0
9.0,9.0,9.0,Medium-Light,Kenya; Colombia,NT $490/150 grams,94.0
9.0,9.0,9.0,Medium-Light,Indonesia; Ethiopia,$18.00/12 ounces,94.0
8.0,8.0,9.0,Medium,El Salvador; Guatemala; Nicaragua,NT $800/227 grams,92.0
9.0,8.0,9.0,Medium-Light,Ethiopia; Kenya; Peru,NT $1000/227 grams,93.0
9.0,9.0,9.0,Light,Africa,$11.75/10.5 ounces,94.0
8.0,9.0,9.0,Light,"Tarrazu growing region, Costa Rica",$20.00/12 ounces,91.0
9.0,9.0,9.0,Medium-Light,"Huila Department, Colombia",$23.00/12 ounces,93.0
9.0,9.0,9.0,Light,"Sidama growing region, southern Ethiopia",NT $500/227g,94.0
9.0,8.0,9.0,Medium-Light,"Gedeb District, Gedeo Zone, southern Ethiopia",NT$350/227 grams,93.0
9.0,9.0,9.0,Medium-Light,"Brunca Region, Costa Rica",NT$400/227 grams,94.0
8.0,9.0,9.0,Medium-Light,Ethiopia; Rwanda; Panama,NT $400/240 grams,92.0
9.0,9.0,9.0,Medium-Light,"Sabanilla de Alajuela, Central Valley, Costa Rica",$18.00/8 ounces,94.0
9.0,9.0,9.0,Medium-Light,"Guji Zone, Oromia Region, southern Ethiopia",NT $210/8 ounces,95.0
9.0,9.0,9.0,Medium-Light,"Gedeb District, Gedeo Zone, southern",$20.00/12 ounces,95.0
9.0,9.0,9.0,Medium-Light,"Sipi Falls, Bugisu Region, Uganda",$18.00/12 ounces,93.0
9.0,9.0,10.0,Medium-Light,"Sidama growing region, southern Ethiopia",NT $400/4 ounces,96.0
9.0,9.0,9.0,Light,"Kabiufa, Eastern Highlands, Papua New Guinea",$18.00/12 ounces,95.0
9.0,9.0,9.0,Medium-Light,"Antigua, Guatemala",$19.00/12 ounces,94.0
9.0,8.0,9.0,Light,Colombia; Ethiopia; Kenya,NT $450/240 grams,92.0
9.0,8.0,9.0,Medium-Light,Bolivia,$12.99/12 ounces,92.0
9.0,8.0,9.0,Medium-Light,"Tolima Department, Colombia",$24.95/8 ounces,92.0
9.0,8.0,9.0,Medium-Light,"Dondon, Haiti",$15.99/12 ounces,92.0
9.0,9.0,9.0,Medium-Light,"Los Naranjos, Juayua, Sonsonate, El Salvador",$15.99/12 ounces,94.0
9.0,9.0,9.0,Medium-Light,"Tolima Department, Colombia",$34.95/8 ounces,94.0
9.0,8.0,9.0,Medium,Colombia; Guatemala; Brazil; Ethiopia,NT $300/200 grams,92.0
9.0,8.0,9.0,Medium,Colombia; Guatemala; Brazil; Ethiopia,NT $350/200 grams,93.0
8.0,9.0,9.0,Medium,"Holualoa, North Kona, Big Island of Hawai’i",$35.00/16 ounces,91.0
9.0,8.0,8.0,Medium-Light,Not disclosed,$11.75/10.5 ounces,90.0
9.0,8.0,9.0,Medium,Not disclosed,$11.75/10.5 ounces,92.0
8.0,8.0,9.0,Medium-Light,Ethiopia; Colombia; Honduras,NT $350/230 grams,92.0
9.0,9.0,8.0,Medium-Light,Brazil; Costa Rica; Guatemala; Ethiopia,NT $300/230 grams,93.0
9.0,9.0,9.0,Medium-Light,Ethiopia; Costa Rica,NT $350/230 grams,94.0
9.0,9.0,9.0,Medium-Light,"Tarrazu, Costa Rica",$25.00/12 ounces,92.0
9.0,8.0,9.0,Medium-Light,Ethiopia; Guatemala; Brazil,NT $650/455 grams,92.0
9.0,8.0,9.0,Medium-Light,"Guji Zone, Oromia region, southern Ethiopia",$19.00/12 ounces,92.0
9.0,9.0,9.0,Medium-Light,"Sidama (also Sidamo) growing region, southern Ethiopia",$25.00/8 ounces,94.0
9.0,9.0,9.0,Medium-Light,"Guji Zone, Oromia region, southern Ethiopia",$19.00/12 ounces,94.0
9.0,9.0,9.0,Light,"Boquete, Panama",$25.00/8 ounces,95.0
9.0,8.0,9.0,Light,"Sidama growing region, southern Ethiopia",NT $650/200 grams,93.0
9.0,8.0,9.0,Medium-Light,"Guji Zone, Ethiopia",$24.00/12 ounces,93.0
9.0,8.0,9.0,Medium-Light,"Cauca, Colombia",$29.00/12 ounces,92.0
9.0,8.0,9.0,Medium-Light,"Kirinyaga County, south-central Kenya",$16.95/12 ounces,94.0
9.0,9.0,9.0,Medium-Light,"Hayma Dakhiliya growing region, Sana’a Governorate, Yemen",$13.95/4 ounces,94.0
9.0,9.0,9.0,Medium-Light,"Al Mashtal ul Burhani, Yemen",$20.00/8 ounces,93.0
9.0,9.0,9.0,Medium-Light,"Gedeb District, Gedeo Zone, southern Ethiopia",$25.00/12 ounces,95.0
9.0,9.0,9.0,Light,"Boquete growing region, Panama",$50.00/4 ounces,95.0
9.0,9.0,9.0,Medium-Light,"Trujillo, Valle del Cauca, Colombia",$30.00/8 ounces,95.0
8.0,9.0,9.0,Medium-Light,"Central Valley, Costa Rica",NT $500/227 grams,92.0
9.0,8.0,8.0,Medium-Light,Guatemala; Ethiopia,NT $500/227 grams,92.0
8.0,8.0,8.0,Medium-Light,Huila Colombia,$17.00/12 ounces,88.0
9.0,8.0,9.0,Medium-Light,"Gedeb District, Gedeo Zone, southern Ethiopia",$20.00/12 ounces,92.0
9.0,9.0,9.0,Medium-Light,"Gedeb District, Gedeo Zone, southern Ethiopia",$20.50/12 ounces,93.0
9.0,9.0,9.0,Medium-Light,"Ka’u growing region, Big Island of Hawai’i",$30.00/4 ounces,94.0
9.0,8.0,9.0,Medium-Light,"Gedeb District, Gedeo Zone, southern Ethiopia",$19.00/12 ounces,92.0
9.0,9.0,9.0,Medium-Light,"Nyeri County, Kenya",$22.00/12 ounces,93.0
9.0,9.0,9.0,Medium-Light,"Kona, Big Island of Hawai’i",$25.00/4 ounces,94.0
9.0,9.0,9.0,Medium,"Yirgacheffe growing region, south-central Ethiopia",NT $850/8 ounces,96.0
8.0,7.0,8.0,Medium,Not disclosed,$11.75/10.5 ounces,87.0
7.0,7.0,8.0,Medium-Light,Not disclosed,$12.25/10.5 ounces,86.0
9.0,8.0,9.0,Medium-Light,"Guji Zone, Oromia Region, southern Ethiopia",$16.00/10 ounces,93.0
9.0,9.0,10.0,Medium-Light,"Boquete growing region, western Panama",£100/150-gram packet,96.0
8.0,8.0,9.0,Medium,"Antigua, Guatemala",$5.00/12 ounces,89.0
8.0,7.0,8.0,Light,"Antigua, Guatemala",$13.00/12 ounces,88.0
8.0,8.0,9.0,Medium-Light,"Antigua, Guatemala",$16.50/12 ounces,92.0
8.0,8.0,8.0,Light,"Antigua, Guatemala",$16.50/12 ounces,90.0
9.0,8.0,9.0,Medium,Not disclosed,NT$450/8 ounces,92.0
8.0,8.0,8.0,Medium,"Antigua, Guatemala",$5.00/12 ounces,88.0
8.0,7.0,8.0,Light,"Antigua, Guatemala",$16.50/12 ounces,87.0
8.0,7.0,8.0,Light,"El Progresso Department, Guatemala",$13.00/12 ounces,87.0
9.0,8.0,9.0,Medium-Light,"Antigua, Guatemala",$10.00/12 ounces,92.0
9.0,9.0,9.0,Medium-Light,"Nyeri growing region, south-central Kenya",NT $500/8 ounces,93.0
8.0,8.0,8.0,Light,"Cobán, Alta Verapaz Department, Guatemala",$13.00/12 ounces,90.0
8.0,8.0,8.0,Medium-Light,"Huehuetenango Department, Guatemala",$13.00/12 ounces,90.0
8.0,8.0,8.0,Medium-Light,"Alotenango, Antigua, Guatemala",$13.00/12 ounces,91.0
8.0,8.0,9.0,Light,"Guji Zone, Oromia Region, southern Ethiopia",HKD $208/120 grams,90.0
8.0,9.0,9.0,Medium-Light,"Sidama (also Sidamo) growing region, southern Ethiopia",$17.00/12 ounces,92.0
9.0,9.0,9.0,Medium-Light,"Holualoa, North Kona growing district, “Big Island” of Hawai’i",$62.95/8 ounces,94.0
9.0,8.0,9.0,Medium-Light,"Guji Zone, southern Ethiopia",$25.00/12 ounces,92.0
9.0,9.0,9.0,Medium-Light,"Chiriqui Province, far western Panama",$280.00/70 grams; $200.00/50 grams,95.0
9.0,9.0,9.0,Medium-Light,"Palestina, Huila, Colombia",,94.0
9.0,8.0,9.0,Medium-Light,"Benguet, Philippines",$20.00/6 ounces,93.0
9.0,9.0,9.0,Light,"Jurutungo, Renacimiento, Panama","NT $1,000/4 ounces",94.0
9.0,9.0,9.0,Medium-Light,"Potrerillo Arriba, Boquete, Panama","NT $1,400/4 ounces",95.0
9.0,9.0,10.0,Medium-Light,"Tierras Altas, Chiriquí Province, Panama",NT $1250/4 ounces,96.0
9.0,9.0,9.0,Medium-Light,"Cañas Verdes, Boquete growing region, Panama",$75.00/12 ounces,95.0
9.0,9.0,9.0,Light,"Sidama Region, Ethiopia",NT $375/8 ounces,94.0
9.0,9.0,9.0,Medium-Light,Colombia; Guatemala; Costa Rica; Ethiopia,$20.99/12 ounces,94.0
9.0,9.0,10.0,Medium-Light,"Bona Zuria, Sidama Region, Ethiopia",$21.99/12 ounces,96.0
9.0,9.0,9.0,Medium-Light,"Poás Volcano region, Alajuela Province, Costa Rica",$22.00/12 ounces,95.0
9.0,9.0,9.0,Medium-Light,"Ka’u growing region, Big Island of Hawai’i",$19.00/4 ounces,94.0
9.0,9.0,9.0,Light,"Boquete growing region, western Panama",$50.00/6 ounces,94.0
9.0,9.0,9.0,Medium-Light,Colombia; Brazil; Kenya,NT $380/227 grams,93.0
9.0,9.0,9.0,Medium-Light,Ethiopia; Guatemala; Honduras,NT $350/227 grams,94.0
8.0,9.0,9.0,Light,"San Vito, Puntarenas Province, Costa Rica",NT $500/227 grams,92.0
9.0,9.0,10.0,Light,"Sidama growing region, southern Ethiopia",NT $575/4 ounces,96.0
9.0,9.0,9.0,Medium-Light,"Huila Department, Colombia",$28.00/12 ounces,93.0
9.0,9.0,9.0,Medium-Light,"Hambela Dimtu, Guji, Ethiopia",NT $350/227 grams,94.0
9.0,9.0,9.0,Medium-Light,"Sidamo (also Sidama) growing region, south-central Ethiopia",$35.00/300 grams,94.0
8.0,8.0,9.0,Medium-Light,"Marcala, Honduras",$12.99/12 ounces,91.0
9.0,8.0,9.0,Medium-Light,"Sidamo (also Sidama) growing region, south-central Ethiopia",$20.00/12 ounces,92.0
8.0,9.0,8.0,Medium-Light,Bolivia,$15.99/12 ounces,90.0
9.0,9.0,9.0,Medium-Light,"Nyeri growing region, south-central Kenya",$23.50/12 ounces,93.0
9.0,8.0,9.0,Medium-Light,"Guji Zone, Oromia Region, southern Ethiopia",$15.99/12 ounces,93.0
9.0,9.0,9.0,Medium-Light,"Holualoa, North Kona growing district, “Big Island” of Hawai’i",$49.95/8 ounces,95.0
9.0,9.0,9.0,Medium-Light,"Holualoa, North Kona growing district, “Big Island” of Hawai’i",$89.95/8 ounces,95.0
9.0,9.0,9.0,Medium-Light,"Kirinyaga County, Kenya",$16.50/250 grams,94.0
8.0,8.0,8.0,Light,"Gedeb District, Gedeo Zone, southern Ethiopia",$18.50/12 ounces,90.0
9.0,9.0,9.0,Light,"Caicedonia, Valle del Cauca Department, Colombia",$60.00/8 ounces,95.0
9.0,9.0,10.0,Light,"Acatenango growing region, central Guatemala",NT $375/4 ounces,96.0
9.0,9.0,10.0,Medium-Light,"La Argentina, Huila Department, Colombia",$95.00/4 ounces,96.0
9.0,9.0,9.0,Medium-Light,"Santa Barbara, Antioquia Department, Colombia",$25.00/12 ounces,94.0
10.0,9.0,10.0,Light,"San Augustín, Huila Department, Colombia",¥1680/100 grams,96.0
9.0,9.0,9.0,Light,"Bombe mountains, Sidama Region, southern Ethiopia",$22.00/12 ounces,94.0
9.0,9.0,9.0,Medium,"Gedeb District, Gedeo Zone, southern Ethiopia",$16.00/12 ounces,94.0
9.0,8.0,9.0,Medium-Light,Papua New Guinea; Costa Rica,$16.00/12 ounces,93.0
9.0,9.0,9.0,Light,"Odo Shakiso District, Western Guji, Ethiopia",$25.00/12 ounces,94.0
9.0,9.0,9.0,Medium-Light,"Sidamo (also Sidama) growing region, south-central Ethiopia",$22.00/12 ounces,95.0
9.0,9.0,9.0,Medium-Light,"Tolima Department, Colombia",$19.95/12 ounces,94.0
9.0,9.0,9.0,Light,"Tolima Department, Colombia",$23.00/12 ounces,93.0
9.0,9.0,9.0,Medium-Light,"Holualoa, North Kona growing district, “Big Island” of Hawai’i",$62.95/8 ounces,95.0
9.0,9.0,9.0,Medium-Light,"Kurtistown, Puna, “Big Island” of Hawai’i",$30.00/4 ounces,95.0
9.0,9.0,9.0,Light,"Sidamo (also Sidama) growing region, south-central Ethiopia",$26.50/4 ounces,95.0
9.0,9.0,10.0,Medium-Light,"Holualoa, North Kona growing district, “Big Island” of Hawai’i",$62.95/8 ounces,96.0
9.0,9.0,9.0,Medium-Light,"Nyeri growing region, south-central Kenya",NT $400/120 grams,95.0
9.0,8.0,8.0,Medium-Light,Guatemala; Indonesia,¥78/16 ounces,92.0
9.0,8.0,9.0,Medium-Light,Kenya; Ethiopia,$17.95/12 ounces,92.0
9.0,9.0,9.0,Medium-Light,Ethiopia,¥78/16 ounces,93.0
9.0,8.0,9.0,Medium,"Lincong, Yunnan Province, China",¥88/16 ounces,93.0
9.0,8.0,9.0,Medium-Light,"Sierra Madre, Chiapas, Mexico",$16.00/12 ounces,93.0
9.0,9.0,9.0,Light,"Guji Zone, Oromia Region, Southern Ethiopia",NT $550/250 grams,94.0
9.0,9.0,9.0,Medium-Light,"Kona, Big Island of Hawai’i",$50.00/4 ounces,93.0
9.0,9.0,9.0,Medium-Light,"Hambela Wamena, Guji Zone, Oromia, Ethiopia",$18.00/12 ounces,94.0
9.0,9.0,9.0,Medium-Light,"Risaralda, Caldas Department, Colombia",$11.99/4 ounces,94.0
9.0,9.0,9.0,Medium-Light,"Chelchele, Gedeb District, Gedeo Zone, Ethiopia",$18.00/8 ounces,95.0
9.0,9.0,9.0,Light,"Guji Zone, southern Ethiopia",$18.95/12 ounces,94.0
9.0,9.0,9.0,Medium-Light,"Chalatenango Department, El Salvador",$21.00/12 ounces,95.0
9.0,9.0,9.0,Medium-Light,"Worka-Sakaro, Gedeb District, Gedeo Zone",$19.00/12 ounces,95.0
9.0,9.0,9.0,Light,"Oromia growing region, southern Ethiopia",$28.00/225 grams,93.0
9.0,9.0,9.0,Medium-Light,"Lourdes de Naranjo, West Valley, Costa Rica",$49.99/16 ounces,94.0
9.0,9.0,9.0,Medium-Light,"Kochere, Yirgacheffe growing region, Ethiopia",$20.00/12 ounces,93.0
9.0,9.0,9.0,Light,"Yirgacheffe growing region, southern Ethiopia",NT $400/227 grams,94.0
10.0,9.0,9.0,Medium-Light,"Boquete growing region, western Panama",$22.50/12 ounces,94.0
8.0,8.0,9.0,Medium-Light,"Guji Zone, Oromia Region, Ethiopia",NT $250/227 grams,91.0
9.0,9.0,9.0,Medium-Light,"Mathira West District, Nyeri growing region, Kenya",$24.95/12 ounces,95.0
9.0,9.0,9.0,Light,"Uraga, Guji Zone, Ethiopia",$25.00/12 ounces,94.0
9.0,9.0,9.0,Medium-Light,"Caicedonia, Valle de Cauca Department, Colombia",$42.00/12 ounces,94.0
9.0,9.0,9.0,Medium,"Nyeri growing region, south-central Kenya",NT $850/8 ounces,94.0
9.0,9.0,9.0,Medium-Light,Central America; Africa,$13.99/12 ounces,93.0
9.0,9.0,9.0,Medium-Light,"Gedeb District, Gedeo Zone, southern Ethiopia",$19.49/12 ounces,94.0
9.0,9.0,9.0,Light,"Sama, Ana Sora District, Oromia Region, Ethiopia",$26.00/12 ounces,95.0
9.0,9.0,10.0,Medium-Light,"Nyeri growing region, south-central Kenya",$22.49/12 ounces,96.0
9.0,9.0,9.0,Light,"Guji Zone, Oromia Region, Southern Ethiopia",NT $325/8 ounces,93.0
9.0,9.0,9.0,Medium-Light,"Acatenango growing region, central Guatemala",NT $600/8 ounces,94.0
9.0,9.0,9.0,Medium-Light,"Acatenango growing region, central Guatemala",NT $375/8 ounces,94.0
9.0,9.0,9.0,Medium-Light,"Kochere, Yirgacheffe growing region, south-central Ethiopia",NT $275/8 ounces,94.0
9.0,9.0,9.0,Medium-Light,"Guji Zone, Oromia Region, southern Ethiopia",NT $400/8 ounces,93.0
9.0,8.0,9.0,,"Guji Zone, Oromia Region, Southern Ethiopia",NT $280/10 capsules,93.0
9.0,8.0,9.0,Medium-Light,Ethiopia; El Salvador,$19.50/12 ounces,93.0
9.0,9.0,9.0,Medium-Light,"Siguatepeque, Comayagua Department, Honduras",$16.95/12 ounces,93.0
9.0,9.0,9.0,Medium-Light,"Caicedonia, Valle de Cauca Department, Colombia",$18.95/12 ounces,94.0
9.0,9.0,9.0,Medium-Light,"Chirinos, San Ignacio Province, Peru",$16.95/12 ounces,93.0
9.0,8.0,9.0,Medium-Light,"Al Hayma District, Sana’a Governorate, Yemen",NT $760/4 ounces,92.0
9.0,9.0,9.0,Medium-Light,"Al Hayma District, Sana’a Governorate, Yemen",£25.00/8 18-gram pouches,93.0
9.0,9.0,9.0,Light,"Sana’a Governorate, Yemen",$32.00/6 ounces,93.0
9.0,9.0,9.0,Medium-Light,"Al Hayma District, Sana’a Governorate, Yemen",$40.00/8 ounces,93.0
9.0,8.0,9.0,Medium-Light,"Bani Matar, Sana’a Governorate, Yemen",$10.00/4 ounces,93.0
9.0,9.0,9.0,Medium-Light,"Jabal Haraz, Sana’a Governorate, Yemen",$29.99/5 ounces,94.0
9.0,9.0,9.0,,"Al Wadi region, Sana’a Governorate, Yemen",$32.00/4 ounces,94.0
9.0,9.0,9.0,Medium-Light,"Al Mahjr, Al Hayma District, Yemen",NT $500/4 ounces,95.0
9.0,9.0,10.0,,"Al Hayma region, Sana’a Governorate, Yemen",$45.00/4 ounces,96.0
9.0,8.0,9.0,Medium-Light,Kenya,NT $200/453 grams,92.0
9.0,8.0,9.0,,"Guji Zone, Oromia Region, Southern Ethiopia",NT $280/10 capsules,93.0
9.0,8.0,9.0,Medium-Light,"Minas Gerais State, Brazil",$13.01/12.64 ounces,92.0
9.0,9.0,9.0,Medium-Light,"Dalat, Vietnam",$22.00/12 ounces,93.0
9.0,9.0,9.0,Light,"Gedeb District, Gedeo Zone, southern Ethiopia",$26.00/12 ounces,95.0
9.0,9.0,9.0,Medium-Light,"Odo Shakiso District, Guji Zone, southern Ethiopia",$19.95/12 ounces,93.0
9.0,8.0,9.0,Medium-Light,"Nyeri growing region, south-central Kenya",$18.50/16 ounces,92.0
9.0,9.0,9.0,Medium-Light,"Odo Shakiso District, Guji Zone, southern Ethiopia",$19.95/12 ounces,94.0
9.0,9.0,9.0,Medium-Light,"Aratoca, Santander Department, Colombia",$27.00/12 ounces,94.0
9.0,9.0,9.0,Light,"Guji Zone, Borena Hagermariam District, Ethiopia",$19.00/12 ounces,95.0
9.0,9.0,9.0,Medium-Light,"Kirinyaga County, south-central Kenya",$21.00/12 ounces,95.0
9.0,9.0,9.0,Light,"Tarrazu growing region, Costa Rica",$21.50/8 ounces,95.0
9.0,9.0,9.0,Medium-Light,"Kona, Big Island of Hawai’i",$24.95/4 ounces,94.0
9.0,9.0,9.0,Medium-Light,"Bombe Mountains, Sidama growing region, Ethiopia",$24.95/12 ounces,94.0
9.0,9.0,9.0,Medium-Light,"Banti Nenga, Oromia Region, Ethiopia",$16.95/12 ounces,93.0
9.0,9.0,9.0,Light,"Boquete growing region, western Panama",$24.95/4 ounces,95.0
9.0,8.0,9.0,Medium-Light,"Guji Zone, Oromia Region, south-central Ethiopia",NT $300/225 grams,93.0
8.0,8.0,8.0,Medium-Light,"Alishan, Taiwan",NT $1580/250 grams,90.0
9.0,8.0,9.0,Medium-Light,"Vale da Grama, Minas Gerais State, Brazil",NT $570/250 grams,92.0
9.0,9.0,9.0,Light,"Chiriquí, Panama",NT $1780/250 grams,94.0
9.0,8.0,9.0,Medium-Light,"Santa Ana Department, El Salvador",$14.95/12 ounces,92.0
8.0,8.0,8.0,Medium-Light,"Antioquia Department, Colombia",$10.99/10.5 ounces,90.0
9.0,8.0,9.0,Medium,"Antioquia Department, Colombia",$10.99/10.5 ounces,91.0
9.0,8.0,8.0,Medium-Light,Colombia; Ethiopia; Brazil; Costa Rica,NT $250/227 grams,92.0
9.0,9.0,9.0,Medium-Light,"Karongi District, western Rwanda",$15.95/12 ounces,92.0
9.0,8.0,9.0,Medium-Light,"Nyeri growing region, south-central Kenya",NT $260/200 grams,93.0
9.0,8.0,9.0,Medium-Light,"Nyeri growing region, south-central Kenya",NT $260/200 grams,93.0
9.0,8.0,9.0,Medium-Light,"Pluma Hidalgo, Oaxaca State, Mexico",$16.00/12 ounces,92.0
9.0,8.0,9.0,Light,"Antigua growing region, Guatemala",$17.00/12 ounces,92.0
9.0,9.0,9.0,Medium-Light,"Pluma Hidalgo, Oaxaca State, Mexico",$23.50/12 ounces,93.0
9.0,9.0,9.0,Medium-Light,"Ngila Estate, Ngorongoro Conservation Area, Tanzania",$25.00/12 ounces,93.0
8.0,9.0,9.0,Medium-Light,"South Kivu Province, Democratic Republic of the Congo",$15.95/12 ounces,92.0
9.0,8.0,9.0,Medium-Light,"Yirgacheffe growing region, southern Ethiopia",$16.00/12 ounces,93.0
9.0,9.0,9.0,Medium-Light,"Kona, Big Island of Hawai’i",$24.95/4 ounces,94.0
9.0,9.0,9.0,Light,"Nueva Segovia, Nicaragua",$14.95/6 ounces,94.0
9.0,9.0,9.0,Medium-Light,"Nyeri growing region, south-central Kenya",$24.00/12 ounces,94.0
9.0,9.0,9.0,Medium-Light,"Valle del Cauca Department, Colombia",$45.00/175 grams,95.0
9.0,9.0,9.0,Light,"Uraga District, Guji Zone, Ethiopia",$24.95/12 ounces,95.0
9.0,9.0,9.0,Light,"Risaralda, Colombia",$21.00/113 grams,93.0
9.0,8.0,9.0,Light,"Risaralda, Colombia",$21.00/113 grams,93.0
9.0,8.0,9.0,Medium-Light,"Caranavi, Bolivia",HKD $138/100 grams,91.0
9.0,9.0,9.0,Light,"Chiriqui Province, Panama",HKD $300/100 grams,93.0
9.0,9.0,9.0,Medium-Light,"Caicedonia, Valle del Cauca Department, Colombia",$30.00/6 ounces,94.0
8.0,9.0,9.0,Medium-Light,"Acatenango Valley, Guatemala",NT $650/227 grams,92.0
9.0,8.0,9.0,Medium-Light,"La Libertad, Huehuetenango Department, Guatemala",$25.00/8 ounces,92.0
9.0,8.0,9.0,Medium-Light,"Lake Amatitlán region, south-central Guatemala",$15.00/12 ounces,92.0
9.0,9.0,9.0,Medium-Light,"Santa Barbara, Huehuetenango, Guatemala",$12.00/8 ounces,93.0
9.0,8.0,9.0,Medium-Light,"Huehuetenango Department, Guatemala",$19.00/12 ounces,93.0
9.0,9.0,9.0,Medium-Light,"Fraijanes, central Guatemala",NT $260/8 ounces,93.0
9.0,8.0,9.0,Medium-Light,"Chimaltenango, Guatemala",$22.50/12 ounces,93.0
9.0,9.0,9.0,Light,"Guji Zone, Oromia Region, Ethiopia",$18.00/12 ounces,94.0
9.0,9.0,9.0,Medium-Light,"Aceh Province, Sumatra",$19.50/12 ounces,93.0
9.0,9.0,9.0,Medium-Light,"Huila Department, Colombia",$19.00/12 ounces,94.0
9.0,9.0,10.0,Light,"Sidama Zone, Oromia Region, Ethiopia",$54.95/12 ounces,97.0
9.0,9.0,9.0,Medium-Light,"Lintong growing region, North Sumatra Province, Indonesia",$18.99/12 ounces,93.0
9.0,9.0,9.0,Medium-Light,"Valle del Cauca Department, Colombia",$30.00/8 ounces,95.0
8.0,8.0,9.0,Medium-Light,"Guji Zone, Oromia Region, Southern Ethiopia",NT $260/227 grams,91.0
8.0,8.0,9.0,Medium,Ethiopia; El Salvador; Costa Rica,NT $400/230 grams,92.0
9.0,9.0,9.0,Light,"Kayanza, Northern Province, Burundi",NT $250/200 grams,93.0
9.0,9.0,9.0,Medium-Light,"Guji Zone, Oromia Region, Southern Ethiopia",NT $320/8 ounces,94.0
9.0,9.0,9.0,Medium-Light,"Sidamo (also Sidama) growing region, south-central Ethiopia",$22.00/12 ounces,93.0
8.0,9.0,8.0,Medium-Light,Not disclosed,$14.00/12 ounces,90.0
9.0,9.0,9.0,Light,"Bench-Maji Zone, Southern Ethiopia",NT $755/113 grams,94.0
9.0,8.0,9.0,Medium-Light,"Jinotega, Nicaragua",$17.95/12 ounces,92.0
9.0,8.0,9.0,Medium,Indonesia; Brazil,NT $250/227 grams,93.0
9.0,9.0,9.0,Medium-Dark,Guatemala; Brazil; Colombia,NT $300/225 grams,94.0
9.0,9.0,9.0,Medium,Guatemala; Colombia; Ethiopia,NT $210/8 ounces,95.0
9.0,9.0,9.0,Medium-Dark,Colombia; Peru; Rwanda; Ethiopia,NT $550/8 ounces,96.0
8.0,8.0,8.0,Medium,Not disclosed,$13.20/12 ounces,91.0
8.0,9.0,8.0,Medium,Guatemala; Ethiopia; Papua New Guinea,NT $530/12 ounces,91.0
8.0,9.0,9.0,Medium,Guatemala; Brazil; Indonesia,$16.00/12 ounces,92.0
8.0,8.0,9.0,Medium,Colombia; Brazil,$14.99/12 ounces,92.0
9.0,8.0,9.0,Medium,Colombia; Brazil; Indonesia,$14.95/12 ounces,93.0
9.0,9.0,9.0,Medium,Not disclosed,NT $450/225 grams,94.0
9.0,9.0,9.0,Medium-Dark,Honduras; Guatemala; Colombia,NT $450/225 grams,94.0
8.0,8.0,9.0,Medium,Brazil; Guatemala; Indonesia,$15.95/12 ounces,91.0
8.0,8.0,8.0,Medium-Light,"Jarabacoa, Dominican Republic",$12.99/12 ounces,90.0
9.0,9.0,9.0,Medium-Light,"Savane Zombie, Haiti",$14.99/12 ounces,92.0
9.0,8.0,8.0,Medium-Light,Ethiopia; Guatemala; Honduras,NT $350/227 grams,91.0
9.0,8.0,9.0,Medium-Light,Kenya; Ethiopia,NT $400/227 grams,93.0
9.0,8.0,9.0,Medium-Light,"Guji Zone, Oromia Region, southern Ethiopia",$21.50/12 ounces,92.0
8.0,8.0,9.0,Medium-Light,"Vereda, Huila Province, Colombia",$19.95/12 ounces,91.0
9.0,9.0,9.0,Light,"Volcan, Panama",$49.95/8 ounces,94.0
9.0,9.0,9.0,Medium-Light,"Nyeri growing region, south-central Kenya",NT $470/225 grams,93.0
9.0,9.0,9.0,Medium-Light,Costa Rica,NT $275/8 ounces,94.0
9.0,9.0,9.0,Medium-Light,"Bani Matar growing region, Yemen",NT $680/227 grams,94.0
9.0,9.0,9.0,Medium-Light,"Huila, Colombia",NT $500/227 grams,93.0
9.0,9.0,9.0,Medium-Light,"ochere Woreda, Gedeo Zone, Ethiopia",NT $290/8 ounces,94.0
9.0,9.0,9.0,Medium-Light,Not disclosed,$14.95/12 ounces,93.0
9.0,8.0,9.0,Light,"Yirgacheffe growing region, southern Ethiopia",NT $450/227 grams,93.0
9.0,9.0,9.0,Medium-Light,"Copey District, Costa Rica",NT $300/8 ounces,95.0
9.0,9.0,9.0,Light,"Sidamo growing region, south-central Ethiopia",NT $500/227 grams,94.0
9.0,9.0,9.0,,"Boquete growing region, western Panama",£50/10 capsules,94.0
9.0,9.0,9.0,Medium-Light,"Guji Zone, Oromia Region, southern Ethiopia",NT $630/225 grams,94.0
9.0,9.0,9.0,Medium-Light,Costa Rica,NT $275/8 ounces,94.0
9.0,9.0,9.0,Light,"Guji Zone, Oromia Region, southern Ethiopia",NT $410/8 ounces,95.0
9.0,9.0,9.0,Light,"Guji Zone, Oromia Region, Southern Ethiopia",NT $375/8 ounces,95.0
9.0,8.0,9.0,,Brazil; Ethiopia; Guatemala,$4.49/280 ml can,93.0
9.0,8.0,9.0,,Ethiopia; Uganda; Colombia,$35.00/six 8-ounce cans,93.0
9.0,9.0,9.0,,Ethiopia,$2.00/200-ml bottle,93.0
9.0,9.0,9.0,,"Guji Zone, Oromia Region, Ethiopia",$5.50/12-ounce bottle,94.0
9.0,9.0,9.0,,"Ipanema, Brazil",NT $200/160-ml bottle,94.0
8.0,8.0,9.0,Medium-Dark,Colombia; Ecuador; Indonesia; Uganda,$48.00/12 ounces,91.0
9.0,8.0,9.0,Medium-Light,Panama; Ethiopia; Costa Rica,NT $380/12 ounces,93.0
9.0,8.0,9.0,Medium-Light,Brazil; Colombia; Guatemala,NT $380/12 ounces,92.0
9.0,9.0,9.0,Medium-Light,"Sana’a growing region, Yemen",$35.00/8 ounces,93.0
8.0,9.0,9.0,Medium-Dark,"Jaen, Cajamarca, Peru",NT $600/8 ounces,93.0
9.0,8.0,9.0,Medium-Light,"Sana’a growing region, Yemen",$35.00/8 ounces,93.0
9.0,9.0,9.0,Medium-Dark,"Rutsiro District, western Rwanda",NT $800/8 ounces,94.0
9.0,9.0,9.0,Light,"Minas Gerais State, southeastern Brazil",¥2980/100 grams,94.0
9.0,9.0,9.0,Medium,"Santander Department, Colombia",$27.00/12 ounces,94.0
9.0,9.0,9.0,Light,"El Guarco, Cartago Province, Costa Rica",NT $600/200 grams,94.0
9.0,9.0,9.0,Light,"Sana’a growing region, Yemen",$35.00/8 ounces,94.0
9.0,9.0,9.0,Medium-Light,"Pichincha Province, Ecuador",$21.00/12 ounces,95.0
9.0,9.0,9.0,Medium-Light,"Nyeri growing region, Kenya",$20.50/12 ounces,95.0
9.0,8.0,9.0,Medium-Light,"Huila Department, Colombia",$28.99/12 ounces,93.0
9.0,9.0,9.0,Light,"Pichincha Province, Ecuador",$45.00/12 ounces,94.0
9.0,9.0,9.0,Medium-Light,"Kona growing region, Big Island of Hawai’i",$25.00/4 ounces,95.0
8.0,9.0,8.0,Medium-Light,Not disclosed,NT $350/250 grams,92.0
9.0,8.0,9.0,Light,"Blue Mountain growing region, eastern Jamaica.",NT $1450/150 grams,92.0
9.0,8.0,9.0,Light,"Guji Zone, Oromia Region, southern Ethiopia",NT $650/150 grams,93.0
9.0,8.0,9.0,Medium-Light,"Pitalito-Bruselas, Huila Department, Colombia",$25.00/12 ounces,93.0
9.0,9.0,9.0,Medium-Light,"Cundinamarca Department, central Colombia",NT $500/150 grams,93.0
9.0,9.0,9.0,Medium-Light,"Tolima Department, Colombia",$25.00/12 ounces,93.0
9.0,9.0,9.0,Medium-Light,"Caicedonia, Valle de Cauca Department, Colombia",$28.00/12 ounces,94.0
9.0,9.0,9.0,Medium-Light,"Finca Santa Teresa, Volcan, Panama",$87.00/12 ounces,94.0
9.0,9.0,9.0,Medium-Light,"Rosario de Desamparados, Tarrazú, Costa Rica",$16.00/8 ounces,95.0
9.0,9.0,9.0,Medium-Light,"Guji Zone, Oromia Region, Southern Ethiopia",$18.00/12 ounces,95.0
8.0,9.0,9.0,,Guatemala; Costa Rica; Papua New Guinea,$33.00/twelve 6-ounce cans,93.0
9.0,9.0,9.0,Light,"Ngorogoro, Tanzania",$24.95/12 ounces,95.0
9.0,8.0,9.0,Medium,"Kayanza State, Burundi",$15.99/10 ounces,92.0
9.0,9.0,9.0,Medium-Light,"Nyaruguru District, Rwanda",NT $220/8 ounces,93.0
9.0,9.0,9.0,Light,"Huye District, Rwanda","¥1,050/100 grams",93.0
9.0,9.0,9.0,Light,"Kayanza State, Burundi",$22.50/12 ounces,93.0
9.0,9.0,9.0,Medium-Light,"Gakenke growing region, Rwanda",$17.50/12 ounces,93.0
9.0,9.0,9.0,Medium-Light,"Ngorongoro Crater region, northern Tanzania",$17.99/16 ounces,94.0
9.0,9.0,9.0,Medium-Light,"Northern Province, Rwanda",$21.50/12 ounces,94.0
9.0,9.0,9.0,Medium-Light,"Songwe Region, Mbozi District, Tanzania",$16.95/12 ounces,94.0
9.0,9.0,9.0,Medium-Light,"Northern Province, Rwanda",$17.00/12 ounces,94.0
9.0,9.0,9.0,Medium-Light,"South Kivu growing region, Democratic Republic of the Congo",$20.00/12 ounces,94.0
9.0,9.0,9.0,Light,"Sidamo Zone, Oromia Region, Ethiopia",$20.00/12 ounces,94.0
8.0,8.0,8.0,Medium,Ethiopia; Colombia; Brazil; Tanzania; Indonesia,NT $350/16 ounces,91.0
9.0,9.0,9.0,Medium-Light,"Guji Zone, southern Ethiopia",$24.00/12 ounces,95.0
9.0,8.0,9.0,Medium-Light,"Western Highlands, Papua New Guinea",$15.99/12 ounces,92.0
9.0,9.0,9.0,Light,"Matagalpa, Nicaragua",$29.95/4 ounces,94.0
9.0,9.0,9.0,Medium-Light,"Jaén Province, Cajamarca Region, Peru",$15.80/12 ounces,93.0
9.0,9.0,9.0,Medium-Light,"Risaralda, Colombia",$24.99/12 ounces,94.0
9.0,9.0,9.0,Medium-Light,"Guji Zone, Oromia Region, southern Ethiopia",$25.00/12 ounces,94.0
9.0,9.0,9.0,Light,"Santa Barbara, Antioquia Department, Colombia",$25.00/12 ounces,94.0
9.0,9.0,9.0,Medium-Light,"Nyeri growing region, south-central Kenya",$22.00/12 ounces,95.0
9.0,8.0,9.0,Medium-Light,El Salvador; Colombia; Ethiopia,$15.95/12 ounces,92.0
8.0,8.0,9.0,Medium-Light,"Guji Zone, Oromia Region, southern Ethiopia",$14.00/12 ounces,91.0
8.0,9.0,9.0,Medium-Light,"Mount Kenya growing region, Kenya",$17.95/12 ounces,92.0
9.0,8.0,9.0,Medium-Light,"Nyamagabe District, Southern Province, Rwanda",$14.00/12 ounces,92.0
9.0,9.0,9.0,Medium-Light,"Guji Zone, Oromia Region, southern Ethiopia",$17.95/12 ounces,94.0
9.0,9.0,9.0,Medium-Light,"Sidamo growing region, south-central Ethiopia",$30.00/300 grams,94.0
9.0,9.0,9.0,Medium-Light,"Gerbicho Rogicha, Bule Hora District, Guji Zone, Oromia Region, Ethiopia",NT $450/200 grams,94.0
9.0,9.0,9.0,Medium-Light,"Kirinyaga, Kenya",NT $550/200 grams,94.0
9.0,9.0,9.0,Medium-Light,"Yirgacheffe growing region, south-central Ethiopia",NT $500/200 grams,95.0
9.0,9.0,9.0,Medium-Light,"Rutsiro, Western Province, Rwanda",NT $300/8 ounces,93.0
9.0,9.0,9.0,Medium-Light,"Nyeri growing region, south-central Kenya",NT $325/8 ounces,94.0
9.0,8.0,9.0,Medium,"Guji Zone, Oromia Region, southern Ethiopia",NT $500/225 grams,93.0
9.0,8.0,9.0,Medium-Light,"Quindio Department, Colombia",500 pesos/200 grams,93.0
9.0,9.0,9.0,Medium-Light,"Boquete growing region, western Panama",$14.74/16 ounces,93.0
9.0,8.0,9.0,Medium-Light,"Villa Rica, Oxapampa Province, Peru",NT $2200/16 ounces,93.0
9.0,9.0,9.0,Medium-Light,"Sidama growing region, southern Ethiopia",NT $650/8 ounces,93.0
9.0,9.0,9.0,Medium-Light,"Boquete growing region, western Panama",$32.99/16 ounces,94.0
9.0,9.0,9.0,Medium-Light,"Caicedonia, Valle de Cauca Department, Colombia",$25.00/12 ounces,94.0
9.0,9.0,9.0,Medium-Light,"Guji Zone, Oromia Region, southern Ethiopia",$24.95/12 ounces,95.0
9.0,9.0,9.0,Medium-Light,"Guji Zone, Oromia Region, southern Ethiopia",NT $560/227 grams,95.0
9.0,9.0,9.0,Medium-Light,"Tolima Department, Colombia",$30.00/150-gram tin,95.0
9.0,9.0,9.0,Light,"Nyamagabe District, Southern Province, Rwanda",NT $320/200 grams,93.0
9.0,9.0,9.0,Medium-Light,"Hayisa Village, Bure Woreda, Sidama Zone, Ethiopia",NT $900/227 grams,94.0
9.0,9.0,9.0,Medium-Light,Ethiopia; Colombia; Panama; Mexico,NT $420/200 grams,95.0
9.0,9.0,10.0,Medium-Light,"Los Angeles, Sabanilla de Alajuela, Costa Rica",NT $500/227 grams,96.0
8.0,9.0,9.0,Medium,"Chiapas State, Mexico",$19.50/12 ounces,91.0
9.0,9.0,9.0,Medium-Light,"Huila Department, Colombia",$25.00/12 ounces,94.0
9.0,8.0,9.0,Medium,"Nan Province, Thailand",$16.95/12 ounces,90.0
9.0,8.0,9.0,Medium,"Nan Province, Thailand",$16.95/12 ounces,92.0
9.0,9.0,9.0,Medium-Light,"Kainaliu, Kona, Big Island of Hawai’i",$29.95/4 ounces,94.0
8.0,9.0,9.0,Medium-Light,"Banz, Jiwaka Province, Papua New Guinea",$16.00/12 ounces,92.0
8.0,8.0,9.0,Light,"Yirgacheffe growing region, southern Ethiopia",¥1280/100 grams,90.0
8.0,8.0,8.0,Light,"Guji Zone, Oromia Region, southern Ethiopia",¥1280/100 grams,90.0
8.0,8.0,9.0,Light,"Guji Zone, Oromia Region, southern Ethiopia",¥1280/100 grams,91.0
8.0,8.0,9.0,Light,"Guji Zone, Oromia Region, southern Ethiopia",¥1280/100 grams,92.0
9.0,8.0,9.0,,"Nyeri growing region, south-central Kenya",$11.00/375 ml. flask,93.0
9.0,8.0,9.0,,"Yirgacheffe growing region, southern Ethiopia",$11.00/375 ml. flask,94.0
8.0,9.0,9.0,Medium-Light,"Jaramillo, Boquete growing region, western Panama",$45.00/12 ounces,92.0
9.0,9.0,9.0,Medium-Light,"Sidamo growing region, south-central Ethiopia",$10.00/8 ounces,93.0
9.0,9.0,8.0,Medium-Light,Guatemala; Nicaragua; Ethiopia; Costa Rica; Indonesia; Brazil,$10.00/16 ounces,93.0
9.0,9.0,10.0,Medium-Light,"Boquete growing region, western Panama",$60.00/150 grams,96.0
9.0,8.0,8.0,Medium-Light,"Caldas, Colombia",NT $250/227 grams,92.0
9.0,8.0,9.0,Medium-Light,"Coban, Guatemala",NT $330/227 grams,92.0
9.0,8.0,8.0,Medium-Light,"Huye District, southern Rwanda",$12.99/11 ounces,90.0
9.0,8.0,9.0,Medium-Light,"Paez region, Cauca Department, Colombia",$16.20/12 ounces,93.0
9.0,9.0,8.0,Medium-Light,"Antioquia Department, Colombia",$12.99/11 ounces,91.0
9.0,9.0,9.0,Medium-Light,"Nariño region, Antioquia Department, Colombia",$19.00/12 ounces,93.0
9.0,9.0,9.0,Medium-Light,"Haraaz growing region, Yemen",$17.50/8 ounces,95.0
9.0,9.0,9.0,Medium-Light,"Kona growing region, Big Island of Hawai’i",$49.95/7 ounces,94.0
9.0,9.0,9.0,Light,"Trujillo, Valle del Cauca Department, Colombia",$28.00/8 ounces,95.0
9.0,9.0,9.0,Medium-Light,"Nyeri growing region, south-central Kenya",$22.00/12 ounces,95.0
9.0,9.0,9.0,Medium-Light,"Huila Department, Colombia",$29.00/12 ounces,95.0
9.0,9.0,9.0,Medium-Light,"yeri growing region, south-central Kenya",NT $390/8 ounces,94.0
9.0,9.0,9.0,Light,"Guji Zone, southern Ethiopia",NT $350/225 grams,94.0
9.0,9.0,9.0,Medium-Light,Costa Rica,NT $250/8 ounces,94.0
9.0,9.0,9.0,Medium-Light,"Guji Zone, Oromia region, southern Ethiopia",NT $210/8 ounces,94.0
9.0,9.0,9.0,Medium-Light,"Guji Zone, southern Ethiopia",NT $360/225 grams,94.0
9.0,9.0,9.0,Light,"Guji Zone, Oromia Region, Ethiopia",NT $375/8 ounces,95.0
9.0,9.0,9.0,Medium-Light,"Nakuru County, Kenya",NT $210/8 ounces,95.0
9.0,9.0,9.0,Medium-Light,"Kona growing region, Big Island of Hawai’i",$50.00/7 ounces,94.0
9.0,9.0,9.0,Medium-Light,"North Kona growing district, “Big Island” of Hawai’i",$33.00/8 ounces,94.0
9.0,9.0,9.0,Light,"Boquete growing region, Panama",$29.00/12 ounces,94.0
9.0,9.0,9.0,Medium-Light,"Kona growing region, Big Island of Hawai’i",$35.00/10 ounces,94.0
9.0,9.0,9.0,Light,"Boquete growing region, western Panama",$120.00/16 ounces,95.0
9.0,9.0,10.0,Medium-Light,"Holualoa, North Kona growing district, “Big Island” of Hawai’i",$87.50/8 ounces,96.0
6.0,7.0,6.0,,Ethiopia,$14.99/seven single-serve pouches,80.0
8.0,8.0,8.0,Medium-Light,"Amhara Region, Ethiopia",$16.00/12 ounces,90.0
8.0,8.0,9.0,Medium-Light,"Bebesen District, Aceh Tengah, Sumatra, Indonesia",$16.00/12 ounces,90.0
8.0,8.0,9.0,Light,"Gedeb District, Gedeo Zone, Ethiopia",$16.00/12 ounces,91.0
8.0,8.0,9.0,Medium-Light,"Atitlán growing region, Guatemala",$16.00/12 ounces,91.0
8.0,9.0,9.0,Medium-Light,"Huehuetenango growing region, Guatemala",$30.00/12 ounces,92.0
9.0,8.0,9.0,Medium-Light,"Muhanga District, Southern Province, Rwanda",$16.00/12 ounces,92.0
9.0,8.0,9.0,Medium-Light,"Kerinci Highlands, Jambi Province, Sumatra, Indonesia",$17.95/12 ounces,92.0
9.0,9.0,9.0,Medium-Light,"Yirgacheffe growing region, southern Ethiopia",$18.50/16 ounces,93.0
9.0,8.0,9.0,Medium-Light,"Yirgacheffe growing region, southern Ethiopia",$23.00/12 ounces,93.0
9.0,9.0,9.0,Light,"Huila Department, Colombia",$9.99/4 ounces,94.0
9.0,9.0,9.0,Light,"Guji Zone, Oromia Region, southern Ethiopia",$17.99/12 ounces,94.0
9.0,9.0,9.0,Medium-Light,"Boquete growing region, western Panama",NT $500/8 ounces,96.0
9.0,9.0,9.0,Medium-Light,Ethiopia; Dominican Republic,$18.99/12 ounces,95.0
9.0,8.0,9.0,Light,"Caicedo, Antioquia Department, Colombia",$24.95/4 ounces,93.0
9.0,8.0,9.0,Medium-Light,"South Kivu Province, Democratic Republic of the Congo",$18.95/12 ounces,93.0
9.0,9.0,9.0,Light,"Algeciras, Huila, Colombia",$19.95/6 ounces,93.0
9.0,8.0,9.0,Medium-Light,"Congonama, Loja region, Ecuador",$19.75/12 ounces,93.0
9.0,9.0,9.0,Medium-Light,"Haraaz growing region, Yemen",$24.95/4 ounces,94.0
8.0,9.0,9.0,Medium-Light,"Kainantu District, Eastern Highlands Province, Papua New Guinea",CAD $21.00/12 ounces,92.0
9.0,8.0,9.0,Medium-Light,"ainantu District, Eastern Highlands Province, Papua New Guinea",CAD $21.00/12 ounces,92.0
9.0,8.0,9.0,Medium-Light,Colombia; Burundi,CAD $18.00/12 ounces,92.0
9.0,9.0,9.0,Medium-Light,"ainantu District, Eastern Highlands Province, Papua New Guinea",CAD $21.00/12 ounces,93.0
9.0,8.0,9.0,Medium,Brazil; Colombia,CAD $18.00/12 ounces,93.0
9.0,9.0,9.0,Light,"Guji Zone, Oromia Region, Southern Ethiopia",NT $400/220 grams,94.0
8.0,8.0,9.0,Medium-Light,"Nariño Department, southern Colombia",$12.50/12 ounces,91.0
9.0,9.0,9.0,Medium-Light,"Guji Zone, Oromia Region, southern Ethiopia",$20.00/12 ounces,94.0
9.0,8.0,9.0,Medium,Ethiopia; Brazil; Guatemala; Colombia,$28.80/500 grams,93.0
8.0,8.0,9.0,Medium-Light,"Risaralda Department, Colombia",$15.75/12 ounces,90.0
8.0,8.0,9.0,Medium-Dark,"Quindío Department, Colombia",$15.75/12 ounces,91.0
9.0,8.0,9.0,Light,"Huai Mae Liam, Chiang Rai, Thailand",$24.95/12 ounces,92.0
8.0,9.0,9.0,Medium,"Kona, Big Island of Hawai’i",$19.95/4 ounces,92.0
9.0,9.0,9.0,Light,"Cerrado growing region, Brazil",$39.95/4 ounces,93.0
9.0,9.0,9.0,Light,"Huila Department, Colombia",$14.95/6 ounces,94.0
9.0,9.0,9.0,Medium-Light,"Holualoa, Kona, Big Island of Hawai’i",$29.95/4 ounces,94.0
9.0,9.0,9.0,Medium,"Lintong growing region, Sumatra, Indonesia",$18.95/12 ounces,94.0
9.0,8.0,9.0,Medium-Light,"Nariño Department, Colombia",$19.00/12 ounces,92.0
9.0,8.0,9.0,Medium-Light,"Cajamarca region, northern Peru",$19.00/12 ounces,92.0
8.0,9.0,9.0,Medium,Not disclosed,$14.99/12 ounces,92.0
9.0,8.0,9.0,Light,"Wenango District, Gedeo Zone, Ethiopia",$18.75/12 ounces,93.0
9.0,8.0,9.0,Medium-Light,"Muhanga District, Southern Province, Rwanda",$19.00/12 ounces,93.0
9.0,9.0,9.0,Medium-Light,South America; Central America; Africa,$15.75/12 ounces,94.0
8.0,9.0,8.0,Light,Ethiopia; Central America,$13.00/12 ounces,91.0
9.0,9.0,9.0,Medium-Light,"Nyeri growing region, south-central Kenya",NT $650/225 grams,94.0
9.0,8.0,9.0,Medium,Nicaragua; Guatemala; Ethiopia,$15.00/12 ounces,92.0
9.0,9.0,9.0,Light,"South Kivu, Democratic Republic of the Congo",$19.00/12 ounces,93.0
9.0,8.0,9.0,Light,"Kirinyaga County, south-central Kenya",$21.00/12 ounces,93.0
9.0,8.0,9.0,Light,"Guji Zone, Oromia Region, south-central Ethiopia",$14.00/225 grams,93.0
8.0,8.0,8.0,Medium,Not disclosed,NT $650/455 grams,91.0
9.0,9.0,9.0,Light,"Yunlin, Taiwan","¥ 2,640/50 grams",94.0
9.0,9.0,10.0,Light,"Cauca, Colombia","¥ 1,580/100 grams",96.0
9.0,8.0,9.0,Medium-Light,"Tarrazu, Costa Rica",$16.95/12 ounces,92.0
9.0,9.0,9.0,Medium-Light,"Yirgacheffe growing region, southern Ethiopia",$19.00/12 ounces,94.0
9.0,9.0,9.0,Medium-Light,"Cobán growing region, central Guatemala",NT $320/200 grams,94.0
8.0,9.0,8.0,Medium-Light,"San José, La Paz Department, Honduras",$15.95/12 ounces,92.0
9.0,9.0,9.0,Medium-Light,"Volcan growing region, western Panama",$20.00/12 ounces,94.0
8.0,8.0,9.0,Medium,"Antigua, Guatemala",$12.99/11 ounces,90.0
8.0,8.0,9.0,Medium,"Naranjo, West Valley, Costa Rica",$12.99/11 ounces,91.0
9.0,9.0,10.0,Medium,"Aceh Province, Sumatra, Indonesia",NT $450/200 grams,96.0
9.0,8.0,9.0,Medium-Light,"antón Montañita, Volcán Santa Ana, El Salvador",$24.00/12 ounces,93.0
9.0,9.0,9.0,Medium-Light,"Canton Lomas de San Marcelino, Coatepeque, Santa Ana, El Salvador",$24.00/12 ounces,93.0
9.0,8.0,9.0,Medium-Light,"Chiang Rai Province, Thailand",$24.95/12 ounces,93.0
9.0,9.0,9.0,Medium-Light,"Guji Zone, southern Ethiopia",NT $252/227 grams,95.0
9.0,9.0,9.0,Medium-Light,"San Ignacio, Cajamarca Region, Peru",$19.00/12 ounces,93.0
9.0,9.0,9.0,Medium-Light,"Valle de Cauca, Colombia",$18.95/12 ounces,93.0
9.0,8.0,9.0,Medium-Light,"San Cristobal Cucho, San Marcos Department, Guatemala",$20.00/12 ounces,93.0
9.0,9.0,9.0,Medium-Light,"Sidama (also Sidamo) growing region, southern Ethiopia",NT $372/227 grams,95.0
9.0,9.0,9.0,Medium-Light,"Aceh Province, Sumatra, Indonesia",$17.00/12 ounces,94.0
9.0,9.0,9.0,Medium-Light,South-central Kenya,$16.95/12 ounces,94.0
9.0,9.0,9.0,Medium-Light,"Fraijanes Plateau, Guatemala",$10.00/8 ounces,93.0
9.0,8.0,9.0,Medium-Light,Ethiopia; Colombia; Nicaragua,NT $300/8 ounces,93.0
9.0,8.0,9.0,Medium-Light,"Yautepec/Miahuatlan, Oaxaca State, Mexico",$19.00/12 ounces,93.0
9.0,8.0,9.0,Medium-Light,Brazil; Guatemala; Sumatra,$20.00/12 ounces,92.0
9.0,8.0,9.0,Light,"Acatenango growing region, Guatemala",$29.50/12 ounces,93.0
9.0,9.0,9.0,Medium-Light,"Antioquia Department, Colombia",NT $310/8 ounces,95.0
9.0,9.0,9.0,Light,"Huila, Colombia",$16.95/6 ounces,95.0
9.0,9.0,10.0,Light,"Los Naranjos, La Argentina, Huila Department, Colombia",$18.99/8 ounces,96.0
9.0,8.0,9.0,Medium-Light,"Nyamasheke District, Rwanda",$20.00/12 ounces,92.0
9.0,9.0,9.0,Medium-Light,Costa Rica,$20.00/12 ounces,93.0
9.0,9.0,9.0,Light,"Sidama growing region, southern Ethiopia",$21.99/12 ounces,95.0
9.0,9.0,9.0,Medium-Light,"Yirgacheffe growing region, southern Ethiopia",NT $380/8 ounces,95.0
9.0,8.0,9.0,Light,"Suchitan, Guatemala",$24.95/4 ounces,93.0
9.0,9.0,9.0,Medium-Light,Guatemala; Brazil; Kenya,NT $450/454 grams,95.0
9.0,9.0,9.0,Light,"Chito, Zamora Chinchipe, Ecuador",$22.95/12 ounces,93.0
9.0,9.0,9.0,Medium-Light,Guatemala; Ethiopia; Brazil; Indonesia,NT $300/8 ounces,95.0
9.0,9.0,9.0,Light,"Kainaliu, Kona District, Big Island of Hawai’i",$29.95/4 ounces,94.0
9.0,9.0,9.0,Light,"Ka'u District, Big Island of Hawai’i",$24.95/4 ounces,94.0
9.0,9.0,9.0,Medium-Light,"Alajuela, Costa Rica",$19.00/12 ounces,93.0
9.0,9.0,9.0,Medium,"Volcan growing region, western Panama",CAD $45/250 grams,93.0
9.0,9.0,9.0,Medium-Light,"Volcan growing region, western Panama",CAD $50/200 grams,94.0
9.0,9.0,9.0,Light,"Sidama (also Sidamo) growing region, southern Ethiopia",NT $340/8 ounces,95.0
9.0,9.0,9.0,Light,"Oromia Region, Jimma Zone, Ethiopia",$21.50/12 ounces,95.0
9.0,9.0,9.0,Light,"Kealakekua, Kona, Big Island of Hawaii",$74.95/4 ounces,95.0
8.0,8.0,8.0,Medium,Not disclosed,NT $499/227 grams,91.0
9.0,9.0,9.0,Medium-Light,"Yirgacheffe growing region, southern Ethiopia",NT $599/227 grams,95.0
9.0,8.0,9.0,Medium-Light,"Tres Cruces, Lempira Department, Honduras",$39.00/12 ounces,92.0
9.0,9.0,9.0,Medium-Light,Africa; South America; Central America,$15.75/12 ounces,93.0
9.0,8.0,9.0,Medium-Light,"Panchia, Tabaconas, Cajamarca Region, Peru",$18.00/12 ounces,93.0
9.0,8.0,9.0,Medium-Light,"Liboriana Valley, Antioquia Department, Colombia",$15.95/12 ounces,92.0
9.0,9.0,9.0,Medium-Light,"Conganama, Loja Province, Ecuador",$20.00/12 ounces,94.0
9.0,9.0,9.0,Medium-Light,"Valle de Cauca Department, Colombia",$25.00/150 grams,93.0
9.0,9.0,9.0,Medium-Light,"San José, Caldas, Colombia",$18.00/12 ounces,93.0
9.0,9.0,9.0,Medium-Light,"Quindío Department, Colombia",$25.00/6 ounces,94.0
9.0,9.0,9.0,Medium-Light,"Tolima, Colombia",$30.00/12 ounces,94.0
9.0,9.0,9.0,Light,"Cundinamarca, Colombia",NT $1300/4 ounces,94.0
9.0,9.0,9.0,Light,"Valle de Cauca, Colombia",$20.00/12 ounces,93.0
9.0,8.0,9.0,Medium-Light,"Alishan, Taiwan",NT $900/100 grams,93.0
9.0,8.0,9.0,Medium-Light,"Guji Zone, Oromia region, southern Ethiopia",NT $520/200 grams,93.0
9.0,9.0,9.0,Medium-Light,"Yirgacheffe growing region, southern Ethiopia",NT $600/200 grams,94.0
9.0,9.0,9.0,Medium-Light,Panama; Ethiopia; Kenya,HKD $118/200 grams,95.0
9.0,9.0,9.0,Medium-Light,"Chirinos, Cajamarca Region, Peru",$20.00/6 ounces,93.0
9.0,8.0,9.0,Light,"Sun Moon Lake, Taiwan",NT $1500/230 grams,92.0
9.0,8.0,9.0,Medium-Light,"Guji Zone, Oromia Region, southern Ethiopia",NT $300/8 ounces,93.0
9.0,9.0,9.0,Medium-Light,Columbia; Guatemala; Brazil,NT $450/460 grams,93.0
8.0,8.0,9.0,Medium-Light,"Tha Sae, Chumphon, Thailand",$16.95/12 ounces,90.0
9.0,9.0,9.0,Light,"Nyeri growing region, south-central Kenya",NT $350/8 ounces,94.0
8.0,8.0,9.0,Medium,"Tha Sae, Chumphon, Thailand",$16.95/12 ounces,91.0
8.0,9.0,9.0,Medium-Light,"Taitung Luan Mountain, Taiwan",NT $800/8 ounces,92.0
9.0,8.0,9.0,Medium,Indonesia; Ethiopia,$18.95/12 ounces,93.0
9.0,9.0,9.0,Medium-Light,"Ka’u growing region, Big Island of Hawai'i",$27.00/10 ounces,93.0
9.0,9.0,9.0,Medium-Light,"Yirgacheffe growing region, south-central Ethiopia",$22.00/12 ounces,93.0
9.0,9.0,9.0,Medium-Light,"Guji Zone, Oromia Region, southern Ethiopia",NT $375/8 ounces,94.0
9.0,9.0,9.0,Light,"West Guji Zone, Hambela Wamena Woreda, Ethiopia",$19.95/4 ounces,95.0
9.0,9.0,10.0,Medium-Light,"Boquete growing region, western Panama",$56.00/8 ounces,96.0
9.0,8.0,9.0,Medium,"Kalaheo, Kauai, Hawaii",$50.00/10 ounces,92.0
9.0,9.0,9.0,Medium-Light,"Guji Zone, southern Ethiopia",NT $300/8 ounces,94.0
9.0,9.0,9.0,Light,"Guji Zone, southern Ethiopia",NT $450/8 ounces,95.0
8.0,9.0,9.0,Medium-Light,"Western Highlands Province, Papua New Guinea",$17.75/12 ounces,92.0
9.0,9.0,9.0,Medium-Light,"Sabanilla de Alajuela, Costa Rica",$15.95/12 ounces,93.0
8.0,7.0,9.0,,"Sidamo, Ethiopia",,89.0
9.0,9.0,8.0,Medium-Light,"Central Valley, Costa Rica",NT $360/115 grams,92.0
9.0,9.0,9.0,Medium-Light,"Valle de Cauca, Colombia",NT $470/227 grams,93.0
8.0,9.0,9.0,Medium-Light,"Llayla District, Satipo Province, Peru",$10.00/250 grams,92.0
9.0,9.0,9.0,Medium-Light,"Llayla District, Satipo Province, Peru",$10.00/250 grams,94.0
9.0,8.0,9.0,Medium-Light,South-central Kenya,"¥ 2,420/200 grams",93.0
9.0,9.0,9.0,Medium-Light,"Acatenango, Guatemala","¥ 2,420/200 grams",93.0
9.0,9.0,9.0,Light,"Acatenango growing region, Guatemala",NT $620/4 ounces,94.0
9.0,8.0,9.0,Medium-Light,"Acatenango, Guatemala",$29.95/12 ounces,93.0
9.0,9.0,9.0,Light,"Lintong growing region, North Sumatra Province, Indonesia",$14.00/12 ounces,93.0
9.0,9.0,9.0,Light,"Boquete growing region, western Panama",$60.00/150 grams,94.0
9.0,9.0,9.0,Medium-Light,"Keramo Village, Sidama Region, Ethiopia",$55.00/8 ounces,94.0
9.0,9.0,9.0,Medium,"Alishan, Taiwan",NT $1100/8 ounces,94.0
9.0,9.0,9.0,Medium,"Yirgacheffe growing region, southern Ethiopia",NT $1100/8 ounces,95.0
9.0,9.0,9.0,Light,"Yirgacheffe growing region, southern Ethiopia",$22.00/12 ounces,94.0
9.0,9.0,9.0,Medium-Light,"Sidamo growing region, south-central Ethiopia",USD $206.00/8 ounces,93.0
9.0,9.0,9.0,Medium-Light,"Murang'a County, central Kenya",USD $206.00/8 ounces,94.0
9.0,9.0,9.0,Medium-Light,"San Jose, La Paz, Honduras",$17.99/12 ounces,93.0
9.0,8.0,9.0,Medium-Light,"Los Planes, Comayagua, Honduras",$17.99/12 ounces,93.0
9.0,9.0,9.0,Medium-Light,"Marcala, Honduras",$17.99/12 ounces,93.0
9.0,8.0,9.0,Medium-Light,"Veracruz, Mexico",$16.00/12 ounces,92.0
9.0,9.0,9.0,Light,"Kayanza Province, Burundi",$22.00/12 ounces,93.0
9.0,8.0,9.0,Medium,Brazil; East Timor,$17.00/12 ounces,93.0
9.0,8.0,9.0,Light,"Omkoi District, Chiang Mai Province, Thailand",$29.95/12 ounces,93.0
9.0,8.0,9.0,Medium-Light,"Antigua growing region, Guatemala",$18.00/12 ounces,93.0
9.0,9.0,9.0,Medium-Light,"North Kona growing district, “Big Island” of Hawai’i",$33.00/8 ounces,94.0
9.0,9.0,9.0,Medium-Light,"North Kona growing district, “Big Island” of Hawai’i",$75.00/16 ounces,95.0
9.0,8.0,9.0,Light,"Suchitan, Guatemala",$19.95/4 ounces,92.0
9.0,8.0,9.0,Medium,"Jarabacoa, Dominican Republic",$12.99/12 ounces,92.0
9.0,8.0,9.0,Medium-Light,"Ka’u growing region, Big Island of Hawai’i",$24.95/12 ounces,93.0
9.0,9.0,9.0,Medium-Light,"Kona, Big Island of Hawai’i",$24.95/4 ounces,93.0
9.0,9.0,9.0,Light,"Sidama growing region, southern Ethiopia",$20.99/12 ounces,95.0
9.0,9.0,9.0,Medium-Light,"Holualoa, Kona, Big Island of Hawai’i",$29.95/4 ounces,95.0
9.0,9.0,9.0,Medium-Light,"Nyeri growing region, south-central Kenya",NT $450/225 grams,94.0
9.0,9.0,9.0,Medium-Light,"Guji Zone, Oromia Region, southern Ethiopia",NT $450/227 grams,95.0
9.0,8.0,9.0,Light,"South Kivu Province, Democratic Republic of the Congo",$24.00/16 ounces,93.0
9.0,9.0,9.0,Medium-Light,"Guji Zone, Oromia Region, southern Ethiopia",NT $300/100 grams,93.0
9.0,8.0,9.0,Light,"La Paz, Honduras",NT $450/8 ounces,93.0
8.0,8.0,9.0,Medium,Not disclosed,$14.00/12 ounces,90.0
9.0,9.0,9.0,Medium-Light,"Pasco Department, Villa Rica, Peru","NT $1,000/8 ounces",94.0
9.0,8.0,9.0,Medium,Africa; Central America,$20.00/12 ounces,92.0
9.0,9.0,9.0,Medium-Light,"Yirgacheffe growing region, south-Central Ethiopia",$20.00/12 ounces,93.0
9.0,9.0,9.0,Light,"Sidamo (also Sidama) growing region, south-central Ethiopia",$19.00/12 ounces,94.0
8.0,8.0,9.0,Medium,"Guji Zone, Oromia Region, Southern Ethiopia",$18.00/12 ounces,91.0
9.0,9.0,9.0,Medium-Light,"Valle del Cauca growing region, Colombia",$85.00/6 ounces,95.0
10.0,9.0,10.0,Medium-Light,"Nueva Suiza, Chiriquí, Panama",$50.00/4 ounces,98.0
9.0,9.0,9.0,Medium-Light,"Gedeo, Yirgacheffe growing region, south-central Ethiopia",NT $310/8 ounces,94.0
9.0,9.0,9.0,Medium-Light,"Arbegona, Sidama (also Sidamo) growing region, south-central Ethiopia",NT $350/20 grams,94.0
9.0,9.0,9.0,Medium-Light,"Central Province, Kenya",NT $325/8 ounces,94.0
9.0,8.0,9.0,Medium-Light,"Nariño Department, southern Colombia",$18.95/12 ounces,92.0
9.0,9.0,9.0,Medium-Light,"Guji Zone, Oromia Region, southern Ethiopia",NT $325/8 ounces,95.0
9.0,8.0,9.0,Medium-Light,"Kona growing region, Big Island of Hawai’i",$32.00/7 ounces,92.0
9.0,9.0,9.0,Medium-Light,"Naranjo, Central Valley, Costa Rica",$19.95/12 ounces,93.0
9.0,9.0,9.0,Medium,"Kona growing region, Big Island of Hawai’i",$50.00/7 ounces,93.0
9.0,9.0,9.0,Medium,"Kona growing region, Big Island of Hawai’i",$32.00/7 ounces,93.0
9.0,9.0,9.0,Light,"Songwe Region, southwestern Tanzania",$17.95/12 ounces,94.0
9.0,9.0,9.0,Medium-Light,"Boquete growing region, western Panama",NT $600/4 ounces,95.0
9.0,9.0,9.0,Medium-Light,"idamo (also Sidama) growing region, south-central Ethiopia",$31.00/8 ounces,93.0
9.0,9.0,9.0,Medium-Light,"Sidamo (also Sidama) growing region, south-central Ethiopia",$29.00/8 ounces,94.0
9.0,8.0,9.0,Medium-Light,"Kirinyaga County, south-central Kenya",$22.00/12 ounces,93.0
9.0,9.0,9.0,Medium-Light,"Jaramillo, Panama",$65.00/8 ounces,95.0
9.0,9.0,9.0,Medium-Light,"Piedra Candela, Chiriqui Province, western Panama",$85.00/6 ounces,95.0
9.0,9.0,9.0,Light,"Alishan, Taiwan",$64.95/4 ounces,94.0
9.0,9.0,9.0,Medium-Light,"Valle de Cauca, Colombia",$16.95/12 ounces,94.0
10.0,9.0,10.0,Medium-Light,"Nueva Suiza, Chiriquí, Panama","NT $5,000/20 grams",98.0
9.0,9.0,9.0,,"Boquete growing region, western Panama",£45/10 capsules,94.0
9.0,8.0,9.0,Medium-Light,"Kericho County, Rift Valley region, Kenya",$20.00/12 ounces,92.0
9.0,9.0,9.0,Medium,"Nyeri growing region, south-central Kenya",NT $900/8 ounces,96.0
9.0,8.0,9.0,Medium-Light,"Guji Zone, Oromia region, southern Ethiopia",$20/12 ounces,92.0
9.0,9.0,9.0,Medium-Light,"Sidamo (also Sidama) growing region, south-central Ethiopia",$18.99/12 ounces,94.0
9.0,8.0,9.0,Medium-Light,"Gedeb District, Yirgacheffe growing region, south-central Ethiopia",$18.00/12 ounces,93.0
9.0,9.0,9.0,Medium-Light,"Kirinyaga, Kenya",$22.00/12 ounces,93.0
9.0,9.0,9.0,Medium-Light,"Nariño Department, southern Colombia",$15.80/12 ounces,93.0
9.0,8.0,9.0,Medium-Light,"Tarrazu growing region, Costa Rica",$22.95/12 ounces,92.0
9.0,9.0,9.0,Medium-Light,"Yirgacheffe growing region, southern Ethiopia",$16.95/12 ounces,94.0
9.0,8.0,9.0,Medium-Light,"Nyeri County, Kenya",$23.50/12 ounces,92.0
8.0,8.0,9.0,Medium,"Corquin, Honduras",$19.00/12 ounces,92.0
9.0,9.0,9.0,Medium-Light,"Guji Zone, Oromia Region, Southern Ethiopia",$18.00/12 ounces,93.0
9.0,9.0,9.0,Medium-Light,"Bombe mountains, Sidama Region, southern Ethiopia",$25.00/12 ounces,94.0
9.0,9.0,9.0,Medium-Light,"Tarrazu, Costa Rica",$29.99/10 ounces,94.0
9.0,9.0,9.0,Medium-Light,"Chiriqui, Boquete growing region, western Panama",NT $750/4 ounces,94.0
10.0,9.0,10.0,Medium-Light,"Guji Zone, Oromia Region, southern Ethiopia",NT $400/8 ounces,97.0
7.0,7.0,8.0,Medium-Dark,"Antigua growing region, Guatemala",$5.00/12 ounces,86.0
7.0,7.0,8.0,Medium,"Antigua growing region, Guatemala",$5.00/12 ounces,86.0
8.0,8.0,8.0,Medium-Light,"Antigua growing region, Guatemala",$10.00/12 ounces,89.0
8.0,8.0,8.0,Medium-Light,"Antigua growing region, Guatemala",$16.50/12 ounces,90.0
9.0,8.0,9.0,Medium,"Antigua growing region, Guatemala",$16.50/12 ounces,92.0
9.0,9.0,9.0,Medium-Light,"Antigua growing region, Guatemala",$16.50/12 ounces,93.0
9.0,9.0,9.0,Medium-Light,"Antigua growing region, Guatemala",$13.00/12 ounces,94.0
9.0,9.0,9.0,Medium-Light,"Kirinyaga District, south-central Kenya",$21.95/12 ounces,94.0
9.0,9.0,9.0,Medium-Light,"Kiambu growing region, south-central Kenya",NT $325/8 ounces,94.0
9.0,9.0,9.0,Medium-Light,"Kiambu growing region, south-central Kenya",NT $450/227 grams,94.0
9.0,9.0,9.0,Medium-Light,"Kiambu growing region, south-central Kenya",NT $550/225 grams,95.0
9.0,9.0,9.0,Medium-Light,"Nyeri growing region, south-central Kenya",NT $380/115 grams,95.0
9.0,9.0,9.0,Medium-Light,"Kirinyaga District, south-central Kenya",$17.00/12 ounces,95.0
9.0,8.0,10.0,Medium,"Nyeri growing region, south-central Kenya",$22.00/12 ounces,95.0
8.0,8.0,8.0,Medium-Light,"Tolima, Colombia",$32.00/8 ounces,90.0
8.0,8.0,9.0,Medium-Light,"Antioquia, Colombia",$23.00/12 ounces,91.0
9.0,8.0,9.0,Medium-Light,"Oaxaca, Mexico",$20.00/12 ounces,92.0
9.0,8.0,9.0,Light,"Sidama (also Sidamo) growing region, southern Ethiopia",$22.00/12 ounces,92.0
9.0,9.0,9.0,Medium-Light,"Antioquia, Colombia",$28.00/8 ounces,94.0
9.0,9.0,9.0,Medium-Light,"idamo (also Sidama) growing region, south-central Ethiopia",$18.75/12 ounces,94.0
9.0,9.0,9.0,Medium-Light,"Tarrazu, Costa Rica",$17.90/12 ounces,95.0
9.0,9.0,9.0,Medium-Light,Costa Rica,NT $250/8 ounces,94.0
9.0,9.0,9.0,Medium-Light,"Guji Zone, Oromia Region, southern Ethiopia",NT $275/8 ounces,94.0
9.0,9.0,9.0,Medium-Light,"Sidamo (also Sidama) growing region, south-central Ethiopia",NT $550/230 grams,94.0
9.0,9.0,9.0,Light,"Cauca, Colombia",$16.00/12 ounces,94.0
9.0,9.0,9.0,Medium-Light,"Yirgacheffe growing region, Ethiopia",$20.50/12 ounces,94.0
9.0,8.0,9.0,Medium,"Doi Pangkhon, Thailand",$18.95/12 ounces,92.0
9.0,9.0,9.0,Medium-Light,Taiwan,$19.99/8 ounces,92.0
9.0,9.0,9.0,Medium-Light,"Kona, Big Island of Hawai’i",$24.95/4 ounces,93.0
7.0,7.0,7.0,Medium-Dark,"Kona growing region, Big Island of Hawai’i",$25.00/8 ounces,84.0
9.0,9.0,9.0,Medium-Light,"Holualoa, North Kona growing district, “Big Island” of Hawai'i",$62.95/8 ounces,95.0
8.0,8.0,8.0,Medium,Brazil; Nicaragua,HK $80/200 grams,91.0
9.0,9.0,9.0,Medium-Light,"Kenya, Colombia",NT $450/227 grams,94.0
9.0,9.0,9.0,Light,"Gedeb District, Gedeo Zone, southern Ethiopia",$20.00/12 ounces,93.0
9.0,9.0,9.0,Medium-Light,"Kochere, Yirgacheffe growing region, south-central Ethiopia",$19.50/12 ounces,94.0
9.0,9.0,9.0,Medium-Light,"Guji Zone, southern Ethiopia",$20.00/12 ounces,94.0
9.0,9.0,9.0,Medium-Light,"Kochere, Yirgacheffe growing region, south-central Ethiopia",$20.00/12 ounces,94.0
9.0,9.0,9.0,Medium,Guatemala; Ethiopia,$12.00/8 ounces,94.0
9.0,8.0,9.0,Medium-Light,Honduras,$19.99 CAD/12 ounces,92.0
8.0,9.0,9.0,Medium-Light,"Bella Vista, Chiapas, Mexico",$16.00/12 ounces,92.0
9.0,8.0,9.0,Medium-Light,"Antigua growing region, Guatemala",$18.25/12 ounces,92.0
9.0,8.0,9.0,Medium,"Santa Ana Department, El Salvador",$24.00/8 ounces,92.0
9.0,9.0,9.0,Medium-Light,"Huehuetenango Department, Guatemala",$17.99/12 ounces,93.0
9.0,9.0,9.0,Medium-Light,"Chalatenango, El Salvador",NT $500/200 grams,94.0
9.0,9.0,9.0,Light,"Matagalpa, Nicaragua",NT $500/16 ounces,93.0
8.0,8.0,9.0,Medium-Light,"Canton de Desamparados, San Jose, Costa Rica",$17.50/12 ounces,91.0
8.0,9.0,9.0,Medium-Light,"Aceh, Sumatra",$19.50/12 ounces,92.0
9.0,9.0,9.0,Medium-Light,"Guji Zone, Oromia Region, southern Ethiopia",$18.75/12 ounces,94.0
8.0,8.0,9.0,Medium,Not disclosed,$13.95/12 ounces,91.0
9.0,8.0,9.0,Medium-Light,"São Sebastião da Grama, Sul de Minas, Brazil",$60.00/30 ounces,93.0
9.0,9.0,9.0,Medium-Light,"Odo Shakiso District, Guji Zone, southern Ethiopia",$19.95/12 ounces,94.0
9.0,9.0,9.0,Medium-Light,"Kona, Big Island of Hawai’i",$24.95/4 ounces,94.0
9.0,9.0,10.0,Medium-Light,"Puna, Big Island of Hawai’i",$29.95/4 ounces,96.0
9.0,8.0,9.0,Medium-Light,"Tarrazu, Costa RIca",$16.00/10 ounces,93.0
9.0,8.0,9.0,Medium-Light,Brazil; Guatemala; Sumatra,$23.00/12 ounces,92.0
9.0,8.0,9.0,Medium-Light,"Purosa Village, Eastern Highlands, Papua New Guinea",$20.00/16 ounces,92.0
9.0,9.0,9.0,Medium-Light,"Santa Maria de Dota, Costa Rica",$18.00/12 ounces,93.0
9.0,9.0,9.0,Medium-Light,"Sidamo (also Sidama) growing region, south-central Ethiopia",NT $700/230 grams,93.0
9.0,9.0,9.0,Medium-Light,"Lintong growing region, North Sumatra Province, Indonesia",NT $450/225 grams,94.0
9.0,8.0,9.0,Medium,"Sabanilla de Alajuela growing region, Costa Rica",$16.95/12 ounces,92.0
9.0,8.0,9.0,Medium-Light,"Guji Zone, southern Ethiopia",NT $500/8 ounces,93.0
9.0,8.0,8.0,Medium,Ethiopia; Nicaragua; Guatemala,NT $330/16 ounces,92.0
9.0,8.0,9.0,Medium-Light,"Acatenango growing region, central Guatemala",NT $200/8 ounces,93.0
9.0,8.0,9.0,Light,"Kona, Big Island of Hawai’i",$24.95/12 ounces,93.0
9.0,9.0,9.0,Medium-Light,Colombia; Guatemala; Ethiopia,NT $260/8 ounces,94.0
9.0,9.0,9.0,Medium-Light,"Illubabor Zone, Oromia Region, Ethiopia",$24.95/12 ounces,95.0
9.0,8.0,9.0,Medium-Light,"Tarrazu growing region, Costa Rica",NT $500/227 grams,92.0
8.0,9.0,9.0,Medium-Light,"Santa Barbara, Honduras",$21.00/12 ounces,92.0
9.0,9.0,9.0,Medium-Light,"Santa Barbara, Honduras",NT $330/200 grams,93.0
9.0,8.0,9.0,Medium-Light,"Las Flores, Honduras",$20.00/8 ounces,93.0
9.0,9.0,9.0,Medium-Light,"Antigua growing region, Guatemala",NT $400/220 grams,93.0
9.0,9.0,9.0,Medium-Light,"Guji Zone, Oromia Region, south-central Ethiopia",$16.00/12 ounces,93.0
9.0,9.0,9.0,Medium-Light,"Guji Zone, Oromia Region, Southern Ethiopia",$16.00/12 ounces,95.0
9.0,8.0,9.0,Medium,Not disclosed,NT $650/455 grams,93.0
8.0,8.0,8.0,Medium-Light,"Chiapas, Mexico",$16.99/14 ounces,90.0
8.0,8.0,9.0,Medium,"Aceh, Sumatra, Indonesia",$16.99/14 ounces,91.0
9.0,8.0,9.0,Medium-Light,Peru,$16.99/14 ounces,92.0
7.0,7.0,8.0,Medium,Guatemala,$17.00/12 ounces,86.0
8.0,8.0,8.0,Medium-Light,Rwanda,$17.00/12 ounces,90.0
9.0,9.0,9.0,Light,"Odo Shakiso District, Guji Zone, southern Ethiopia",$18.49/12 ounces,94.0
9.0,9.0,9.0,Medium-Light,"Cajamarca, Peru",$15.00/12 ounces,93.0
9.0,9.0,9.0,Light,"Odo Shakiso District, Guji Zone, southern Ethiopia",$18.99/12 ounces,94.0
9.0,8.0,9.0,Medium-Light,"Agaro Gera, Jimma Zone, Oromia State, Ethiopia",$15.00/12 ounces,93.0
9.0,9.0,9.0,Medium-Light,"Embu, Kenya",$23.50/12 ounces,94.0
9.0,9.0,9.0,Medium-Light,Ethiopia,$18.49/12 ounces,94.0
9.0,9.0,9.0,Medium-Light,"Murang'a County, central Kenya",$21.00/12 ounces,94.0
9.0,9.0,9.0,Medium-Light,"Sevilla, San Augustin, Huila, Colombia",$22.00/12 ounces,95.0
8.0,9.0,9.0,Medium,"Mbeya, Tanzania",$19.00/12 ounces,92.0
9.0,8.0,9.0,Medium-Light,"Kisii, southwestern Kenya",$15.95/12 ounces,92.0
9.0,8.0,9.0,Medium,"Ka'u growing district, ""Big Island"" of Hawai’i",$19.00/7 ounces,93.0
9.0,9.0,9.0,Light,"Guji Zone, Oromia Region, Southern Ethiopia",$18.00/12 ounces,94.0
8.0,9.0,9.0,Light,"Agaro Gera, Jimma Zone, Oromia Region, Ethiopia",$15.99/12 ounces,94.0
9.0,9.0,9.0,Medium-Light,"Dipilto, Nicaragua",$15.00/8 ounces,94.0
9.0,9.0,9.0,Light,"Jimma Zone, Oromia State, Ethiopia",$14.00/12 ounces,94.0
9.0,9.0,9.0,Medium-Light,"Suaza, Huila, Colombia",$16.50/12 ounces,94.0
9.0,9.0,9.0,Medium-Light,"Ngozi Province, Burundi",$20.00/12 ounces,95.0
9.0,9.0,9.0,Medium-Light,"Sidama growing region, southern Ethiopia",$24.00/16 ounces,95.0
7.0,8.0,8.0,Medium,Brazil; Guatemala; Indonesia,NT $550/450 grams,87.0
9.0,9.0,9.0,Medium-Light,"Wood Valley, Ka’u, Big Island of Hawai’i",$47.00/12 ounces,93.0
9.0,9.0,9.0,Medium-Light,"Wood Valley, Ka’u, Big Island of Hawai’i",$50.00/12 ounces,94.0
9.0,8.0,9.0,Medium-Light,"Worka Chelbessa, Gedeb, Ethiopia",$20.00/12 ounces,91.0
9.0,8.0,9.0,Medium-Light,Ethiopia; Peru,$18.00/12 ounces,92.0
9.0,9.0,9.0,Medium-Light,"Yirgacheffe growing region, southern Ethiopia",$18.00/12 ounces,93.0
9.0,9.0,9.0,Medium-Light,"Antioquia Department, northwest Colombia",NT $700/8 ounces,94.0
9.0,9.0,9.0,Medium-Light,"Kirinyaga District, south-central Kenya",NT $600/8 ounces,95.0
9.0,8.0,9.0,Medium-Light,"Yirgacheffe growing region, south-central Ethiopia",NT $400/220 grams,93.0
9.0,9.0,9.0,Light,"Guji Zone, Oromia Region, southern Ethiopia",NT $400/8 ounces,94.0
9.0,9.0,9.0,Medium-Light,"Guji Zone, Oromia Region, Southern Ethiopia",NT $400/222 grams,93.0
9.0,8.0,9.0,Medium,Ethiopia; Colombia; Guatemala,NT $475/250 grams,93.0
9.0,8.0,9.0,Medium-Light,"KwaZulu-Natal province, South Africa",$19.95/2 ounces,92.0
8.0,9.0,9.0,Medium-Light,"Isla Santa Cruz and Isla San Cristóbal, Galapagos Islands, Ecuador",$19.95/4 ounces,92.0
8.0,9.0,9.0,Medium,Indonesia; Costa Rica; Brazil,NT $520/250 grams,93.0
9.0,9.0,9.0,Light,"Tolima, Colombia",$19.98/4 ounces,94.0
9.0,9.0,9.0,Light,"Nueva Segovia, Nicaragua",$19.95/6 ounces,94.0
9.0,9.0,9.0,Light,"Volcano, Puna District, Big Island of Hawai’i",$29.95/4 ounces,95.0
8.0,9.0,8.0,Medium-Light,"Guji Zone, Oromia Region, Southern Ethiopia",$14.00/12 ounces,90.0
9.0,9.0,9.0,Medium-Light,"Yirgacheffe growing region, southern Ethiopia",$14.00/12 ounces,94.0
9.0,9.0,9.0,Medium-Light,"Antigua, Guatemala",$19.00/12 ounces,94.0
9.0,8.0,9.0,Medium-Light,"Biollet, Costa Rica",$19.98/4 ounces,93.0
9.0,9.0,9.0,Medium-Light,"Alishan, Chaiyi, Taiwan","NT $1,000/4 ounces",94.0
9.0,9.0,9.0,Medium-Light,"Guji Zone, Oromia Region, Southern Ethiopia",NT $275/8 ounces,95.0
9.0,8.0,9.0,Medium-Light,"Huila Department, Colombia",$28.00/12 ounces,93.0
9.0,9.0,9.0,Medium-Light,"Chalatenango, El Salvador",$16.95/6 ounces,94.0
9.0,9.0,9.0,Medium-Light,"Planadas, Tolima Department, Colombia",$21.00/12 ounces,95.0
8.0,8.0,9.0,Medium,Not disclosed,$11.50/12 ounces,91.0
9.0,8.0,9.0,Medium-Light,"Nariño, Colombia",$18.00/12 ounces,93.0
9.0,9.0,9.0,Medium-Light,"South Kivu Province, the Democratic Republic of the Congo",$21.00/12 ounces,94.0
9.0,9.0,9.0,Medium-Light,"Acevedo, Huila Department, Colombia",$19.00/12 ounces,94.0
9.0,9.0,9.0,Medium-Light,"Kirinyaga, Kenya",$21.00/12 ounces,95.0
9.0,9.0,9.0,Medium-Light,"Kirinyaga, Kenya",$21.00/12 ounces,96.0
8.0,8.0,8.0,Medium,El Salvador; Ethiopia; Colombia,$15.95/12 ounces,91.0
8.0,8.0,8.0,Medium,Colombia; Ethiopia; Kenya,NT $350/227 grams,91.0
8.0,8.0,9.0,Medium-Light,"Yunnan Province, China",$15.00/12 ounces,91.0
9.0,9.0,8.0,Medium-Light,Ethiopia; Yemen,$18.00/12 ounces,92.0
9.0,9.0,9.0,Medium-Light,Yemen,$25.00/8 ounces,93.0
9.0,9.0,9.0,Medium-Light,"Tobosi, Cartago Province, Costa Rica",NT $450/220 grams,94.0
9.0,9.0,9.0,Medium-Light,"Bita Genet District, Keffa Zone, southwestern Ethiopia",$15.00/20 ounces (2 types),93.0
8.0,8.0,8.0,,Brazil; Bali; Ethiopia,$3.00/sachet (plus one donated),90.0
,8.0,9.0,,Brazil; Uganda; Colombia; El Salvador; Ethiopia,$18.00/4-12-ounce bottles; 32 ounces/$12; 64-ounces/$20.00,92.0
,8.0,9.0,,Sumatra; Kenya; Colombia,$46.50/12 9.5-ounce cans,92.0
,9.0,9.0,,"Ipanema, Brazil",NT $200/150 ml. bottle,94.0
,9.0,9.0,,El Salvador; Brazil,$13.99/Four 8.4-ounce cans,93.0
,8.0,9.0,,"Guji Zone, Oromia region, southern Ethiopia",$4.59/10.5-ounce bottle,93.0
,9.0,9.0,,Colombia; Guatemala,$4.00/12-ounce bottle; $20.00/6-pack,93.0
,9.0,9.0,,Ethiopia,$20.00/Four 12-ounce bottles,93.0
,9.0,9.0,,"Jimma Zone, Oromia State, Ethiopia",$18.99/50 ounces,94.0
,9.0,9.0,,"Yirgacheffe growing region, southern Ethiopia",$4.50/12 ounces,93.0
,8.0,9.0,,"Nyeri growing region, south-central Kenya",$4.00/can,94.0
,9.0,9.0,,"Guji Zone, Oromia region, southern Ethiopia",$3.99/8-ounce can,94.0
8.0,8.0,8.0,Medium,Brazil; Costa Rica,$15.95/12 ounces,90.0
8.0,8.0,8.0,Medium,"San Jose, La Paz, Honduras",$15.95/12 ounces,90.0
9.0,8.0,9.0,Medium-Light,"Alishan, Chia-Yi City, Taiwan",NT $400/4 ounces,92.0
8.0,9.0,9.0,Medium-Light,"Huehuetenango, Guatemala",$12.00/8 ounces,92.0
9.0,9.0,9.0,Medium-Light,"Aceh Province, Sumatra, Indonesia",NT $225/8 ounces,94.0
9.0,9.0,9.0,Medium-Light,"Pantan Musara, Gayo, Sumatra, Indonesia",$24.95/12 ounces,94.0
9.0,9.0,9.0,Medium-Light,"Paéz, Cauca Department, Colombia",$12.00/8 ounces,94.0
9.0,9.0,9.0,Medium-Light,"Yirgacheffe growing region, southern Ethiopia",$20.00/12 ounces,94.0
9.0,9.0,9.0,Medium,"Kona, Big Island of Hawai’i",$18.95/4 ounces,94.0
8.0,8.0,8.0,Medium,Brazil; Costa Rica,$10.00/12 ounces,90.0
9.0,8.0,8.0,Medium,"El Diamante, Jaén, Peru",$19.00/12 ounces,92.0
9.0,8.0,9.0,Medium,El Salvador; Peru,$13.50/12 ounces,92.0
9.0,8.0,9.0,Medium,Ethiopia; Nicaragua,NT $225/8 ounces,93.0
9.0,8.0,9.0,Medium-Light,"Huabal, Peru",$20.00/12 ounces,93.0
9.0,8.0,9.0,Medium-Light,"Nariño Department, southern Colombia",$17.00/12 ounces,93.0
9.0,9.0,9.0,Medium,Brazil; Colombia; Ethiopia,$16.00/12 ounces,93.0
9.0,9.0,9.0,Medium-Light,"Aceh Province, Sumatra, Indonesia",$21.00/12 ounces,94.0
9.0,9.0,9.0,Medium,"Agaro Gera, Jimma Zone, Oromia State, Ethiopia",$21.00/12 ounces,94.0
9.0,8.0,9.0,Light,"Biollet, Costa Rica",$19.95/12 ounces,93.0
9.0,8.0,9.0,Medium-Light,"Huila, Colombia",NT $225/4 ounces,92.0
8.0,9.0,9.0,Medium-Light,Ethiopia; Guatemala,$16.00/12 ounces,92.0
9.0,9.0,10.0,Medium-Light,"Embu County, Kenya",NT $580/200 grams,95.0
7.0,7.0,7.0,Medium,"Bali, Indonesia",$14.99/12 ounces,85.0
9.0,8.0,9.0,Medium,"North Kona growing district, “Big Island” of Hawaii",$30.00/8 ounces,92.0
9.0,8.0,9.0,Medium-Light,Guatemala; Ethiopia,$17.50/12 ounces,92.0
9.0,9.0,9.0,Medium,"Huehuetenango, Guatemala",$19.00/12 ounces,93.0
9.0,9.0,9.0,Medium-Light,"Jambi Province, Sumatra, Indonesia",$17.80/12 ounces,94.0
9.0,9.0,9.0,Medium-Light,"Agaro Gera, Jimma Zone, Oromia State, Ethiopia",$22.95/12 ounces,94.0
9.0,9.0,9.0,Medium,"Kona growing region, Big Island of Hawai'i",$35.00/7 ounces,93.0
9.0,9.0,9.0,Medium-Light,"Ka’u growing region, Big Island of Hawai'i",$30.00/10 ounces,93.0
9.0,9.0,9.0,Medium-Light,"Ka’u growing region, Big Island of Hawai'i",$35.00/10 ounces,94.0
9.0,8.0,9.0,Medium-Light,Kenya,NT $400/8 ounces,93.0
9.0,8.0,9.0,Medium,"Gedeb District, Gedeo Zone, southern Ethiopia",NT $600/227 grams,92.0
9.0,9.0,9.0,Medium-Light,"Nariño, Colombia",$19.00/12 ounces,93.0
9.0,9.0,9.0,Medium-Light,"Pinchincha, Ecuador",$29.95/12 ounces,94.0
8.0,9.0,9.0,Medium-Light,"Valle del Cauca growing region, Colombia",$30.00/6 ounces,94.0
9.0,9.0,9.0,Medium-Light,"Lintong growing region, North Sumatra Province, Indonesia",$18.00/12 ounces,93.0
9.0,9.0,9.0,Medium-Light,"Boquete, Panama",$34.95/6 ounces,94.0
9.0,9.0,9.0,Medium-Light,"Holualoa, North Kona growing district, “Big Island” of Hawaii",$45.95/8 ounces (currently on sale for $36.76),94.0
9.0,9.0,9.0,Medium-Light,"Bungoma, Kenya",NT $300/8 ounces,95.0
9.0,9.0,10.0,Medium-Light,"Guji Zone, Oromia Region, south-central Ethiopia",$19.00/12 ounces,95.0
9.0,9.0,10.0,Medium-Light,"idamo (also Sidama) growing region, southern Ethiopia",$20.99/12 ounces,96.0
9.0,9.0,10.0,Medium,Sumatra; Ethiopia,$14.50/12 ounces,96.0
8.0,8.0,9.0,Medium,"Kona growing region, Big Island of Hawai’i",$36.00/12 ounces,91.0
8.0,9.0,9.0,Medium,"South Kona growing region, Hawai’i",$36.00/12 ounces,92.0
9.0,8.0,9.0,Medium-Light,"Bhirkune Village, Nuwakot District, Nepal",$24.00/12 ounces,92.0
9.0,9.0,9.0,Medium-Light,"Ka’u growing region, Big Island of Hawai’i",$19.95/4 ounces,93.0
9.0,9.0,9.0,Light,"Pitalito, Huila Department, Colombia",$24.95/12 ounces,94.0
9.0,8.0,8.0,Medium,"Guatemala; Colombia; Brazil; Ethiopia; Yunnan, China",,91.0
9.0,8.0,9.0,Medium,Brazil; Colombia; Rwanda; Democratic Republic of the Congo,$17.50/12 ounces,92.0
9.0,9.0,9.0,Medium-Light,"Guji Zone, Oromia region, southern Ethiopia",NT $300/8 ounces,94.0
9.0,8.0,9.0,Medium-Light,"South Kivu, Democratic Republic of the Congo",$20.00/12 ounces,93.0
9.0,9.0,9.0,Medium-Light,"Gakenke, Rwanda",$19.50/12 ounces,93.0
8.0,8.0,8.0,Medium,"Vale de Grama, Mogiana, Brazil",$14.95/12 ounces,90.0
9.0,9.0,9.0,Medium-Light,"Quilanga, Ecuador",$22.95/12 ounces,94.0
9.0,9.0,9.0,Medium-Light,"Al-Haimah, Yemen",$49.95/4 ounces,95.0
8.0,8.0,8.0,Medium-Light,Colombia; Honduras; Rwanda,$13.99/12 ounces,90.0
9.0,8.0,9.0,Light,"Yirgacheffe growing region, south-central Ethiopia",$20.00/12 ounces,91.0
9.0,9.0,8.0,Medium,Nicaragua; East Timor,$13.99/12 ounces ($79.00/5 pounds),92.0
9.0,9.0,9.0,Medium-Light,"Gedeb District, Gedeo Zone, southern Ethiopia",$17.00/12 ounces,93.0
9.0,9.0,8.0,Medium,Colombia,$14.99/12 ounces,91.0
9.0,9.0,9.0,Medium,Nicaragua; Colombia; East Timor,$13.99/12 ounces ($79.00/5 pounds),94.0
9.0,9.0,9.0,Medium-Light,"Huila, Colombia",$29.00/12 ounces,94.0
9.0,9.0,9.0,Medium-Light,"Cauca, Colombia",$29.00/12 ounces,94.0
9.0,9.0,9.0,Medium-Light,"Namasheke District, Western Province, Rwanda",$19.00/12 ounces,93.0
9.0,9.0,9.0,Medium-Light,Papua New Guinea; Costa Rica,$15.00/12 ounces; $35.00/2 pounds,93.0
7.0,8.0,8.0,Medium-Light,Sumatra,$12.36/12 ounces,88.0
9.0,9.0,9.0,Medium-Light,"Huila, Colombia",$16.50/12 ounces,94.0
9.0,8.0,9.0,Medium,"Murang'a County, central Kenya",NT $530/200 grams,92.0
9.0,9.0,9.0,Medium-Light,"Valle del Cauca growing region, Colombia",$23.50/12 ounces,94.0
9.0,9.0,9.0,Medium-Light,"Tarrazu, Costa Rica",$23.00/12 ounces,94.0
8.0,9.0,9.0,Medium-Light,"Kiambi County, Kenya",$22.00/12 ounces,92.0
8.0,9.0,9.0,Medium-Light,"Lake Kivu, DRC Congo",$15.25/12 ounces,92.0
9.0,8.0,9.0,Medium-Light,"Sidama (also Sidamo) region, Ethiopia",$20.00/12 ounces,92.0
9.0,8.0,9.0,Medium-Light,"Guji Zone, Oromia region, southern Ethiopia",$18.00/12 ounces,92.0
9.0,9.0,9.0,Medium-Light,"Gakenke, Northern Province, Rwanda",$14.00/12 ounces,93.0
9.0,9.0,9.0,Medium-Light,"Yirgacheffe growing region, south-central Ethiopia",$17.00/12 ounces,93.0
9.0,8.0,9.0,Medium,"Jimma Zone, Oromia State, Ethiopia",$18.00/12 ounces,93.0
9.0,9.0,9.0,Medium-Light,"Guji Zone, Oromia region, southern Ethiopia",$15.00/8 ounces,94.0
10.0,9.0,10.0,Light,"Sidama growing region, southern Ethiopia",$33.00/12 ounces,96.0
8.0,8.0,8.0,Medium,"Motozintla de Mendoza, Chiapas State, Mexico",$17.00/12 ounces,90.0
9.0,8.0,9.0,Medium-Light,"El Socorro, Comayagua Department, Honduras",$17.00/12 ounces,92.0
8.0,9.0,8.0,Medium-Light,"Kona, Hawaii",$34.95/7 ounces,91.0
9.0,9.0,9.0,Medium,Ethiopia; Guatemala,NT $350/200 grams,94.0
9.0,9.0,9.0,Medium-Light,"Kona, Hawaii",$50.00/ 7 ounces,94.0
8.0,8.0,8.0,Medium-Dark,Not disclosed,$12.95/16 ounces,90.0
8.0,8.0,8.0,Medium-Light,"Quiché, northern Guatemala",$14.00/12 ounces,88.0
9.0,8.0,9.0,Medium-Light,"Yirgacheffe growing region, southern Ethiopia",$19.99/340 grams,93.0
9.0,9.0,9.0,Medium-Light,"Alto Quiel, Panama",$20.00/12 ounces,95.0
8.0,8.0,9.0,Medium-Dark,Panama; Brazil; Indonesia,HK $150/250 grams,92.0
9.0,8.0,9.0,Medium,Honduras; Ethiopia; Brazil,HK $150/250 grams,93.0
9.0,8.0,9.0,Medium-Dark,Kenya; Ethiopia; Colombia,NT $350/227 grams,92.0
8.0,8.0,9.0,Medium,"Tarrazu, Costa Rica",$18.00/16 ounces,91.0
9.0,8.0,9.0,Medium,"Kona growing district, Big Island of Hawaii",$24.00/8 ounces,92.0
8.0,8.0,8.0,Medium-Light,"South Kivu Province, Democratic Republic of the Congo",$17.90/12 ounces,90.0
8.0,8.0,9.0,Medium-Light,"South Kivu Province, Democratic Republic of the Congo",$17.90/12 ounces,91.0
9.0,9.0,9.0,Medium-Light,"iambu growing region, south-central Kenya",NT $300/8 ounces,94.0
8.0,9.0,9.0,Medium-Light,"Fredonia, Antioquia Department, Colombia",$16.00/12 ounces; $50.00/5 pounds,92.0
9.0,9.0,9.0,Medium,"Gedeb District, Gedeo Zone, southern Ethiopia",NT $600/200 grams,94.0
8.0,8.0,8.0,Medium-Light,"Cajamarca growing region, Peru",$16.20/12 ounces,90.0
8.0,9.0,9.0,Medium-Light,"Huila Department, southwestern Colombia",$17.75/12 ounces,92.0
8.0,8.0,9.0,Medium-Light,"Boquete growing region, western Panama",$30.00/8 ounces,91.0
8.0,8.0,9.0,Medium-Light,"Gedeo Zone, southern Ethiopia",$18.40/12 ounces,92.0
9.0,8.0,9.0,Medium,"Nyeri growing region, south-central Kenya",$12.00/12 ounces,92.0
9.0,9.0,9.0,Medium-Light,"Ngiriambu District, Kenya",$19.00/12 ounces,94.0
9.0,9.0,9.0,Medium-Light,"Sidama (also Sidamo) region, Ethiopia",$19.75/12 ounces,94.0
8.0,8.0,8.0,Medium,Brazil; Costa Rica; Zambia; Java; Rwanda,€29.95/1 kilo (35.3 ounces),90.0
8.0,8.0,9.0,Medium-Light,Guatemala; Colombia; Brazil,$16.88/227 grams,91.0
9.0,8.0,9.0,Medium-Light,Ethiopia; Colombia; Guatemala; Brazil,$17.88/227 grams,93.0
9.0,8.0,9.0,Medium-Light,"Yirgacheffe growing region, Ethiopia",$19.50/12 ounces,92.0
8.0,9.0,9.0,Medium,Central Kenya,$22.50/12 ounces,92.0
9.0,8.0,9.0,Medium-Light,"Guji Zone, Oromia region, southern Ethiopia",$18.00/12 ounces,92.0
9.0,8.0,9.0,Medium-Light,"Yirgacheffe growing region, south-central Ethiopia",$17.50/12 ounces,93.0
9.0,8.0,9.0,Medium-Light,"Karatu, Tanzania",$12.00/12 ounces,93.0
8.0,9.0,8.0,Medium-Light,"Guji Zone, Oromia region, southern Ethiopia",NT $440/8 ounces,91.0
8.0,8.0,8.0,Medium,Peru; Colombia; Guatemala; Ecuador; Ethiopia; Brazil,NT $320/227 grams,90.0
9.0,9.0,9.0,Medium-Light,"Boquete, Panama",NT $1600/4 ounces,94.0
9.0,9.0,9.0,Medium-Light,"Holualoa, North Kona growing district, “Big Island” of Hawaii",$62.95/8 ounces,95.0
7.0,8.0,8.0,Dark,"Sumatra, Indonesia",$10.49/12 ounces,87.0
8.0,7.0,8.0,Medium-Dark,Guatemala,$8.99/32 ounces,87.0
8.0,8.0,8.0,Medium,Colombia,$9.29/22 ounces,88.0
8.0,8.0,9.0,Medium-Dark,Colombia,$4.99/12 ounces,89.0
8.0,8.0,9.0,Medium,Guatemala,$6.99/16 ounces,89.0
8.0,8.0,9.0,Medium,"Sidamo (also Sidama) growing region, southern Ethiopia",$11.29/12 ounces,90.0
8.0,8.0,8.0,Medium-Light,"Sidamo (also Sidama) growing region, southern Ethiopia",$13.99/12 ounces,90.0
8.0,8.0,8.0,Medium,"Santa Elena, La Paz, Honduras",$14.99/10 ounces,90.0
8.0,9.0,9.0,Medium-Dark,"Sololá, Guatemala",$13.99/12 ounces,90.0
8.0,8.0,9.0,Medium,Kenya,$14.99/12 ounces,90.0
8.0,9.0,9.0,Medium,Colombia,$10.95/12 ounces,91.0
9.0,8.0,9.0,Medium,"Sidamo (also Sidama) growing region, southern Ethiopia",$13.99/12 ounces,92.0
9.0,8.0,9.0,Medium-Light,"Acatenango, Guatemala","NT $1,000/100 grams",92.0
9.0,8.0,9.0,Medium-Light,"Huila, Colombia","NT $1,000/100 grams",92.0
9.0,9.0,9.0,Medium,"Kirinyaga District, south-central Kenya","NT $1,000/100 grams",94.0
9.0,8.0,9.0,Medium,"Huila, Colombia",$15.00/8 ounces,93.0
9.0,9.0,9.0,Medium-Light,"Guji Zone, Oromia Region, south-central Ethiopia",$19.75/12 ounces,95.0
9.0,9.0,10.0,Medium-Light,"Boquete growing region, western Panama",$19.95/4 ounces,96.0
9.0,9.0,9.0,Medium-Light,"Pichincha, northern Ecuador",,94.0
9.0,8.0,9.0,Medium-Light,"Sidamo (also Sidama) growing region, south-central Ethiopia",NT $500/200 grams,93.0
9.0,8.0,9.0,Medium,Thailand; Laos,"$35,000 LAK/250 grams",93.0
9.0,9.0,9.0,Medium-Light,"Yirgacheffe growing region, southern Ethiopia",NT $500/100 grams,94.0
9.0,9.0,9.0,Medium-Light,"Yirgacheffe growing region, southern Ethiopia",NT $550/200 grams,95.0
9.0,9.0,9.0,Medium,"Tarrazu, Costa Rica",$16.00/14 ounces,92.0
9.0,9.0,9.0,Medium,Not disclosed,$14.25/12 ounces,94.0
9.0,8.0,9.0,Medium-Light,Madagascar,$19.95/8 ounces,92.0
9.0,9.0,9.0,Medium-Light,"Odo Shakiso District, Guji Zone, Oromia region, southern Ethiopia",$18.00/12 ounces,93.0
9.0,8.0,9.0,Medium,"Yirgacheffe growing region, southern Ethiopia",$19.95/12 ounces,93.0
9.0,8.0,9.0,Medium,Ethiopia; Guatemala,$18.00/12 ounces,92.0
8.0,9.0,9.0,Medium-Light,Peru,$15.00/12 ounces,92.0
9.0,9.0,9.0,Medium,Ethiopia; Colombia,$18.99/12 ounces,93.0
9.0,8.0,9.0,Medium-Light,Ethiopia; Kenya,NT $200/227 grams,93.0
9.0,9.0,9.0,Medium,Kenya; Guatemala,$18.75/12 ounces,94.0
9.0,9.0,9.0,Medium-Light,Southern Ethiopia,$8.00/100 grams,94.0
8.0,8.0,8.0,Medium,Kona; Panama; Mexico,$17.99/12 ounces,88.0
9.0,8.0,8.0,Medium,Guatemala,$17.99/12 ounces,90.0
9.0,8.0,9.0,Medium,Rwanda,$17.99/12 ounces,91.0
9.0,8.0,9.0,Medium-Light,"Dolores, Tolima Department, Colombia",$16.20/12 ounces,92.0
9.0,8.0,9.0,Medium-Light,"Nensebo Woreda, Sidama, Ethiopia",$16.80/12 ounces,93.0
9.0,9.0,9.0,Medium,"Sabanilla de Alajuela, Costa Rica",$15.95/12 ounces,93.0
9.0,9.0,9.0,Medium-Light,"Puna, Big Island of Hawai’i",$19.95/4 ounces,93.0
8.0,8.0,8.0,Medium,Brazil,$15.00/500 grams,90.0
9.0,9.0,9.0,Medium,"West Java, Indonesia","IDR $120,000/200 grams",94.0
9.0,9.0,9.0,Medium-Light,"West Java, Indonesia","IDR $120,000/200 grams",94.0
9.0,9.0,9.0,Medium-Light,"Kiambu growing region, south-central Kenya",NT$300/8 ounces,94.0
9.0,9.0,9.0,Medium,"Kiambu growing region, south-central Kenya",NT $300/8 ounces,94.0
9.0,9.0,9.0,Medium-Light,"Alto Quiel, Panama",$69.95/6 ounces,94.0
9.0,9.0,10.0,Medium,"Lintong growing region, northern Sumatra, Indonesia",NT $275/8 ounces,96.0
9.0,9.0,9.0,Light,"Cerro El Tigre, El Salvador",$16.95/12 ounces,93.0
9.0,8.0,9.0,Medium-Light,"Yirgacheffe growing region, southern Ethiopia",NT $300/200 grams,93.0
8.0,8.0,8.0,Medium-Light,"Chimaltenango, Guatemala",$16.95/12 ounces,90.0
8.0,8.0,8.0,Medium-Dark,Indonesia; Ethiopia; Colombia; Honduras,NT $450/250 grams,90.0
9.0,8.0,8.0,Medium-Light,Costa Rica,$18.00/12 ounces,90.0
9.0,8.0,9.0,Medium,"Yirgacheffe growing region, southern Ethiopia",NT $450/225 grams,91.0
8.0,9.0,9.0,Medium-Light,"Antigua, Guatemala",$21.00/12 ounces,92.0
9.0,8.0,9.0,Medium-Light,"Kibugu Village, Embu County, Kenya",$19.95/12 ounces,93.0
9.0,8.0,9.0,Medium-Light,"Yirgacheffe growing region, southern Ethiopia",NT $500/200 grams,93.0
9.0,9.0,9.0,Medium-Light,"Kirinyaga District, south-central Kenya",$21.00/12 ounces,93.0
9.0,9.0,9.0,Medium-Light,"Yirgacheffe growing region, southern Ethiopia",$19.95/12 ounces,93.0
9.0,9.0,9.0,Medium-Light,"Nyeri growing region, south-central Kenya",NT $570/200 grams,95.0
10.0,9.0,10.0,Medium-Light,"Boquete growing region, Panama",$125.00/4 ounces; limited availability,97.0
9.0,8.0,9.0,Medium-Dark,"Gedeb District, Gedeo Zone, southern Ethiopia","NT $1,100/8 ounces",93.0
9.0,9.0,9.0,Medium-Dark,"Buyenzi, Katanga, Burundi",NT $900/8 ounces,93.0
9.0,8.0,10.0,Medium-Dark,"Central Valley, Costa Rica","NT $1,300/8 ounces",95.0
9.0,9.0,9.0,Medium,Ethiopia,"NT $1,400/8 ounces",95.0
8.0,8.0,8.0,Medium-Light,"Santa Rosa growing region, Guatemala",$16.90/12 ounces,90.0
9.0,8.0,9.0,Medium,South America; Central America; Africa,$15.75/12 ounces,93.0
9.0,9.0,9.0,Medium-Light,"Kirinyaga District, south-central Kenya",$19.20/12 ounces,94.0
9.0,9.0,10.0,Medium-Light,"Mandheling growing region, northern Sumatra, Indonesia",$17.20/12 ounces,96.0
9.0,8.0,9.0,Medium,"yeri growing region, south-central Kenya",$24.50/12 ounces,93.0
9.0,9.0,9.0,Medium-Light,"Yirgacheffe growing region, southern Ethiopia",NT $450/225 grams,93.0
8.0,8.0,9.0,Medium,Ethiopia; Sumatra; Colombia; Brazil; Guatemala,NT $280/454 grams,91.0
9.0,8.0,9.0,Medium-Light,"Nyeri growing region, south-central Kenya",$20.95/12 ounces,93.0
9.0,9.0,9.0,Medium-Light,"Yirgacheffe growing region, southern Ethiopia",$17.95/12 ounces,93.0
9.0,9.0,9.0,Medium-Light,"Jimma growing region, southern Ethiopia",NT $200/200 grams,95.0
9.0,9.0,9.0,Medium-Light,"Alto Quiel, Panama",$21.95/12 ounces,95.0
8.0,8.0,9.0,Light,"Huila Department, Colombia",$18.00/12 ounces,91.0
9.0,8.0,9.0,Medium-Light,Guatemala,"$39.95/8 ounces (packaged as a ""duo"" with the Bourbon Rey Jamaica)",93.0
9.0,9.0,9.0,Medium-Light,Jamaica,"$39.95/8 ounces (packaged as a ""duo"" with Bourbon Rey Guatemala)",93.0
9.0,9.0,9.0,Medium,"Muranga County, South-Central Kenya",NT $550/225 grams,95.0
10.0,9.0,10.0,Medium-Light,"Boquete growing region, western Panama",$100.00/21 grams,98.0
9.0,8.0,9.0,Medium-Light,"Kirinyaga District, south-central Kenya",$22.00/12 ounces,93.0
9.0,9.0,9.0,Medium-Light,"Thika Plateau, Central Highlands, Kenya",$23.95/12 ounces,93.0
9.0,8.0,9.0,Medium,Central America; South America; Africa,NT $300/8 ounces,93.0
9.0,9.0,9.0,Medium,"Brunca, Costa Rica",NT $400/227 grams,93.0
9.0,9.0,9.0,Medium,"Palestina region, Huila Department, Colombia",$40.00/8 ounces,93.0
9.0,8.0,9.0,Medium-Light,"Jimma Zone, Oromia State, Ethiopia",$20.00/12 ounces,93.0
9.0,9.0,9.0,Medium-Light,"Yirgacheffe, southern Ethiopia",NT $1200/200 grams,92.0
9.0,9.0,9.0,Medium-Light,"Cauca, Colombia",NT $800/100 grams,92.0
9.0,9.0,9.0,Light,"Tarrazu, Costa Rica",$18.00/12 ounces,93.0
9.0,9.0,9.0,Medium-Light,"Sidamo (also Sidama), Ethiopia",NT $500/230 grams,93.0
9.0,8.0,9.0,Medium-Light,"Tarrazu, Costa Rica",$15.00/10 ounces,93.0
9.0,9.0,9.0,Dark,"Gayo (also Aceh) growing region, Aceh Province, northern Sumatra, Indonesia",NT $1200/16 ounces,94.0
9.0,8.0,9.0,Medium,"Valle de Cauca, Colombia",$19.95/8 ounces,92.0
8.0,8.0,9.0,Medium,"Acatenango growing region, central Guatemala",NT $200/8 ounces,92.0
9.0,8.0,9.0,Medium-Light,"Acatenango growing region, Guatemala",NT $250/8 ounces,92.0
9.0,8.0,9.0,Medium,"Acatenango growing region, Guatemala",NT $250/8 ounces,93.0
9.0,9.0,9.0,Medium-Light,"Kochere Woreda, Yirgacheffe growing region, south-central Ethiopia",NT $325/8 ounces,94.0
9.0,9.0,9.0,Medium-Light,"Bench-Maji Zone, southern Ethiopia",$39.95/8 ounces*,95.0
9.0,8.0,9.0,Light,"La Libertad, Huehuetenango, Guatemala",$14.50/12 ounces,92.0
9.0,9.0,9.0,Medium-Light,"Nyeri growing region, south-central Kenya",$15.00/250 grams,94.0
9.0,8.0,8.0,Medium-Dark,Brazil; Guatemala,NT $380/454 grams,92.0
9.0,9.0,9.0,Medium-Light,"Embu County, Eastern Province, Kenya",CAD $21.00/12 ounces,94.0
9.0,9.0,9.0,Medium-Light,"Guji Zone, southern Ethiopia",$15.00/10 ounces,93.0
9.0,8.0,9.0,Medium-Light,"Pichincha Province, north-central Ecuador",$15.00/250 grams,93.0
9.0,8.0,9.0,Medium-Light,"Jimma Zone, Oromia State, Ethiopia",$20.00/12 ounces,93.0
8.0,8.0,9.0,Medium,"Cusco Department, La Convención Province, Santa Teresa District, Peru",$15.00/12 ounces,91.0
8.0,8.0,9.0,Medium-Light,"San Cristobal, Cobán, Alta Verapaz, Guatemala",$13.50/8 ounces,91.0
9.0,9.0,9.0,Medium-Light,"Nyamagabe district, Southern Province, Rwanda",$12.00/12 ounces,93.0
9.0,9.0,9.0,Medium-Light,"Boquete growing region, western Panama",$12.00/12 ounces,94.0
9.0,8.0,9.0,Medium-Light,Ethiopia; Sumatra,NTD $300/200 grams,92.0
9.0,8.0,9.0,Medium-Light,"Yirgacheffe growing region, southern Ethiopia",$17.10/12 ounces,93.0
9.0,9.0,9.0,Medium-Light,"Yirgacheffe growing region, southern Ethiopia",$17.10/12 ounces,94.0
8.0,8.0,7.0,Medium-Dark,Not disclosed,NT $380/450 grams,88.0
8.0,8.0,8.0,Medium-Dark,Central America,NT $600/450 grams,91.0
9.0,8.0,9.0,Medium-Light,"Sidamo (also Sidama) growing region, south-central Ethiopia",$19.00/12 ounces,94.0
8.0,8.0,8.0,Medium-Light,"Limu growing region, southwest Ethiopia",AED $99.75/250 grams,90.0
9.0,8.0,9.0,Medium-Light,"Guji Zone, southern Ethiopia",AED $103.95/250 grams,92.0
9.0,9.0,9.0,Medium-Light,"Bench-Maji Zone, southern Ethiopia",$50.00/8 ounces,94.0
9.0,9.0,9.0,Medium-Light,"Bench-Maji Zone, southern Ethiopia",NT $1200/100 grams,94.0
9.0,9.0,9.0,Medium-Light,"Neira, Caldas Department, Colombia",NT $1350/230 grams,94.0
9.0,9.0,9.0,Medium-Light,"Alto Jaramillo, Boquete growing region, western Panama",$40.00/4 ounces,94.0
9.0,9.0,9.0,Medium-Light,"Boquete growing region, western Panama",$60.00/8 ounces,95.0
9.0,9.0,10.0,Medium-Light,"Chiriqui growing region, Panama",NT $750/4 ounces,96.0
9.0,9.0,9.0,Medium-Light,"Kochere, Yirgacheffe growing region, south-central Ethiopia",NT $300/8 ounces,94.0
9.0,9.0,9.0,Medium,"Odo Shakiso District, Guji Zone, Oromia region, southern Ethiopia",$21.00/12 ounces,94.0
9.0,8.0,9.0,Medium,Not disclosed,NT $700/227 grams,92.0
9.0,9.0,9.0,Medium-Light,"Yirgacheffe growing region, southern Ethiopia",NT $450/227 grams,93.0
9.0,8.0,9.0,,"Karongi District, Western Province, Rwanda",£40.50/10 capsules,94.0
8.0,8.0,9.0,Medium,"Chalatenango Department, northwestern El Salvador",$45.00/16 ounces,91.0
8.0,8.0,9.0,Medium,"Chalatenango Department, northwestern El Salvador",$25.00/12 ounces,91.0
9.0,8.0,9.0,Light,"Chalatenango Department, northwestern El Salvador",NT $1200/230 grams,92.0
8.0,9.0,9.0,Medium-Light,"Santa Ana Department, northwestern El Salvador",$34.99/16 ounces,92.0
8.0,8.0,9.0,Medium-Light,"La Palma, Chalatenango Department, northwestern El Salvador",$16.20/12 ounces,92.0
9.0,9.0,9.0,Medium,"Tecapa Chinameca growing region, southeastern El Salvador",$19.65/8 ounces,94.0
9.0,8.0,9.0,Medium-Light,"Tecapa Chinameca growing region, Santiago de María, southeastern El Salvador",$22.00/12 ounces,93.0
9.0,9.0,9.0,Medium-Light,"Yirgacheffe growing region, southern Ethiopia",NT $275/8 ounces,94.0
9.0,9.0,9.0,Medium-Light,"Guji Zone, Oromia Region, southern Ethiopia",NT $260/8 ounces,94.0
9.0,9.0,9.0,Medium,"Kiambu growing region, south-central Kenya",NT $350/8 ounces,95.0
9.0,8.0,9.0,Medium-Light,Asia; Africa; Americas,$15.45/12 ounces,92.0
9.0,8.0,9.0,Medium-Dark,"Guji Zone, Oromia Region, southern Ethiopia",NT $225/8 ounces,93.0
9.0,8.0,9.0,Medium-Light,"Kochere Woreda, Gedeo Zone, southern Ethiopia",$16.40/12 ounces,93.0
9.0,9.0,9.0,Medium-Light,"Sidamo (also Sidama) growing region, south-central Ethiopia",$206.00/8 ounces,93.0
9.0,8.0,9.0,Medium-Light,"Sidamo (also Sidama) growing region, south-central Ethiopia",$30.00/8 ounces,93.0
8.0,8.0,8.0,Medium-Light,"Belis, Atok, Benguet Province, Philippines",$18.95/8 ounces,90.0
9.0,8.0,9.0,Medium-Light,"Sandy Bay Valley, Saint Helena Island",$49.95/4 ounces,93.0
9.0,9.0,9.0,Medium-Light,"Oaxaca State, Mexico",$35.00/8 ounces,94.0
9.0,8.0,9.0,Medium-Light,"Sidamo (also Sidama) growing region, south-central Ethiopia",NT $200/250 grams,93.0
9.0,8.0,9.0,Medium-Light,Africa; Asia,$15.95/12 ounces,92.0
8.0,9.0,9.0,Medium-Light,"Loja Province, southern Ecuador",$NT 700/227 grams,93.0
10.0,8.0,10.0,Medium,"Valle del Cauca Department, western Colombia",$25.00/150 grams,96.0
8.0,8.0,8.0,Medium-Light,"Kalaheo, Kauai, Hawaii",$60.00/10 ounces,90.0
9.0,8.0,9.0,Medium,"Thika growing region, central Kenya",$19.00/12 ounces,94.0
9.0,8.0,9.0,Medium-Light,"Northern Province, Zambia",$17.00/12 ounces,92.0
9.0,9.0,9.0,Medium-Light,"Nyeri growing region, south-central Kenya",$23.00/12 ounces,94.0
9.0,9.0,10.0,Medium-Light,"Yirgacheffe growing region, southern Ethiopia",$18.00/12 ounces,96.0
8.0,9.0,9.0,Medium,"Acatenango growing region, Guatemala",NT $200/8 ounces,93.0
9.0,9.0,9.0,Medium-Light,"Bururi growing region, Burundi",$16.00/12 ounces,93.0
9.0,9.0,9.0,Medium-Light,"Cajamarca, Peru",NT $260/8 ounces,93.0
8.0,9.0,9.0,Medium-Light,"Antigua growing region, Guatemala",$15.90/12 ounces,93.0
9.0,8.0,9.0,Medium-Light,"Cajamarca, Peru",$21.00/12 ounces,93.0
9.0,9.0,9.0,Light,Central Kenya,$15.00/10 ounces,93.0
8.0,8.0,8.0,Medium-Light,"Coto Brus, Puntarenas, Costa Rica",$15.00/12 ounces,90.0
8.0,8.0,9.0,Medium,"Ibicoara Municipality, Chapada Diamantina region, Bahia State, Brazil",$15.00/12 ounces,91.0
9.0,8.0,9.0,Medium-Light,"Hambela district, Oromia growing region, southern Ethiopia",$15.00/12 ounces,92.0
9.0,9.0,9.0,Light,Ethiopia; Panana; Guatemala; Honduras,NT $700/400 grams,93.0
8.0,8.0,9.0,Light,Ethiopia; Panama,NT $400/8 ounces,92.0
8.0,9.0,9.0,Medium,Colombia; Guatemala; Ethiopia,NT $165/8 ounces,93.0
9.0,8.0,9.0,Medium-Light,Ethiopia; Guatemala,NT $400/225 grams,93.0
9.0,8.0,9.0,Medium-Light,Kenya,NT $600/225 grams,93.0
9.0,8.0,9.0,Medium-Light,"Tolima Department, Colombia",$30.00/12 ounces,93.0
10.0,9.0,10.0,Medium-Light,"Kiambu growing region, south-central Kenya",$21.20/12 ounces,97.0
9.0,8.0,8.0,Medium,"Acatenango growing region, central Guatemala",NT $180/8 ounces,92.0
9.0,9.0,9.0,Medium,"Kona growing district, Big Island of Hawai'i",$40.00/8 ounces,93.0
9.0,9.0,9.0,Medium-Light,"Kiambu growing region, south-central Kenya",NT $360/8 ounces,94.0
8.0,8.0,8.0,Medium-Dark,Brazil; El Salvador,HK $125.00/250 grams,89.0
9.0,8.0,8.0,Medium-Light,Ethiopia,HK $125.00/250 grams,90.0
9.0,9.0,9.0,Medium-Light,"Caldas growing region, Colombia",$20.00/12 ounces,94.0
9.0,9.0,9.0,Medium-Light,"Huila, Colombia",$24.95/12 ounces,94.0
9.0,9.0,9.0,Medium-Light,"San Augustin, Huila, Colombia",$19.50/12 ounces,94.0
9.0,9.0,9.0,Medium-Light,"Gedeb District, Gedeo Zone, southern Ethiopia",NT $660/225 grams,95.0
8.0,9.0,9.0,Medium-Light,Zambia,$14.95/12 ounces,92.0
9.0,8.0,9.0,Medium-Light,"Sidamo (also Sidama) growing region, south-central Ethiopia",18.00/12 ounces,92.0
7.0,7.0,7.0,Light,Colombia,$9.99/12 sticks,84.0
9.0,8.0,9.0,Medium,Central America; South America,$13.99/12 ounces,93.0
9.0,8.0,9.0,Medium-Light,Burundi; Colombia,$13.56/12 ounces,93.0
9.0,8.0,9.0,Medium,Brazil; Ecuador,$12.95/12 ounces,93.0
8.0,9.0,9.0,Medium-Light,Central America; South America; Indonesia,$14.00/12 ounces,93.0
7.0,8.0,8.0,Medium-Dark,Rwanda,$37.99/6 pounds,87.0
7.0,8.0,8.0,Medium-Dark,Colombia,$18.99/2 pounds,87.0
8.0,8.0,9.0,Medium-Dark,"Concordia, Colombia",$17.99/3 pounds,90.0
9.0,8.0,9.0,Medium-Light,"Guji Zone, Oromia Region, southern Ethiopia",$19.00/200 grams,95.0
8.0,8.0,9.0,Medium,"Kealakekua, Kona growing district, Big Island of Hawai'i",$75.00/12 ounces,90.0
9.0,8.0,9.0,Medium-Light,"Ka'u growing region, Big Island of Hawai'i",$32.00/8 ounces,92.0
9.0,8.0,9.0,Medium-Light,"Ka'u growing region, Big Island of Hawai'i",$24.00/8 ounces,92.0
9.0,8.0,9.0,Medium-Light,"Kula, Island of Maui, Hawai'i",$40.00/8 ounces,93.0
9.0,8.0,9.0,Medium-Light,"Ka'u growing region, Big Island of Hawai'i",$49.00/8 ounces,93.0
9.0,8.0,9.0,Medium-Light,"Holualoa, North Kona growing district, “Big Island” of Hawai'i",$63.95/8 ounces,93.0
9.0,9.0,9.0,Medium-Light,"Kona District, Kealakekua growing region, Big Island of Hawai'i",$29.00/10 ounces,93.0
9.0,9.0,9.0,Medium-Light,"Puna District, Big Island of Hawai'i",$31.00/10 ounces,93.0
9.0,9.0,9.0,Medium-Light,"Holualoa, North Kona growing district, “Big Island” of Hawai'i",$42.00/4 ounces,94.0
9.0,9.0,9.0,Light,"Ka'u growing region, Big Island of Hawai'i",$19.95/4 ounces,94.0
9.0,9.0,9.0,Light,"Kayanza, Kabuye, Burundi",$19.95/12 ounces,92.0
9.0,8.0,8.0,Medium-Light,"Huila Department, southern Colombia",$15.90/12 ounces,91.0
9.0,8.0,9.0,Medium-Light,"Lintong growing region, North Sumatra Province, Indonesia",$18.00/12 ounces,94.0
8.0,8.0,9.0,Medium-Light,"Narino Department, southern Colombia",$15.95/12 ounces,90.0
9.0,9.0,9.0,Medium-Light,"Loja Province, southern Ecuador",$23.00/12 ounces,92.0
9.0,9.0,10.0,Medium,"Valle del Cauca growing region, Colombia",$37.50/8 ounces,95.0
8.0,8.0,8.0,Medium-Light,"Nyamagabe district, Southern Province, Rwanda",$15.95/12 ounces,90.0
9.0,8.0,9.0,Medium-Light,"Guji Zone, Oromia Region, southern Ethiopia",$7.12/120 grams,93.0
9.0,8.0,9.0,Medium-Dark,Not disclosed,$13.99/12 ounces,92.0
9.0,9.0,9.0,Medium-Light,"Bench-Maji Zone, Southern Ethiopia",NT $350/8 ounces,95.0
8.0,9.0,9.0,Medium-Light,"Nyamasheke District, Rwanda",$16.20/12 ounces,92.0
9.0,8.0,9.0,Medium-Light,"Nyamasheke District, Rwanda",$16.20/12 ounces,93.0
9.0,9.0,9.0,Medium-Light,"Sidamo (also Sidama) growing region, south-central Ethiopia",$19.00/12 ounces,95.0
9.0,8.0,9.0,Medium,Guatemala; Brazil; India,NT $490/16 ounces,92.0
9.0,9.0,9.0,Medium-Light,"South Kivu Province, Democratic Republic of the Congo",$18.50/12 ounces,92.0
8.0,8.0,9.0,Medium,"Salgar Municipality, Antioquia Department, west-central Colombia",$13.00/12 ounces,90.0
8.0,9.0,9.0,Medium-Light,"Sabah State, Malaysia",$16.95/6 ounces,90.0
9.0,8.0,9.0,Medium-Light,"Muranga District, Central Province, Kenya",$27.00/16 ounces,94.0
9.0,8.0,9.0,Medium-Light,Ethiopia,$28.00/500 grams,92.0
8.0,8.0,8.0,Medium,"Kona growing district, Big Island of Hawaii",$24.00/8 ounces,90.0
8.0,9.0,9.0,Medium-Dark,Harar (also Harrar) growing region of eastern Ethiopia,$18.00/16 ounces,91.0
9.0,8.0,9.0,Medium-Light,"Rulindo, Rwanda",$17.00/12 ounces,92.0
9.0,8.0,9.0,Medium-Light,"Campos Alto district, Minas Gerais State, southeastern Brazil",$15.95/12 ounces,93.0
8.0,8.0,8.0,Light,"Palestina region, Huila Department, Colombia",$19.00/12 ounces,90.0
9.0,8.0,9.0,Medium,Colombia; Rwanda; El Salvador,NT $210/8 ounces,92.0
9.0,9.0,9.0,Medium,"Kirinyaga County, south-central Kenya",$36.95/8 ounces,93.0
9.0,9.0,9.0,Medium-Light,"Boquete growing region, western Panama",NT $550/4 ounces,94.0
9.0,8.0,9.0,Medium-Light,"Bench Maji Zone, southwestern Ethiopia",$48.95/8 ounces,93.0
9.0,9.0,9.0,Medium-Light,"Santa Ana region, El Salvador",NT $360/16 ounces,94.0
9.0,9.0,9.0,Medium-Light,"Mara growing region, Tarime, Tanzania",$17.00/12 ounces,94.0
9.0,9.0,9.0,Medium-Light,"Guji Zone, Oromia Region, southern Ethiopia",NT $650/16 ounces,95.0
9.0,9.0,9.0,Medium,"Lintong growing region, North Sumatra Province, Indonesia",$17.00/12 ounces,95.0
9.0,8.0,9.0,Light,"Gayo (also Aceh) growing region, Aceh Province, northern Sumatra, Indonesia",$16.95/12 ounces,92.0
9.0,9.0,9.0,Medium-Light,"Gayo (also Aceh) growing region, Aceh Province, northern Sumatra, Indonesia",NT $480/8 ounces,93.0
9.0,9.0,9.0,Medium-Light,"Kiambu County, south-central Kenya",$19.00/12 ounces,94.0
9.0,9.0,9.0,Medium-Light,"Sabanilla de Alajuela, Central Valley, Costa Rica",$19.49/12 ounces,93.0
9.0,9.0,9.0,Medium-Light,Costa Rica; Ethiopia,$17.99/12 ounces,94.0
9.0,8.0,9.0,Medium-Light,"Region Concepción Huista, Huehuetenango growing region, Guatemala",$16.50/12 ounces,92.0
8.0,8.0,9.0,Medium-Light,"Rulindo, Rwanda",$15.00/12 ounces,91.0
9.0,8.0,9.0,Medium-Light,"Captain Cook, North Kona growing district, “Big Island” of Hawaii",$30.00/8 ounces,92.0
9.0,9.0,9.0,Medium-Light,"Captain Cook, North Kona growing district, “Big Island” of Hawaii",$30.00/8 ounces,93.0
9.0,8.0,9.0,Medium-Light,"Hambela Wamena District, Guji Zone, Oromia region, southern Ethiopia",$16.00/12 ounces,93.0
8.0,8.0,9.0,Medium-Light,"Caranavi Province, La Paz Department, west-central Bolivia",$28.85/8 ounces,91.0
9.0,8.0,9.0,Medium-Light,"Jaén Province, Cajamarca Region, northern Peru",$18.00/12 ounces,93.0
9.0,8.0,9.0,Medium-Light,"Satipo Province, Junin Region, central Peru",$23.50/12 ounces,93.0
9.0,8.0,9.0,Medium-Light,"Pasco growing region, Oxapampa, Peru",NT $850/225 grams,92.0
9.0,9.0,9.0,Light,"Caranavi Province, La Paz Department, west-central Bolivia",$29.00/150 grams,93.0
9.0,9.0,9.0,Medium-Light,"Pichincha Province, north-central Ecuador",$23.50/12 ounces,93.0
9.0,8.0,9.0,Medium-Light,"Pichincha Province, north-central Ecuador",$12.95/6 ounces,93.0
9.0,9.0,9.0,Medium-Light,"Chinchipe, Zamora Province, south-eastern Ecuador",$18.00/12 ounces,93.0
9.0,9.0,9.0,Medium-Light,"Jimma Zone, Oromia State, Ethiopia",$18.00/12 ounces,93.0
9.0,9.0,9.0,Medium-Light,"Sidamo (also Sidama) growing region, south-central Ethiopia",$19.00/12 ounces,93.0
9.0,8.0,9.0,Medium-Light,"Guji Zone, Oromia Region, southern Ethiopia",$13.34/4 ounces,93.0
9.0,8.0,9.0,Medium-Light,"Yirgacheffe growing region, southern Ethiopia",$18.00/12 ounces,92.0
8.0,8.0,9.0,Medium-Light,"Rustiro District, Western Province, Rwanda",$19.95/8 ounces,91.0
9.0,9.0,9.0,Medium-Light,"Rustiro District, Western Province, Rwanda",$19.95/8 ounces,94.0
8.0,9.0,8.0,Medium,"Yirgacheffe growing region, southern Ethiopia",$13.99/12 ounces,91.0
8.0,8.0,8.0,Medium-Dark,South America,$13.95/12 ounces,91.0
9.0,8.0,9.0,Medium-Light,"Caldas Department, Colombia",$19.00/12 ounces,92.0
8.0,9.0,9.0,Medium-Dark,South America,$13.95/12 ounces,92.0
9.0,9.0,9.0,Medium-Light,"Lintong growing region, North Sumatra Province, Indonesia",$20.99/12 ounces,95.0
9.0,8.0,9.0,Medium-Light,Ethiopia; Sumatra,$14.50/12 ounces,92.0
9.0,8.0,9.0,Medium,"Nyeri growing region, south-central Kenya",$22.00/12 ounces,94.0
8.0,9.0,9.0,,"Tarrazu growing region, Costa Rica",$26.00/five 5-gram single-serve packets,90.0
9.0,9.0,9.0,Medium-Light,"Yirgacheffe growing region, southern Ethiopia",$18.00/12 ounces,94.0
9.0,9.0,9.0,Medium-Light,"Nyamasheke, Rwanda",$24.00/12 ounces,94.0
9.0,8.0,9.0,Medium-Light,"Santa Bárbara, Honduras",$15.00/250 grams,93.0
9.0,9.0,9.0,Medium-Light,"Cerrado Mineiro growing region, Santa Luzia, Brazil",$15.00/250 grams,93.0
9.0,9.0,9.0,Medium-Light,"Kalehe, South Kivu Province, Democratic Republic of the Congo",$16.90/12 ounces,94.0
9.0,9.0,9.0,Medium-Light,"Santa Bárbara, Honduras",$22.00/12 ounces,94.0
9.0,8.0,9.0,Medium-Light,"Ethiopia, Colombia, Kenya",NT $250/16 ounces,93.0
9.0,9.0,9.0,Medium-Light,"Sidamo (also Sidama) growing region, south-central Ethiopia",$20.00/12 ounces,93.0
9.0,9.0,10.0,Medium,"Nyeri growing region, south-central Kenya",$19.00/12 ounces,95.0
8.0,8.0,8.0,Medium,Northern Thailand,CAD $29.99/32 ounces,91.0
9.0,9.0,9.0,Medium-Light,"West Guji Zone, Oromia Region, southeastern Ethiopia",$17.00/12 ounces,93.0
8.0,8.0,8.0,Medium-Light,"Planadas, southern Tolima growing region, Colombia",$15.90/12 ounces,90.0
9.0,9.0,9.0,Medium-Light,"Yirgacheffe growing region, southern Ethiopia",NT $450/225 grams,93.0
9.0,9.0,9.0,Medium-Light,"Yirgacheffe growing region, southern Ethiopia",$18.50/12 ounces,94.0
9.0,9.0,9.0,Medium-Light,"Guji Zone, Oromia Region, southern Ethiopia",$15.00/8 ounces,94.0
9.0,9.0,9.0,Medium-Light,"Holualoa, North Kona growing district, “Big Island” of Hawaii",$44.95/8 ounces,95.0
8.0,8.0,9.0,Medium-Light,"Yirgacheffe growing region, southern Ethiopia",NT $400/8 ounces,92.0
9.0,8.0,9.0,Medium-Light,"Jimma Zone, Oromia State, Ethiopia",$21.00/12 ounces,92.0
9.0,9.0,9.0,Medium-Light,"Yirgacheffe growing region, Ethiopia",$19.50/12 ounces,93.0
9.0,9.0,9.0,Medium-Light,"Piedra Candela, Chiriqui Province, far western Panama",$55.00/12 ounces,93.0
9.0,9.0,9.0,Medium-Light,"Guji Zone, Oromia Region, southern Ethiopia",NT $300/8 ounces,94.0
9.0,9.0,9.0,Medium-Light,"Yirgacheffe growing region, south-central Ethiopia",NT $290/8 ounces,95.0
9.0,9.0,9.0,Medium-Light,"Nyeri growing region, south-central Kenya",NT $300/8 ounces,94.0
9.0,9.0,9.0,Medium-Light,"Nyeri growing region, south-central Kenya",$15.00/250 grams,95.0
9.0,8.0,9.0,Medium-Light,"Aceh growing region, Aceh Province, northern Sumatra, Indonesia",$16.00/12 ounces,92.0
9.0,8.0,9.0,Medium,"Kirinyaga District, south-central Kenya",$20.00/12 ounces,93.0
9.0,9.0,9.0,Light,"Yirgacheffe growing region, southern Ethiopia",$17.99/12 ounces,94.0
9.0,9.0,9.0,Medium-Light,"Antigua growing region, Guatemala",$17.50/12 ounces,93.0
9.0,9.0,9.0,Medium-Light,"Yirgacheffe growing region, southern Ethiopia",$17.99/12 ounces,94.0
9.0,8.0,9.0,Medium-Light,"São Sebastião de Grama, Brazil",$13.99/12 ounces,92.0
9.0,9.0,9.0,Medium-Light,"Nyeri growing region, south-central Kenya",$16.00/8 ounces,94.0
9.0,9.0,9.0,Medium-Light,"Guji Zone, southern Ethiopia",$15.99/12 ounces,93.0
8.0,8.0,9.0,Medium-Light,"Alaka District, Guji Zone, Oromia region, southern Ethiopia",$17.50/12 ounces,91.0
8.0,8.0,9.0,Medium-Light,"Jutiapa Department, Guatemala",$10.00/8 ounces,91.0
9.0,9.0,9.0,Medium-Light,South-central Kenya,$26.00/12 ounces,94.0
8.0,8.0,8.0,Medium-Light,"Santander, Colombia",$13.95/12 ounces,90.0
8.0,8.0,8.0,Medium,"Antioquia, Colombia",$16.95/12 ounces,90.0
8.0,8.0,8.0,Medium-Light,"Huila, Colombia",$15.00/12 ounces,91.0
7.0,8.0,8.0,,Colombia,$10.99/8 single-serve packets,88.0
8.0,8.0,8.0,Medium,Not disclosed,$9.00/8 ounces,90.0
8.0,8.0,9.0,Medium-Light,"Yirgacheffe growing region, southern Ethiopia",$19.00/12 ounces,91.0
9.0,9.0,9.0,Medium-Light,"Odo Shakiso District, Guji Zone, Oromia region, southern Ethiopia",$16.95/12 ounces,93.0
9.0,8.0,9.0,Medium-Light,Ethiopia; Guatemala; Kenya,NT $300/8 ounces,94.0
9.0,8.0,9.0,Medium-Light,"Alto Quiel, Boquete growing region, western Panama",$39.99/12 ounces,93.0
9.0,9.0,9.0,Medium-Light,"Jaramillo, Boquete growing region, western Panama",$39.99/12 ounces,93.0
9.0,9.0,9.0,Medium-Light,"Alto Quiel, Boquete growing region, western Panama",$54.00/12 ounces,94.0
9.0,9.0,9.0,Medium-Light,"Piedra Candela, Chiriqui Province, far western Panama",$45.00/8 ounces,94.0
9.0,9.0,9.0,Medium-Light,Ethiopia; Rwanda; Colombia,$16.99/12 ounces,94.0
9.0,9.0,9.0,Medium-Light,"Narino Department, southern Colombia",$24.00/6 ounces,94.0
9.0,9.0,9.0,Medium-Light,"Sidamo (also Sidama) growing region, south-central Ethiopia",$18.00/8 ounces,95.0
9.0,9.0,9.0,Light,"Acatenango, Guatemala",NT $500/8 ounces,93.0
9.0,9.0,9.0,Medium-Light,"La Providencia, Jalapa, Nicaragua",CAD $15.00/200 grams,93.0
9.0,9.0,9.0,Medium-Light,"Antigua growing region, Guatemala",$18.95/12 ounces,93.0
9.0,8.0,9.0,Medium-Light,"Huehuetenango growing region, Guatemala",$18.00/12 ounces,93.0
9.0,9.0,9.0,Medium-Light,"Huehuetenango growing region, Guatemala",$21.00/12 ounces,94.0
9.0,9.0,9.0,Medium-Light,"Acatenango growing region, Guatemala",NT $1450/8 ounces,95.0
9.0,9.0,9.0,Medium-Light,"Tarrazu growing region, Costa Rica",$45.00/8 ounces,94.0
9.0,9.0,9.0,Medium-Light,"Boquete growing region, western Panama",$70.00/8 ounces,95.0
8.0,8.0,8.0,Medium,Africa; Indonesia; South America,$13.99/12 ounces,90.0
8.0,8.0,8.0,Medium,"Ethiopia, Burundi",$14.99/12 ounces,90.0
8.0,8.0,8.0,Medium-Light,"Huehuetenango growing region, Guatemala",$17.00/12 ounces,90.0
9.0,9.0,9.0,Medium-Light,"Yirgacheffe growing region, southern Ethiopia",NT $500/200 grams,93.0
9.0,8.0,9.0,Medium-Light,South-central Kenya,NT $600/200 grams,93.0
9.0,9.0,9.0,Medium-Light,"Embu County, Eastern Province, Kenya",$16.25/10 ounces,94.0
9.0,9.0,9.0,Medium-Light,"Yirgacheffe, Sidamo, Huehuetenango",NT $300/227 grams,95.0
9.0,9.0,9.0,Medium-Light,"Embu County, Eastern Province, Kenya",$19.95/12 ounces,95.0
9.0,8.0,9.0,Medium,"Buhoma, southwest Uganda",$17.95/16 ounces,92.0
9.0,9.0,9.0,Medium-Light,Ethiopia; Papua New Guinea; Guatemala,$14.45/12 ounces,96.0
9.0,9.0,10.0,Medium-Light,"Piedra Candela, Chiriqui Province, far western Panama",$45.00/8 ounces,96.0
9.0,9.0,9.0,Medium-Light,"Boquete growing region, western Panama",$75.00/8 ounces,95.0
9.0,8.0,9.0,Medium-Light,"Lake Amatitlán area, south-central Guatemala",$15.00/12 ounces,92.0
9.0,9.0,9.0,Medium-Light,"Kirinyaga District, south-central Kenya",$16.25/10 ounces,95.0
8.0,8.0,8.0,Medium,"Chiang Rai Province, northern Thailand",$6.00/250 grams,90.0
8.0,8.0,8.0,Medium,"Chiang Rai Province, northern Thailand",$6.00/250 grams,91.0
9.0,8.0,9.0,Medium-Light,Central Yemen,NT $2600/227 grams,92.0
8.0,8.0,9.0,Medium-Light,"El Boquerón growing region, El Salvador",$17.50/12 ounces,91.0
8.0,8.0,9.0,Light,"Guji Zone, Oromia Region, southern Ethiopia",$18.00/12 ounces,91.0
9.0,8.0,9.0,Medium,"Huehuetenango growing region, Guatemala",$12.25/12 ounces,92.0
9.0,8.0,9.0,Medium-Light,"Kirinyaga District, south-central Kenya",$19.95/12 ounces,94.0
8.0,8.0,8.0,Medium-Light,"Guji Zone, Oromia Region, southern Ethiopia",$13.50/10 ounces,90.0
9.0,8.0,9.0,Medium,"Yirgacheffe growing region, southern Ethiopia",$16.95/12 ounces,93.0
8.0,8.0,9.0,Medium,Brazil; Ethiopia,$15.00/12 ounces,92.0
9.0,8.0,9.0,Medium-Dark,"Kirinyaga District, south-central Kenya",NT $1500/16 ounces,94.0
9.0,9.0,9.0,Medium-Dark,"Gedeb District, Gedeo Zone, southern Ethiopia",NT $1400/16 ounces,95.0
9.0,8.0,9.0,Medium-Light,"Narino Department, southern Colombia",$12.00/12 ounces,92.0
9.0,8.0,9.0,Medium-Light,South-central Kenya,$16.95/12 ounces,92.0
9.0,8.0,9.0,Medium-Light,"Sidama (also Sidamo) growing region, south-central Ethiopia",$16.00/12 ounces,92.0
9.0,8.0,9.0,Light,South-central Kenya,$21.00/12 ounces,92.0
9.0,8.0,9.0,Medium-Light,South-central Kenya,$20.00/12 ounces,93.0
9.0,9.0,9.0,Medium,South-central Kenya,$11.95/12 ounces,93.0
9.0,9.0,9.0,Medium-Light,South-central Kenya,$16.50/12 ounces,93.0
9.0,8.0,9.0,Medium-Light,"Bench-Maji Zone, southern Ethiopia",$13.50/12 ounces,93.0
9.0,8.0,9.0,Medium,South-central Kenya,$17.00/12 ounces,93.0
9.0,9.0,9.0,Medium-Light,"Kiambu County, south-central Kenya",$16.75/12 ounces,94.0
9.0,9.0,10.0,Medium-Light,"Boquete growing region, western Panama",$75.00/8 ounces,96.0
9.0,9.0,9.0,Medium-Light,South-central Kenya,$19.50/12 ounces,94.0
9.0,9.0,9.0,Medium-Light,"Kirinyaga District, south-central Kenya",$19.50/12 ounces,94.0
9.0,9.0,9.0,Medium-Light,"Kirinyaga District, south-central Kenya",$19.50/12 ounces,94.0
9.0,8.0,9.0,Medium-Light,"Yirgacheffe growing region, southern Ethiopia",$18.75/12 ounces,93.0
9.0,9.0,9.0,Medium-Light,"Yirgacheffe growing region, southern Ethiopia",$18.75/12 ounces,95.0
8.0,8.0,9.0,Medium-Light,"Sabanilla de Alajuela, Central Valley, Costa Rica",$21.00/12 ounces,90.0
9.0,9.0,9.0,Medium-Light,"Kirinyaga District, south-central Kenya",$20.50/12 ounces,94.0
9.0,8.0,9.0,Medium-Light,"Limu Woreda, Oromia region, southwest Ethiopia",$17.50/12 ounces,94.0
9.0,8.0,9.0,Medium-Light,"Metapan, El Salvador",$13.75/12 ounces,92.0
9.0,8.0,9.0,Medium-Light,South-central Kenya,$17.50/12 ounces,93.0
9.0,9.0,9.0,Medium-Light,"Hambela Wamena District, Guji Zone, Oromia region, southern Ethiopia",$17.00/12 ounces,93.0
9.0,8.0,9.0,Medium-Light,"Gedeb District, Gedeo Zone, southern Ethiopia",$18.00/12 ounces,93.0
9.0,8.0,9.0,Medium-Light,"Huehuetenango, Guatemala",$15.00/12 ounces,92.0
9.0,9.0,9.0,Medium-Light,"Odo Shakiso District, Guji Zone, Oromia region, southern Ethiopia",$16.00/12 ounces,93.0
9.0,9.0,9.0,Medium-Light,"Hambela Wamena District, Guji Zone, Oromia region, southern Ethiopia",$18.00/12 ounces,94.0
9.0,9.0,9.0,Medium-Light,"Sidamo (also Sidama) growing region, south-central Ethiopia",$16.00/12 ounces,93.0
9.0,8.0,9.0,Medium-Light,"Limu Woreda, Oromia region, southwest Ethiopia",$18.00/12 ounces,93.0
9.0,8.0,9.0,Medium-Light,South-central Kenya,$17.00/12 ounces,93.0
9.0,9.0,9.0,Medium-Light,"Sidama (also Sidamo) growing region, south-central Ethiopia",AED $103.95/250 grams,93.0
7.0,8.0,8.0,,"Tarrazu growing region, Costa Rica",$16.00/five 5-gram single-serve packets,86.0
2.0,5.0,2.0,Light,Not disclosed,$9.99/7 ounces (198 grams),63.0
8.0,7.0,8.0,Light,"Guji Zone, Oromia Region, southern Ethiopia",$16.00/five 5-gram single-serve packets,88.0
3.0,6.0,3.0,Light,Not disclosed,$8.99/8 ounces (226 grams),68.0
8.0,8.0,8.0,Light,"Guji Zone, Oromia Region, southern Ethiopia",$16.00/five 5-gram single-serve packets,89.0
7.0,6.0,6.0,,Not disclosed,$17.98/thirty 1.6-gram single-serve packets,72.0
6.0,7.0,7.0,Light,Not disclosed,$6.99/eight 3.3 gram packets,83.0
8.0,8.0,9.0,Medium-Light,"Yirgacheffe growing region, southern Ethiopia",$22.15/500 grams,90.0
9.0,8.0,9.0,Medium-Light,"Bahia, Brazil",$14.99/12 ounces,92.0
9.0,9.0,9.0,Medium,Ethiopia; Colombia; Brazil,$15.16/500 grams,93.0
9.0,9.0,9.0,Medium-Light,Ethiopia; Kenya; Colombia; Nicaragua; Sumatra,NT $240/8 ounces,94.0
9.0,9.0,9.0,Medium-Light,"Acatenango growing region, central Guatemala",NT $275/8 ounces,94.0
9.0,9.0,9.0,Medium-Light,"Yirgacheffe growing region, southern Ethiopia",$18.00/12 ounces,94.0
9.0,9.0,9.0,Medium-Light,"Yirgacheffe growing region, southern Ethiopia",$18.00/12 ounces,94.0
9.0,8.0,9.0,Medium-Light,"Toraja growing region, south-central Sulawesi, Indonesia",$13.34/4 ounces,92.0
9.0,9.0,9.0,Light,"Nyeri growing region, south-central Kenya",$13.34/4 ounces,95.0
8.0,8.0,9.0,Medium-Light,"San Agustín growing region, Huila Department, Colombia",$24.00/12 ounces,92.0
9.0,9.0,9.0,Medium-Light,"Kirinyaga District, south-central Kenya",$19.50/12 ounces,94.0
,8.0,9.0,Light,"Valle de Cauca Department, Colombia",$4.65/8.4-ounce can,94.0
9.0,8.0,9.0,Medium-Light,"Yirgacheffe growing region, southern Ethiopia","KRW $14,000/200 grams",92.0
9.0,9.0,9.0,Medium-Light,"Huehuetenango growing region, Guatemala",$11.95/12 ounces,93.0
9.0,9.0,9.0,Medium-Light,"Bita Genet District, Keffa Zone, southwestern Ethiopia",CAD $21.00/12 ounces,94.0
8.0,8.0,9.0,Medium,"Chapada Diamantina growing region, Bahia State, Brazil",£45/10 capsules,92.0
9.0,8.0,9.0,,"Boquete growing region, western Panama",£50/10 capsules,94.0
9.0,9.0,9.0,Medium-Light,Ethiopia; Kenya,NT $400/225 gram,94.0
9.0,9.0,9.0,Medium,"Antoquia, Colombia",$18.00/12 ounces,92.0
9.0,8.0,9.0,Medium-Light,"Odo Shakiso District, Guji Zone, Oromia Region, southern Ethiopia",$18.95/12 ounces,93.0
9.0,9.0,9.0,Medium,"Yirgacheffe growing region, southern Ethiopia",NT $580/8 ounces,95.0
9.0,8.0,9.0,Medium,"Huehuetenango growing region, Guatemala",NT $380/227 grams,92.0
9.0,8.0,9.0,Medium-Light,"Yirgacheffe growing region, southern Ethiopia",NT $550/16 ounces,94.0
9.0,9.0,9.0,Medium-Light,"Palencia, Fraijanes Plateau growing region, central Guatemala",$22.50/12 ounces,95.0
4.0,6.0,3.0,Light,Colombia,$6.99/eight 3.3 gram packets,67.0
8.0,8.0,9.0,Medium-Light,"Cajamarca region, northern Peru",$13.95/12 ounces,90.0
9.0,9.0,9.0,Medium-Light,"Cajamarca region, northern Peru",$13.95/12 ounces,92.0
8.0,9.0,9.0,Medium-Light,"Nariño Department, southwestern ColombiaNar",$19.00/12 ounces,93.0
9.0,8.0,9.0,Medium-Light,"Huehuetenango Department, Guatemala",$12.00/8 ounces,93.0
8.0,9.0,9.0,Medium-Light,"West Guji Zone, Oromia Region, southern Ethiopia",$12.00/8 ounces,93.0
9.0,9.0,9.0,Medium,Guatemala; Ethiopia,$12.00/8 ounces,94.0
9.0,9.0,9.0,Medium,"Sabanilla de Alajuela growing region, Costa Rica",$16.95/12 ounces,95.0
9.0,9.0,9.0,Medium-Light,Central Yemen,$35.00/12 ounces,94.0
9.0,9.0,9.0,Medium-Dark,"Yirgacheffe growing region, southern Ethiopia",NT $850/16 ounces,95.0
9.0,9.0,9.0,Medium-Light,"Guji Zone, Oromia Region, south-central Ethiopia",NT $1500/8 ounces,95.0
9.0,8.0,9.0,Medium-Light,"Shakiso District, Guji Zone, southern Ethiopia",$18.00/12 ounces,93.0
9.0,9.0,9.0,Medium-Light,Ethiopia,$17.75/12 ounces,94.0
9.0,9.0,9.0,Medium-Light,"Sabanilla de Alajuela growing region, Costa Rica",$18.00/12 ounces,94.0
9.0,9.0,9.0,Light,"Sidamo (also Sidama) growing region, south-central Ethiopia",NT $520/16 ounces,94.0
8.0,8.0,8.0,Medium,"São Sebastião da Grama, São Paulo state, south-central Brazil",NT $600/16 ounces,91.0
8.0,8.0,9.0,Medium-Light,"El Boquerón growing region, El Salvador",$20.00/250 grams,92.0
,8.0,9.0,,Kenya; Ethiopia; Tanzania; Rwanda,$65.99/12 10.5-ounce bottles (shipping within California only),92.0
,9.0,9.0,,Guatemala; Ethiopia,$4.00/12-ounce bottle,93.0
,9.0,9.0,,"Ethiopia; Sumatra, Indonesia",$3.99/12-ounce can,93.0
,8.0,9.0,,Not disclosed,$3.99/8-ounce can,93.0
,8.0,9.0,,Ethiopia,$3.49/11-ounce can,93.0
,9.0,9.0,,Tanzania,$12.00/25.4-ounce bottle (seasonal),94.0
9.0,8.0,8.0,Medium-Light,Brazil; Peru; Ecuador,CAD $15.00/250 grams,92.0
8.0,8.0,9.0,Medium-Light,Colombia; Ethiopia; Costa Rica,NT $850/16 ounces,91.0
9.0,8.0,8.0,Medium-Light,Ethiopia; Brazil; Costa Rica,NT $600/227 grams,90.0
9.0,9.0,9.0,Light,"Guji Zone, Oromia Region, south-central Ethiopia",NT $400/8 ounces,93.0
9.0,8.0,9.0,Medium,"Lintong growing region, North Sumatra Province, Indonesia",NT $520/16 ounces,93.0
8.0,9.0,8.0,Medium,Zambia,$13.99/12 ounces,90.0
9.0,8.0,9.0,Medium-Light,Ethiopia; Colombia,$18.49/12 ounces,93.0
9.0,9.0,9.0,Medium-Light,"Lintong growing region, North Sumatra Province, Indonesia",$18.50/12 ounces,94.0
9.0,9.0,9.0,Light,"Odo Shakiso District, Guji Zone, southern Ethiopia",$18.99/12 ounces,94.0
9.0,9.0,9.0,Medium,"Kayanza Province, Burundi",$15.00/12 ounces,93.0
9.0,8.0,9.0,Medium-Light,"Kayanza, Kabuye, Burundi",CAD $17.00/12 ounces,93.0
9.0,8.0,9.0,Medium-Light,"Kayanza Province, Burundi",$20.50/16 ounces,93.0
8.0,8.0,9.0,Medium-Light,"Kapchorwa District, Eastern Region, Uganda",$18.00/12 ounces,90.0
8.0,9.0,8.0,Medium-Light,"Gakenke District, Northern Province, Rwanda",$15.99/16 ounces,90.0
8.0,8.0,8.0,Medium-Light,"Nyamasheke, Rwanda",$15.50/12 ounces,90.0
9.0,8.0,9.0,Medium-Light,"Buhinyuza District, Muyinga Province, Burundi",CAD $16.00/16 ounces,92.0
9.0,8.0,9.0,Light,"Buhinyuza District, Muhinga Province, Burundi",$15.00/12 ounces,92.0
9.0,9.0,9.0,Medium-Light,"Kayanza Province, Burundi",NT $650/227 grams,92.0
9.0,8.0,8.0,Medium-Light,Ethiopia; Central and South America,$12.50/12 ounces,92.0
9.0,9.0,9.0,Medium-Light,"Lintong growing region, North Sumatra Province, Indonesia",NT $520/16 ounces,93.0
9.0,9.0,9.0,Medium-Light,"Yirgacheffe growing region, southern Ethiopia",NT $600/8 ounces,93.0
9.0,9.0,9.0,Medium-Light,"Embu County, Eastern Province Kenya",NT $700/16 ounces,94.0
9.0,9.0,9.0,Medium,Colombia; Guatemala,NT $450/8 ounces,95.0
9.0,9.0,9.0,Medium-Light,Ethiopia Natural Yirgacheffe Adado Shara,$19.98/16 ounces,93.0
8.0,9.0,8.0,Medium,Not disclosed,$16.99/16 ounces,92.0
,8.0,9.0,,Kenya; Ethiopia,$5.00/12-ounce can,90.0
8.0,8.0,9.0,Medium-Light,"Southern Minas Gerais State, southeastern Brazil",$15.00/10 ounces,91.0
8.0,8.0,9.0,Medium-Light,"Southern Minas Gerais State, southeastern Brazil",$16.00/10 ounces,91.0
8.0,8.0,9.0,Medium-Light,"Carmo de Minas growing region, northeastern Minas Gerais State, Brazil",$15.50/12 ounces,91.0
8.0,8.0,9.0,Medium-Light,"Kirinyaga District, south-central Kenya",NT $800/16 ounces,92.0
9.0,8.0,9.0,Medium-Light,"Nariño Department, southern Colombia",$16.50/12 ounces,92.0
8.0,8.0,9.0,Medium-Light,Burundi,$13.99/12 ounces,91.0
9.0,9.0,9.0,Medium-Light,"Narino Department, southern Colombia",$35.00/8 ounces,95.0
9.0,8.0,9.0,Medium-Light,"Nyeri growing region, south-central Kenya",NT $630/227 grams,92.0
9.0,8.0,9.0,Medium,"Nyeri growing region, south-central Kenya",NT $480/225 grams,92.0
9.0,8.0,9.0,Medium-Light,Ethiopia; Brazil,$16.00/12 ounces,93.0
9.0,9.0,9.0,Medium-Light,"Buhinyuza District, Muhinga Province, Burundi",$17.60/12 ounces,95.0
9.0,9.0,9.0,Medium-Light,"Chalatenango growing region, northwest El Salvador",$24.95/12 ounces,93.0
9.0,8.0,9.0,Medium-Light,Ethiopia; Sumatra,NT $480/16 ounces,92.0
9.0,8.0,9.0,Medium,Brazil; Guatemala,NT $480/16 ounces,93.0
9.0,8.0,9.0,Medium-Light,"Gitega Province, Burundi",$19.95/12 ounces,93.0
9.0,9.0,9.0,Medium-Light,"Kalehe, South Kivu Province, Democratic Republic of the Congo",$18.00/12 ounces,94.0
9.0,9.0,9.0,Medium,"Nyeri growing region, south-central Kenya",$17.95/12 ounces,94.0
9.0,9.0,9.0,Medium-Light,"Monteverde, Costa Rica",$12.60/12 ounces,93.0
9.0,8.0,9.0,Medium-Light,"Guji Zone, Oromia Region, south-central Ethiopia",$19.50/12 ounces,93.0
9.0,9.0,9.0,Medium-Light,"Chiriqui Province, far western Panama",$145.00/8 ounces,95.0
9.0,9.0,9.0,Medium-Light,"Chiriqui Province, far western Panama",$75.00/8 ounces,95.0
9.0,9.0,10.0,Light,Yemen,$75.00/8 ounces,96.0
9.0,8.0,9.0,Medium-Light,Ethopia; Rwanda; Peru,$16.49/12 ounces,93.0
9.0,8.0,8.0,Medium-Dark,Not disclosed,THB $320/250 grams,90.0
9.0,9.0,9.0,Light,"Yirgacheffe growing region, south-central Ethiopia",NT $700/16 ounces,94.0
8.0,8.0,8.0,Medium-Light,Peru,$12.00/12 ounces,89.0
9.0,9.0,9.0,Medium-Light,"Kayanza, Kabuye, Burundi",$16.95/12 ounces,93.0
9.0,9.0,9.0,Medium-Light,"Lintong growing region, North Sumatra Province, Indonesia",NT $550/16 ounces,94.0
9.0,9.0,9.0,Light,Rwanda,$15.50/12 ounces,93.0
8.0,9.0,9.0,Medium-Light,"Chapada Diamantina growing region, Bahia State, Brazil",$22.50/12 ounces,92.0
9.0,8.0,9.0,Medium-Light,"Matas de Minas growing region, eastern Minas Gerais State, Brazil",CAD $29.00/200 grams,92.0
9.0,9.0,9.0,Medium-Light,"Mantiqueira de Minas growing region, southern Minas Gerais State, Brazil",$24.00/12 ounces,92.0
9.0,8.0,9.0,Medium-Light,"Sidamo (also Sidama) growing region, south-central Ethiopia",NT $350/227 grams,92.0
9.0,9.0,9.0,Medium-Light,"Boquete growing region, western Panama",NT $900/8 ounces,94.0
9.0,8.0,9.0,Light,"Flores Island, Indonesia",NT $500/225 grams,92.0
9.0,9.0,9.0,Medium-Light,"Gaitania, Tolima Department, west-central Colombia",$15.75/12 ounces,93.0
9.0,8.0,9.0,Medium-Light,"Gedeb District, Yirgacheffe growing region, south-central Ethiopia",$18.75/12 ounces,94.0
9.0,9.0,9.0,Medium,"Valle del Cauca growing region, Colombia",$37.50/8 ounces,95.0
9.0,9.0,9.0,Light,"Guji Zone, Oromia Region, south-central Ethiopia",NT $460/8 ounces,94.0
9.0,9.0,9.0,Medium-Light,"Cundinamarca Department, Colombia",$51.00/8 ounces,95.0
9.0,9.0,9.0,Medium-Light,Central Kenya,NT $460/8 ounces,94.0
9.0,9.0,9.0,Medium-Light,"Lintong growing region, North Sumatra Province, Indonesia",$21.00/12 ounces,94.0
9.0,9.0,9.0,Medium-Light,"Lintong growing region, North Sumatra Province, Indonesia",$17.00/12 ounces,94.0
9.0,9.0,9.0,Medium-Light,"Al-Durrar, Sana’a Governorate, Yemen",$30.50/4 ounces,94.0
9.0,8.0,9.0,Light,"Gedeb District, Gedeo Zone, southern Ethiopia",$20.00/12 ounces,93.0
9.0,9.0,9.0,Medium-Light,"Kiambu County, south-central Kenya",$17.00/12 ounces,93.0
9.0,8.0,9.0,Medium-Light,"Pichincha growing region, northern Ecuador",$13.95/8 ounces,93.0
9.0,9.0,9.0,Medium-Light,"Yirgacheffe growing region, southern Ethiopia",$16.49/12 ounces,93.0
8.0,9.0,9.0,Medium,"Gikongoro Prefecture, south-central Rwanda",$14.50/12 ounces,92.0
9.0,9.0,9.0,Medium,"Lintong growing region, North Sumatra Province, Indonesia",$14.95/12 ounces,94.0
9.0,9.0,9.0,Medium-Light,Ethiopia; Burundi; Kenya,$13.99/12 ounces,94.0
9.0,8.0,9.0,Medium-Dark,"Kahale, South Kivu Province, Democratic Republic of the Congo",$11.35/12 ounces,92.0
8.0,9.0,9.0,Medium-Light,"Nueva Segovia Department, Nicaragua","KRW $11,000/250 grams",92.0
8.0,9.0,9.0,Light,"Guji Zone, Oromia Region, south-central Ethiopia",NT $415/12 ounces,93.0
9.0,9.0,9.0,Medium-Light,"Sidama (also Sidamo) growing region, south-central Ethiopia",$14.00/12 ounces,93.0
9.0,9.0,9.0,Light,"Kirinyaga District, south-central Kenya",$15.00/12 ounces,94.0
9.0,8.0,9.0,Medium,"Lintong growing region, North Sumatra Province, Indonesia",$12.00/12 ounces,92.0
9.0,9.0,9.0,Medium-Light,"Yirgacheffe growing region, south-central Ethiopia",CAD $15.50/340 grams,92.0
9.0,9.0,9.0,Medium-Light,Guatemala; Honduras; Ethiopia,NT $500/16 ounces,94.0
8.0,8.0,8.0,Medium-Light,Peru,$12.00/12 ounces,89.0
9.0,8.0,8.0,Medium-Light,"Tarrazu growing region, Costa Rica",$25.00/12 ounces,91.0
8.0,9.0,8.0,Medium,"Bhirkune Village, Nuwakot District, Nepal",$9.94/4 ounces,90.0
8.0,8.0,9.0,Medium-Light,"Sabanilla de Alajuela, Central Valley, Costa Rica",$9.94/4 ounces,92.0
9.0,9.0,10.0,Light,"Gedeo Zone, Yirgacheffe growing region, southern EthiopiaGedeo Zone, southern Ethiopia",$9.94/4 ounces,96.0
9.0,8.0,9.0,Light,Ethiopia; Kenya; El Salvador,NT $500/16 ounces,93.0
9.0,8.0,9.0,Medium-Light,Kenya; Ethiopia,$22.00/12 ounces,93.0
9.0,8.0,9.0,Medium-Light,Guatemala; El Salvador; Ethiopia,$17.00/12 ounces,93.0
9.0,9.0,9.0,Medium-Light,Central America; South America; Indonesia,$14.00/12 ounces,94.0
8.0,9.0,9.0,Medium-Light,Costa Rica; Ethiopia,$21.00/16 ounces,92.0
9.0,8.0,9.0,Medium-Light,Colombia; Kenya,$13.75/12 ounces,92.0
8.0,9.0,9.0,Medium-Light,El Salvador; Indonesia,$23.00/12 ounces,92.0
9.0,8.0,9.0,Light,"Cajamarca, Peru",$16.49/12 ounces,93.0
9.0,8.0,9.0,Light,"Yirgacheffe growing region, south-central Ethiopia",NT $650/16 ounces,94.0
9.0,8.0,9.0,Medium-Light,"Chiang Rai Province, northern Thailand",$6.00/250 grams,92.0
9.0,8.0,9.0,Light,"Sidamo (also Sidama) growing region, south-central Ethiopia",NT $600/16 ounces,93.0
9.0,9.0,9.0,Medium-Dark,"Agaro District, Jimma Zone, west-central Ethiopia",NT $550/16 ounces,94.0
9.0,9.0,9.0,Medium-Light,"Tolima Department, center-west Colombia",$17.50/12 ounces,93.0
9.0,8.0,9.0,Medium-Light,"Nyeri growing region, south-central Kenya",$15.50/12 ounces,92.0
9.0,8.0,9.0,Medium,"Yirgacheffe growing region, southern Ethiopia",$24.00/12 ounces,92.0
8.0,9.0,9.0,Medium-Light,Brazil; Costa Rica,$14.00/12 ounces,93.0
9.0,9.0,9.0,Light,"Chiriqui Province, far western Panama",$54.00/8 ounces,95.0
9.0,8.0,9.0,Medium-Light,"Gayo (also Aceh) growing region, Aceh Province, northern Sumatra, Indonesia",HKD $140/227 grams,92.0
10.0,9.0,9.0,Medium-Light,"Piedra Candela, Chiriqui Province, far western Panama",$51.00/8 ounces,95.0
9.0,9.0,9.0,Light,"Acatenango growing region, central Guatemala",$35.00/100 grams,93.0
8.0,8.0,9.0,Light,"Huila Department, southern Colombia",$17.00/12 ounces,92.0
9.0,9.0,9.0,Light,"Kochere, Yirgacheffe growing region, south-central Ethiopia",$16.99/12 ounces,94.0
9.0,9.0,9.0,Medium-Light,"Guji Zone, Oromia Region, south-central Ethiopia",$35.00/100 grams,95.0
8.0,8.0,8.0,Medium-Light,"Ka'u growing region, Big Island of Hawaii",$29.48/8 ounces,90.0
9.0,9.0,9.0,Medium-Light,"Sidamo growing region, south-central Ethiopia",$206.00/8 ounces,93.0
9.0,9.0,9.0,Medium-Light,"Sidamo growing region, south-central Ethiopia",$206.00/8 ounces,93.0
9.0,9.0,9.0,Medium-Light,"Gedeb District, Gedeo Zone, southern Ethiopia",$18.75/12 ounces,95.0
9.0,9.0,7.0,Light,"Nyamagabe District, Southern Province, Rwanda",$17.25/12 ounces,93.0
9.0,9.0,9.0,Medium-Light,"Nyamagabe district, Southern Province, Rwanda",$17.25/12 ounces,93.0
9.0,9.0,9.0,Medium-Light,Kenya Gatugi AB,$35.00/100 grams,94.0
8.0,8.0,8.0,Light,"Santa Barbara Department, Honduras",$15.00/250 grams,90.0
8.0,8.0,8.0,Medium,"Yirgacheffe growing region, southern Ethiopia",$13.99/12 ounces,90.0
9.0,9.0,9.0,Medium-Light,"Mukaro, Nyeri growing region, south-central Kenya",$20.00/12 ounces,95.0
9.0,8.0,9.0,Light,"Jinotega, Nicaragua",$17.95/12 ounces,94.0
9.0,9.0,9.0,Light,"Chimaltenango Department, Guatemala",$17.00/12 ounces,93.0
9.0,8.0,9.0,Medium-Light,"Captain Cook, North Kona growing district, “Big Island” of Hawaii",$30.00/8 ounces,92.0
9.0,9.0,10.0,Light,"Kiambu County, south-central Kenya",$15.00/250 grams,96.0
9.0,8.0,9.0,Light,"Haraz growing region, north-central Yemen",$27.50/8 ounces,92.0
8.0,9.0,9.0,Light,"Piedra Candela, Chiriqui Province, far western Panama",$40.00/8 ounces,93.0
9.0,9.0,9.0,Medium-Light,"Boquete growing region, western Panama",$60.00/8 ounces,95.0
9.0,8.0,9.0,Light,"Southern Tolima Department, west-central Colombia",$15.75/12 ounces,91.0
9.0,9.0,10.0,Medium-Light,"Northern Sumatra, Indonesia",$18.95/12 ounces,96.0
8.0,8.0,9.0,Medium,"Doi Pangkhon growing region, northern Thailand",$16.95/12 ounces,91.0
8.0,9.0,9.0,Medium,Not disclosed,$12.95/12 ounces,93.0
9.0,9.0,9.0,Medium-Light,"Gatundu, Thika Province, central Kenya",$19.95/8 ounces,92.0
9.0,9.0,9.0,Light,"Guji Zone, southern Ethiopia",$35.00/100 grams,93.0
9.0,9.0,9.0,Medium,"Yirgacheffe growing region, southern Ethiopia",NT $2500/16 ounces,93.0
9.0,8.0,9.0,Medium-Light,"Ka'u growing region, Big Island of Hawaii",$29.48/8 ounces,93.0
9.0,9.0,9.0,Medium-Light,"Horcheta, Chiriqui Province, western Panama",$49.99/16 ounces,95.0
9.0,9.0,9.0,Medium-Light,South-central Kenya,$19.25/12 ounces,96.0
9.0,8.0,9.0,Medium-Light,"Boquete growing region, western Panama",$37.00/4 ounces,94.0
9.0,9.0,9.0,Medium-Light,"Santa Ana Department, El Salvador",$25.00/12 ounces,95.0
10.0,9.0,9.0,Medium-Light,"Piedra Candela, Chiriqui Province, far western Panama",$55.00/12 ounces,96.0
9.0,9.0,9.0,Light,"Kochere, Yirgacheffe growing region, south-central Ethiopia",NT $580/220 grams,94.0
9.0,8.0,9.0,Medium-Light,"Biolley, southern Costa Rica",$28.00/8 ounces,93.0
9.0,9.0,9.0,Light,"Nueva Segovia growing region, Nicaragua",$20.00/12 ounces,93.0
9.0,9.0,9.0,Medium-Light,"Kirinyaga District, south-central Kenya",$15.00/12 ounces,94.0
9.0,9.0,9.0,Medium-Light,"Nakuru County, south-central Kenya",$22.00/12 ounces,95.0
9.0,8.0,9.0,Light,Ethiopia; Costa Rica; Panama,$22.00/8 ounces,93.0
9.0,9.0,9.0,Medium-Light,"Kirumba, North Kivu Province, Democratic Republic of the Congo",$17.00/12 ounces,93.0
9.0,9.0,9.0,Medium-Light,Ethiopia; Kenya; Colombia,$14.99/12 ounces,93.0
9.0,9.0,9.0,Medium-Light,"Yirgacheffe growing region, southern Ethiopia",$25.00/12 ounces,93.0
9.0,9.0,9.0,Medium-Light,"Muranga District, central Kenya",$14.00/250 grams,95.0
8.0,8.0,8.0,Medium,"Huila, Colombia",$16.95/12 ounces,89.0
8.0,8.0,9.0,Medium,Not disclosed,$14.99/12 ounces,91.0
9.0,9.0,9.0,Medium-Light,"Yirgacheffe growing region, southern Ethiopia",$15.00/12 ounces,92.0
8.0,9.0,9.0,Medium-Light,"Gichugu Division, Kirinyaga County, central Kenya",$19.95/12 ounces,93.0
8.0,8.0,8.0,Medium-Light,"Santa Rosa, La Unión Department, El Salvador",$11.90/12 ounces,89.0
8.0,9.0,9.0,Medium-Light,"Kericho County, Kenya",$20.00/12 ounces,92.0
9.0,8.0,9.0,Light,"San Martin Jilotepeque, Chimaltenango Department, Guatemala",$19.00/12 ounces,93.0
9.0,9.0,9.0,Medium-Light,"Nakuru Province, south-central Kenya",CAD $21.00/12 ounces,94.0
9.0,9.0,9.0,Medium-Light,Mexico; Ethiopia,CAD $18.00/12 ounces,94.0
9.0,8.0,9.0,Medium-Light,"Mexico, Ethiopia, Brazil",CAD $18.00/12 ounces,93.0
9.0,9.0,9.0,Medium-Light,"Yirgacheffe growing region, southern Ethiopia",NT $550/16 ounces,95.0
9.0,8.0,9.0,Medium-Dark,"Nyeri growing region, south-central Kenya",$18.00/12 ounces,92.0
9.0,9.0,9.0,Medium-Light,"Kirinyaga District, south-central Kenya",NT $650/16 ounces,95.0
10.0,9.0,10.0,Medium-Light,"Holualoa, North Kona growing district, “Big Island” of Hawaii",$74.95/8 ounces,97.0
8.0,9.0,8.0,Very Dark,Indonesia; Central and South America,$7.50/12 capsules,89.0
9.0,9.0,9.0,Medium-Light,"Yirgacheffe, Ethiopia; Sidamo (also Sidama), Ethiopia",$17.95/12 ounces,93.0
7.0,8.0,8.0,Medium-Light,Colombia,$15.00/12 ounces,87.0
8.0,9.0,9.0,Medium-Light,"Yirgacheffe growing region, southern Ethiopia",HKD $120/227 grams,92.0
7.0,8.0,8.0,Medium-Light,Not disclosed,HKD $130/454 grams,88.0
8.0,8.0,8.0,Medium,Not disclosed,HKD $140/454 grams,89.0
8.0,8.0,9.0,Medium-Light,Not disclosed,HKD $128/227 grams,90.0
8.0,7.0,9.0,Medium,"Sidama (also Sidamo) growing region, southern Ethiopia",$19.50/12 ounces,90.0
9.0,8.0,8.0,Medium-Light,Africa; South America,CAD $17.00/16 ounces,92.0
9.0,9.0,9.0,Medium-Light,"Tore Village, Yirgacheffe growing region, southern Ethiopia",NT $550/16 ounces,93.0
9.0,9.0,9.0,Medium,Central Kenya,$24.50/12 ounces,95.0
9.0,9.0,9.0,Medium,"Sidama (also Sidamo) growing region, southern Ethiopia",CAD $17.00/12 ounces,94.0
9.0,8.0,9.0,Medium-Light,"Hambela District, Guji Zone, Oromia Region, southern Ethiopia",$18.00/12 ounces,93.0
9.0,9.0,9.0,Medium-Light,"Hambela Wamena District, Guji Zone, Oromia Region, southern Ethiopia",$17.50/12 ounces,93.0
9.0,9.0,9.0,Medium-Light,"Yirgacheffe growing region, southern Ethiopia",$17.99/16 ounces,93.0
9.0,9.0,9.0,Light,"Odo Shakiso District, Guji Zone, southern Ethiopia",$17.49/12 ounces,93.0
9.0,9.0,9.0,Medium,"Gedeb District, Gedeo Zone, southern Ethiopia",$16.50/12 ounces,94.0
8.0,9.0,9.0,Medium-Light,"Guji Zone, Oromia Region, south-central Ethiopia",$19.00/16 ounces,92.0
9.0,8.0,9.0,Medium-Light,"Guji Zone, southern Ethiopia",$16.00/12 ounces,92.0
8.0,9.0,9.0,Medium-Light,"Yirgacheffe growing region, southern Ethiopia",NT $1000/16 ounces,93.0
9.0,9.0,9.0,Medium-Light,Panama; Ethiopia,$26.00/8 ounces,95.0
9.0,9.0,9.0,Medium-Light,"Colombia, Ethiopia, Kenya",$16.49/12 ounces,95.0
9.0,9.0,9.0,Medium-Light,"Nyeri growing region, south-central Kenya",$18.00/12 ounces,94.0
9.0,9.0,9.0,Medium-Light,"Nantou County, Taiwan",NT $1200/8 ounces,92.0
9.0,8.0,8.0,Medium-Light,"Sidama (also Sidamo) growing region, southern Ethiopia",$17.00/12 ounces,92.0
9.0,9.0,9.0,Medium-Light,"El Salto, Boquete growing region, Panama",$18.00/8 ounces,93.0
9.0,8.0,9.0,Medium-Light,"Gayo (also Aceh) growing region, Aceh Province, northern Sumatra, Indonesia","IDR $120,000/250 grams",92.0
9.0,8.0,9.0,Medium-Light,"Huehuetenango Department, Guatemala",$51.00/8 ounces,94.0
9.0,9.0,9.0,Medium-Light,"Kiambu County, south-central Kenya",$19.99/16 ounces,93.0
9.0,9.0,9.0,Medium-Light,"Santa Ana region, El Salvador",$17.90/12 ounces,94.0
8.0,8.0,9.0,Medium-Light,"Boquete growing region, western Panama",$12.00/12 ounces,90.0
9.0,9.0,8.0,Medium-Light,"Yirgacheffe growing region, southern Ethiopia","KRW $13,000/200 grams",92.0
9.0,9.0,9.0,Medium-Light,"Muranga County, south-central KenyaMur",$23.00/12 ounces,93.0
9.0,9.0,9.0,Medium-Light,Africa; Asia Pacific,HKD $158/227 grams,94.0
9.0,9.0,9.0,Medium-Light,Panama; Ethiopia,HKD $250/227 grams,95.0
8.0,9.0,9.0,Medium-Light,"Santa Ana region, El Salvador",$17.90/12 ounces,92.0
9.0,8.0,9.0,Medium-Light,"Jacaltenango, Huehuetenango growing region, Guatemala",$15.75/12 ounces,93.0
9.0,9.0,9.0,Medium-Light,"Kirinyaga District, south-central Kenya",$17.85/12 ounces,93.0
9.0,8.0,9.0,Medium-Light,"Gedeb District, Gedeo Zone, southern Ethiopia",$17.90/12 ounces,94.0
9.0,9.0,9.0,Medium-Light,"Gedeb District, Gedeo Zone, southern Ethiopia",$18.95/12 ounces,95.0
9.0,8.0,9.0,Light,Panama; Ethiopia,NT $300/8 ounces,93.0
8.0,8.0,8.0,Medium,Brazil; Colombia; Indonesia,NT $450/454 grams,91.0
9.0,9.0,9.0,Medium-Light,"Jinotega growing region, Nicaragua",$18.95/12 ounces,94.0
9.0,9.0,9.0,Medium-Light,"Nueva Segovia growing region, Nicaragua",$16.99/12 ounces,94.0
8.0,9.0,9.0,Medium-Light,"Matagalpa growing region, Nicaragua",$16.00/12 ounces,92.0
9.0,8.0,9.0,Medium-Light,"Nueva Segovia growing region, Nicaragua",CAD $18.00/12 ounces,92.0
9.0,8.0,9.0,Light,"Matagalpa growing region, Nicaragua",$18.99/8 ounces,92.0
9.0,9.0,9.0,Medium,"Nueva Segovia growing region, Nicaragua",NT $950/16 ounces,93.0
8.0,9.0,9.0,Light,"Matagalpa growing region, Nicaragua",$16.00/12 ounces,93.0
9.0,9.0,9.0,Medium-Light,"Matagalpa growing region, Nicaragua",NT $440/8 ounces,93.0
9.0,9.0,9.0,Medium-Light,"Jinotega Department, north-central Nicaragua",$16.00/12 ounces,93.0
9.0,9.0,9.0,Medium-Light,"LImmu Woreda, Oromia Zone, southern Ethiopia",AED $95.00/250 grams,93.0
8.0,9.0,9.0,Medium-Light,"Rwenzori Mountains, western Uganda",$19.75/16 ounces,93.0
8.0,9.0,9.0,Medium-Light,"Nyeri growing region, south-central Kenya",$18.25/12 ounces,92.0
9.0,9.0,9.0,Light,"Yirgacheffe growing region, southern Ethiopia",NT $580/16 ounces,93.0
9.0,9.0,9.0,Medium-Light,"Acatenango growing region, central Guatemala",NT $550/16 ounces,94.0
9.0,9.0,9.0,Medium-Light,"Kirinyaga District, south-central Kenya",NT $600/16 ounces,95.0
9.0,9.0,9.0,Light,El Salvador,NT $490/225 grams,94.0
8.0,8.0,8.0,Medium-Light,"Chiapas State, Mexico",$14.00/12 ounces,88.0
8.0,8.0,8.0,Medium-Light,"Cerrado growing region, Minas Gerais State, Brazil",$15.00/12 ounces,89.0
8.0,8.0,9.0,Medium,"Antigua Valley, Guatemala",$14.00/12 ounces,90.0
8.0,8.0,9.0,Medium,"Yirgacheffe growing region, southern Ethiopia",$19.00/12 ounces,90.0
8.0,8.0,8.0,Medium,"Yirgacheffe growing region, southern Ethiopia",$17.00/12 ounces,90.0
8.0,9.0,9.0,Medium-Light,"Huila Department, southern Colombia",$17.00/12 ounces,92.0
9.0,9.0,9.0,Medium,"Tarrazu growing region, Costa Rica",$16.00/12 ounces,93.0
9.0,9.0,9.0,Medium-Light,"Alajuela, Central Valley, Costa Rica",$16.00/12 ounces,93.0
9.0,8.0,9.0,Medium-Light,"Chiapas State, Mexico",$14.95/12 ounces,93.0
9.0,9.0,9.0,Medium-Light,"Yirgacheffe growing region, southern Ethiopia",$13.50/10 ounces,93.0
8.0,9.0,9.0,Medium-Light,"Huila Department, southern Colombia",$13.50/10 ounces,93.0
9.0,8.0,9.0,Medium-Light,"Mantiqeiras de Minas growing region, Minas Gerais State, Brazil",$15.00/12 ounces,91.0
9.0,9.0,9.0,Medium-Light,"Sidama (also Sidamo) growing region, southern Ethiopia",$15.00/250 grams,93.0
9.0,9.0,9.0,Medium-Light,"Boquete growing region, western Panama",$50.00/8 ounces,96.0
8.0,9.0,9.0,Medium-Light,"Huehuetenango Department, Guatemala",$65.00/12 ounces,93.0
9.0,9.0,9.0,Medium-Light,"Bench-Maji Zone, Southern Ethiopia",NT $800/113.5 grams,93.0
9.0,8.0,9.0,Medium-Light,"Acatenango growing region, central Guatemala",$29.99/8 ounces,93.0
9.0,8.0,9.0,Medium-Dark,"Boquete growing region, western Panama",$29.99/12 ounces,94.0
9.0,9.0,9.0,Medium-Light,"Boquete growing region, western Panama",$50.00/8 ounces,94.0
10.0,9.0,9.0,Medium-Light,"Bench-Maji Zone, Southern Ethiopia",$75.00/8 ounces,95.0
9.0,9.0,10.0,Medium-Light,"Bench-Maji Zone, Southern Ethiopia",NT $3200/16 ounces,95.0
9.0,9.0,9.0,Light,"Bench-Maji Zone, Southern Ethiopia",$37.00/4 ounces,95.0
9.0,9.0,9.0,Medium-Light,"Bench-Maji Zone, Southern Ethiopia",CAD $30.00/100 grams,95.0
9.0,9.0,9.0,Medium-Light,"Baringo and Nakura Counties, central Kenya",$16.99/12 ounces,94.0
9.0,9.0,9.0,Light,"Guji Zone, southern Ethiopia","KRW $13,000/200 grams",94.0
9.0,9.0,9.0,Medium-Light,"Lintong growing region, North Sumatra Province, Sumatra, Indonesia",$16.95/12 ounces,94.0
9.0,9.0,10.0,Medium-Light,"Kochere, Yirgacheffe growing region, south-central Ethiopia",NT $550/8 ounces,95.0
8.0,8.0,9.0,Medium-Dark,"Lintong growing region, northern Sumatra, Indonesia",$12.00/10 ounces,90.0
8.0,8.0,8.0,Medium-Dark,"Yirgacheffe growing region, Gedeo Zone, southern Ethiopia",$15.00/12 ounces,90.0
9.0,8.0,8.0,Medium-Dark,Not disclosed,$12.99/12 ounces,90.0
9.0,8.0,9.0,Medium-Dark,"Yirgacheffe growing region, Gedeo Zone, southern Ethiopia",$24.00/12 ounces,91.0
8.0,8.0,9.0,Medium-Dark,"Ethiopia; Sumatra, Indonesia",$15.95/12 ounces,91.0
9.0,8.0,8.0,Medium-Dark,Not disclosed,$14.00/12 ounces,91.0
9.0,9.0,9.0,Medium-Dark,"Northern Sumatra, Indonesia",$15.75/12 ounces,92.0
8.0,9.0,9.0,Medium-Dark,Mexico; Brazil,$12.00/250 grams,92.0
9.0,9.0,9.0,Dark,Southern Ethiopia,$14.00/12 ounces,93.0
9.0,9.0,9.0,Medium-Dark,"Cajamarca growing region, Peru",$15.50/12 ounces,93.0
9.0,9.0,9.0,Medium-Dark,"Nyeri growing region, south-central Kenya","KRW 19,000/200 grams",94.0
9.0,9.0,9.0,Medium,"Narino Department, southern Colombia",$29.95/6 ounces,95.0
9.0,9.0,9.0,Medium-Light,"Nyeri growing region, south-central Kenya",$18.95/12 ounces,95.0
9.0,8.0,9.0,Medium-Light,"Yirgacheffe growing region, southern Ethiopia",$17.25/12 ounces,93.0
9.0,9.0,9.0,Medium-Light,"Santa Ana Department, El Salvador",$35.00/12 ounces,94.0
9.0,8.0,9.0,Medium-Light,"Nyeri growing region, south-central Kenya",$20.00/12 ounces,94.0
8.0,8.0,8.0,Medium,"Huila Department, southern Colombia",$13.00/12 ounces,90.0
9.0,9.0,9.0,Medium-Light,"Odo Shakiso District, Guji Zone, southern Ethiopia",NT $600/16 ounces,93.0
9.0,9.0,9.0,Medium,"Kalehe, South Kivu Province, Democratic Republic of the Congo",NT $520/16 ounces,93.0
9.0,9.0,9.0,Medium-Light,"Gaitania, Tolima Department, central Colombia",$15.99/12 ounces,94.0
8.0,8.0,8.0,Light,Taiwan,NT $600/8 ounces,89.0
9.0,9.0,9.0,Medium-Light,"Odo Shakiso District, Guji Zone, southern Ethiopia",$17.95/12 ounces,93.0
9.0,9.0,9.0,Medium-Light,"Sabanilla de Alajuela growing region, Costa Rica",$18.95/12 ounces,93.0
9.0,9.0,9.0,Light,"Nyeri growing region, south-central Kenya",$14.00/12 ounces,94.0
10.0,9.0,9.0,Medium-Light,"Lintong growing region, North Sumatra Province, Sumatra, Indonesia",$16.50/12 ounces,95.0
9.0,9.0,8.0,Medium-Light,"Yirgacheffe growing region, southern Ethiopia",$17.95/12 ounces,92.0
9.0,8.0,9.0,Medium,Not disclosed,RMB $60/8 ounces,93.0
10.0,9.0,10.0,Light,"Chiriqui Province, far western Panama",$68.50/4 ounces,97.0
8.0,9.0,9.0,Medium,"Yirgacheffe growing region, southern Ethiopia",$21.00/12 ounces,92.0
9.0,8.0,9.0,Medium-Light,"Yirgacheffe growing region, southern Ethiopia",$22.00/16 ounces,92.0
9.0,8.0,8.0,Medium-Dark,Not disclosed,RMB $80.00/454 grams,91.0
8.0,8.0,9.0,Medium,Not disclosed,RMB $88.00/454 grams,92.0
8.0,8.0,8.0,Medium-Light,"Maputo, Ecuador",$21.00/12 ounces,90.0
9.0,9.0,9.0,Medium,"El Boquerón region, El Salvador",$17.00/12 ounces,93.0
9.0,9.0,9.0,Medium-Light,"Puna District, Big Island of Hawaii",$29.00/10 ounces,94.0
9.0,8.0,9.0,Light,"Cundinamarca Department, central Colombia",,94.0
9.0,8.0,9.0,Medium,"Kalehe, South Kivu Province, Democratic Republic of the Congo",$8.99/8 ounces,92.0
9.0,9.0,9.0,Medium-Light,"El Boquerón region, El Salvador",$16.50/12 ounces,93.0
9.0,9.0,9.0,Medium-Light,"Nyaruguru, southern Rwanda",$18.00/12 ounces,93.0
9.0,9.0,9.0,Medium-Light,"Nyeri growing region, south-central Kenya",$18.95/12 ounces,93.0
9.0,8.0,9.0,Medium-Light,"Rukara, Eastern Province, Rwanda",$13.99/12 ounces,93.0
9.0,8.0,9.0,Light,"El Boquerón region, El Salvador",$16.99/12 ounces,93.0
9.0,8.0,9.0,Medium-Light,"Ka’u growing region, Big Island of Hawaii",$24.00/8 ounces,92.0
8.0,8.0,9.0,Medium-Light,"El Boquerón region, El Salvador",$19.50/12 ounces,92.0
8.0,9.0,9.0,Medium-Light,"Nayamasheke District, Western Province, Rwanda",$19.95/12 ounces,92.0
9.0,8.0,9.0,Medium-Light,"Nyaruguru, southern Rwanda",$15.95/12 ounces,92.0
9.0,9.0,9.0,Medium-Light,"Cundinamarca Department, central Colombia",NT $500/16 ounces,94.0
8.0,8.0,8.0,Medium-Light,"Santa Luzia, Brazil",$15.00/12 ounces,88.0
9.0,8.0,9.0,Medium-Light,"Iquira, Huila Department, Colombia",$17.00/12 ounces,92.0
9.0,9.0,9.0,Medium,Africa; the Pacific; South America,$16.95/12 ounces,93.0
9.0,9.0,9.0,Medium-Light,"Dolok Sanggul, Lintong growing region, North Sumatra, Indonesia",$18.00/12 ounces,94.0
9.0,8.0,9.0,Medium,"Puna District, Big Island of Hawaii",$24.00/8 ounces,92.0
9.0,9.0,9.0,Medium-Light,"Apaneca-Ilamatapec growing region, western El Salvador",$22.00/12 ounces,93.0
9.0,9.0,9.0,Medium-Light,Central Kenya,$20.00/8 ounces,94.0
9.0,8.0,9.0,Medium-Dark,"Yirgacheffe growing region, southern Ethiopia",$19.99/12 ounces,91.0
9.0,8.0,9.0,Light,"Jinotega Department, north-central Nicaragua",$19.99/12 ounces,92.0
9.0,8.0,9.0,Light,Brazil; Kenya; Guatemala,$17.25/12 ounces,92.0
8.0,9.0,8.0,Medium-Light,"Huila, Colombia",$18.00/12 ounces,91.0
9.0,9.0,9.0,Medium-Light,"Bench-Maji Zone, Southern Ethiopia",$35.00/8 ounces,95.0
8.0,7.0,8.0,Medium-Light,"Utuado, central Puerto Rico",$17.00/8 ounces,87.0
9.0,8.0,9.0,Medium-Light,"Kayanza, Kabuye, Burundi",NT $600/16 ounces,91.0
8.0,7.0,8.0,Medium,"Yunnan, China; Indonesia; Colombia; Brazil",HK $150/1 kilogram,88.0
9.0,9.0,9.0,Medium-Light,"Yirgacheffe growing region, southern Ethiopia",$14.00/250 grams,93.0
9.0,8.0,9.0,Medium-Light,"Tolima Department, central Colombia",$14.85/12 ounces,92.0
9.0,9.0,8.0,Medium-Light,"Nyamagabe district, Southern Province, Rwanda",$17.85/12 ounces,92.0
9.0,8.0,9.0,Light,Africa; South America; Central America,$14.85/12 ounces,93.0
9.0,9.0,9.0,Medium-Light,"Yirgacheffe growing region, southern Ethiopia",$19.95/12 ounces,94.0
9.0,9.0,9.0,Medium-Light,"Kayanza, Burundi",$19.95/12 ounces,93.0
9.0,9.0,9.0,Medium-Light,"Bench-Maji Zone, Southern Ethiopia",$88.00/8 ounces,94.0
8.0,8.0,8.0,Medium-Light,"Matas de Minas growing region, Minas Gerais State, Brazil",$17.00/12 ounces,90.0
8.0,8.0,9.0,Medium-Light,"Central Valley, Costa Rica",$15.49/12 ounces,91.0
8.0,9.0,9.0,Medium-Light,Brazil; Ethiopia; Costa Rica,$16.75/12 ounces,92.0
9.0,9.0,9.0,Light,"San Ignacio, northern Peru",$14.99/12 ounces,93.0
9.0,8.0,9.0,Medium-Light,"Sidama (also Sidamo) growing region, southern Ethiopia",$15.49/12 ounces,93.0
9.0,9.0,10.0,Medium-Light,South-central Kenya,$14.50/12 ounces,96.0
9.0,9.0,9.0,Medium-Light,Ethiopia,$14.49/12 ounces,94.0
9.0,8.0,9.0,Medium,Brazil; Costa Rica; Africa,$16.75/12 ounces,93.0
9.0,8.0,9.0,Medium-Light,"Yirgacheffe, southern Ethiopia",$24.00/12 ounces,92.0
9.0,8.0,9.0,Medium-Light,"Haraz growing region, north-central Yemen",$30.00/12 ounces,92.0
9.0,8.0,8.0,Medium-Light,"Boquete growing region, western Panama",$22.00/12 ounces,90.0
8.0,9.0,9.0,Medium-Light,"Lintong growing region, North Sumatra Province, Sumatra, Indonesia",$14.00/12 ounces,92.0
9.0,9.0,9.0,Medium-Light,"Guji Zone, Oromia Region, Sidama Province, Ethiopia",$18.00/12 ounces,92.0
9.0,9.0,9.0,Medium-Light,"Sabanilla de Alajuela growing region, Costa Rica",$14.49/12 ounces,93.0
9.0,9.0,9.0,Light,"Chiriqui Province, far western Panama",NT $970/8 ounces,92.0
9.0,8.0,10.0,Medium-Light,"Yirgacheffe growing region, southern Ethiopia",NT $760/8 ounces,95.0
9.0,9.0,10.0,Medium-Light,"Holualoa, North Kona growing district, “Big Island” of Hawaii",$49.95/8 ounces,96.0
9.0,9.0,9.0,Medium-Light,Panama; Ethiopia; Burundi,$24.00/12 ounces,93.0
9.0,8.0,9.0,Medium-Light,Central Kenya,$12.75/10 ounces,94.0
9.0,8.0,9.0,Medium-Light,"Guji Zone, Sidama (also Sidamo) growing region, southern Ethiopia",$19.00/10 ounces,92.0
9.0,8.0,9.0,Medium,"Lintong growing region, North Sumatra Province, Sumatra, Indonesia",$18.00/16 ounces,92.0
9.0,8.0,9.0,Medium,"Harrar growing region, eastern Ethiopia",$12.75/12 ounces,92.0
9.0,8.0,9.0,Medium-Light,"Nyeri growing region, south-central Kenya",$18.00/12 ounces,93.0
9.0,8.0,9.0,Medium-Light,"Yirgacheffe growing region, southern Ethiopia",$19.00/12 ounces,93.0
9.0,8.0,9.0,Medium-Light,"Nyeri growing region, south-central Kenya",$19.00/12 ounces,93.0
9.0,8.0,8.0,Dark,"Doi Chang, Thailand",$5.70/250 grams,91.0
9.0,9.0,9.0,Medium-Light,"Yirgacheffe growing region, southern Ethiopia",NT $1500/16 ounces,94.0
8.0,8.0,9.0,Medium-Light,"Yirgacheffe growing region, southern Ethiopia; Central America",NT $450/8 ounces,92.0
9.0,9.0,9.0,Light,"San Fernando, Nueva Segovia Department, Nicaragua",$20.00/250 grams,93.0
9.0,9.0,9.0,Medium-Light,"San Fernando, Nueva Segovia Department, Nicaragua",$20.00/250 grams,93.0
9.0,9.0,9.0,Medium-Light,"Nyamagabe district, Southern Province,Rwanda",$17.25/12 ounces,95.0
9.0,9.0,9.0,Medium-Light,"Boquete growing region, western Panama",$76.00/8 ounces,95.0
9.0,8.0,9.0,Medium-Light,"Waghi Valley, Western Highlands Province, Papua New Guinea",$17.49/16 ounces,94.0
9.0,8.0,9.0,Medium-Light,Papua New Guinea; Burundi; Ethiopia; Kenya,$19.50/12 ounces,91.0
8.0,8.0,9.0,Medium-Light,"Yirgacheffe growing region, south-central Ethiopia",$15.00/12 ounces,91.0
8.0,9.0,9.0,Medium-Light,South-central Kenya,$16.50/12 ounces,92.0
9.0,8.0,9.0,Medium-Light,"Guji Zone, Oromia Region, southern Ethiopia",$19.00/12 ounces,92.0
9.0,8.0,9.0,Medium-Light,"Nyeri growing region, south-central Kenya",$10.00/8 ounces,93.0
9.0,9.0,9.0,Medium-Light,"Nyeri growing region, south-central Kenya",$23.00/12 ounces,93.0
9.0,8.0,9.0,Medium-Light,"Nyeri growing region, south-central Kenya",$22.00/12 ounces,93.0
9.0,9.0,9.0,Medium-Light,"Limu Woreda, Oromia Zone, southern Ethiopia",$18.00/12 ounces,93.0
9.0,9.0,8.0,Medium-Light,Not disclosed,NT $400/8 ounces,91.0
,8.0,9.0,Light,Africa; South America; Central America,$3.49/12 ounces,93.0
,9.0,9.0,Light,Ethiopia,$3.49/12 ounces,95.0
9.0,8.0,9.0,Medium-Light,"Nyeri growing region, south-central Kenya",$19.50/12 ounces,94.0
9.0,9.0,9.0,Medium-Light,"Piedra Candela, Chiriqui Province, far western Panama",$49.95/8 ounces,94.0
9.0,9.0,9.0,Medium-Light,"Hambela Wamena District, Guji Zone, Oromia Region, southern Ethiopia",$19.00/16 ounces,94.0
9.0,8.0,9.0,Medium-Light,"Hambela Wamena District, Guji Zone, Oromia region, southern Ethiopia",$12.75/10 ounces,92.0
9.0,8.0,9.0,Medium-Light,"Yirgacheffe growing region, southern Ethiopia",$14.99/12 ounces,93.0
8.0,8.0,8.0,Medium,"Chiang Rai Province, northern Thailand",THB $200/250 grams,90.0
8.0,8.0,9.0,Medium,"Chiang Rai Province, northern Thailand",THB $200/250 grams,91.0
8.0,8.0,9.0,Medium,"Chiang Rai Province, northern Thailand",THB $200/250 grams,92.0
9.0,9.0,9.0,Medium-Light,"Chiang Rai Province, northern Thailand",THB $200/250 grams,92.0
9.0,9.0,9.0,Medium-Light,"Sidikalang, Lintong growing region, northern Sumatra, Indonesia",$18.00/12 ounces,93.0
9.0,9.0,9.0,Medium-Light,"Bench-Maji Zone, western Ethiopia",$35.00/8 ounces,95.0
9.0,9.0,9.0,Medium-Light,"Chiriqui Province, far western Panama",$29.00/8 ounces,95.0
8.0,8.0,8.0,Medium,Brazil; Vietnam,RMB $60.00/454 grams,89.0
8.0,8.0,8.0,Medium-Dark,Colombia,$15.00/12 ounces,90.0
8.0,8.0,8.0,Medium,"Sabanilla de Alajuela, Central Valley, Costa Rica",$27.75/16 ounces,90.0
9.0,8.0,9.0,Light,"Guanga District, Yirgacheffe growing region, southern Ethiopia",$23.10/16 ounces,93.0
9.0,9.0,9.0,Medium,"Minas Gerais, Brazil",NT $1000/16 ounces,93.0
9.0,8.0,9.0,Medium-Dark,Costa Rica; Mexico,NT $1000/16 ounces,94.0
9.0,8.0,9.0,Medium-Light,Papua New Guinea; Costa Rica,$13.99/12 ounces,93.0
9.0,9.0,9.0,Light,"Sidama (also Sidamo) growing region, southern Ethiopia",$25.00/340 grams,93.0
9.0,9.0,9.0,Medium-Light,"Holualoa, North Kona growing district, “Big Island” of Hawaii",$44.95/8 ounces,93.0
9.0,8.0,9.0,Medium-Light,Ethiopia; Honduras,$14.49/12 ounces,93.0
9.0,9.0,9.0,Medium,"Boquete growing region, western Panama",$46.95/12 ounces,93.0
9.0,9.0,9.0,Medium-Light,"Limu Woreda, Oromia Zone, southern Ethiopia",$21.00/16 ounces,93.0
9.0,9.0,9.0,Light,"Boquete growing region, western Panama",$32.00/8 ounces,94.0
9.0,9.0,9.0,Light,Ethiopia; Kenya,$20.00/8 ounces,94.0
9.0,9.0,9.0,Medium-Light,"Boquete growing region, western Panama",$47.50/8 ounces,95.0
9.0,9.0,9.0,Light,"Boquete growing region, western Panama",$49.99/16 ounces,95.0
9.0,9.0,9.0,Medium-Light,"Yirgacheffe growing region, southern Ethiopia",$18.00/12 ounces,95.0
9.0,8.0,9.0,Medium-Light,Not disclosed,$12.00/12 ounces,92.0
9.0,9.0,9.0,Medium-Light,"Yirgacheffe growing region, southern Ethiopia",$17.00/12 ounces,93.0
9.0,8.0,9.0,Medium-Light,"Sidamo growing region, south-central Ethiopia",$19.50/12 ounces,92.0
9.0,9.0,9.0,Medium-Light,"Nueva Segovia Department, Nicaragua",$20.00/12 ounces,94.0
9.0,9.0,9.0,Medium-Light,"Lintong growing region, northern Sumatra, Indonesia",$20.99/12 ounces,95.0
10.0,9.0,10.0,Medium-Light,South-central Kenya,$23.99/12 ounces,97.0
9.0,9.0,9.0,Medium-Light,"Toraja growing region, south-central Sulawesi, Indonesia",$16.90/12 ounces,93.0
9.0,9.0,9.0,Medium-Light,"Yirgacheffe growing region, southern Ethiopia",NT $1300/16 ounces,95.0
8.0,8.0,8.0,Medium,Not disclosed,RMB $105/16 ounces,90.0
9.0,9.0,9.0,Medium,South-central Kenya,$16.25/12 ounces,94.0
8.0,8.0,8.0,Medium-Dark,Africa; Indonesia; South America,$13.99/12 ounces,90.0
8.0,8.0,8.0,Medium-Light,"Sabanilla de Alajuela growing region, Costa Rica",$15.95/12 ounces,90.0
9.0,8.0,9.0,Medium-Dark,Guatemala; Ethiopia,$20.00/16 ounces,91.0
9.0,9.0,9.0,Medium,"Taiwu Township, Pintung County, Taiwan",NT $2800/16 ounces,93.0
9.0,9.0,9.0,Medium,"Yirgacheffe growing region, southern Ethiopia",NT $1400/16 ounces,95.0
9.0,8.0,9.0,Medium-Light,Not disclosed,$12.99/250 grams,92.0
8.0,8.0,9.0,Medium-Light,"Huila Department, southern Colombia",$16.00/12 ounces,92.0
8.0,8.0,9.0,Medium-Light,"Huehuetenango Department, Guatemala",$16.00/12 ounces,92.0
8.0,8.0,9.0,Medium,"Las Sabanas Municipality, Madriz Department, Nicaragua",CAD $15.00/454 grams,93.0
9.0,8.0,9.0,Medium,"Cahuasqui region, Imbabura Province, north-central Ecuador",,93.0
8.0,8.0,9.0,Medium-Light,"Quiché Department, Guatemala",$16.00/12 ounces,93.0
9.0,8.0,9.0,Medium-Light,"West Valley, Costa Rica",$15.99/12 ounces,93.0
8.0,9.0,9.0,Medium-Light,"Boquete growing region, western Panama",$14.99/12 ounces,93.0
9.0,8.0,9.0,Medium-Light,"Kiambu County, south-central Kenya",$18.00/12 ounces,93.0
9.0,8.0,9.0,Medium-Light,"Chalatenango, El Salvador",$19.50/12 ounces,94.0
9.0,9.0,10.0,Medium-Light,"Nyeri growing region, south-central Kenya",$17.95/12 ounces,95.0
9.0,9.0,9.0,Medium-Light,"Holualoa, North Kona growing district, “Big Island” of Hawaii",$36.95/8 ounces,93.0
10.0,9.0,10.0,Medium-Light,"Holualoa, North Kona growing district, “Big Island” of Hawaii",$39.95/8 ounces,95.0
9.0,8.0,9.0,Light,"Boquete growing region, western Panama",$20.00/250 grams,92.0
9.0,8.0,9.0,Medium-Light,"Chimaltenango Department, Guatemala",$15.00/12 ounces,92.0
9.0,9.0,9.0,Medium-Light,"Toraja growing region, South Sulawesi, Indonesia",$15.00/12 ounces,93.0
9.0,8.0,9.0,Medium-Light,"El Bálsamo-Quetzaltepec, El Salvador",$17.90/12 ounces,93.0
9.0,8.0,9.0,Medium-Light,"Limu, Jimma Zone, Oromia Region, southern Ethiopia",$17.50/16 ounces,92.0
9.0,9.0,10.0,Medium-Light,"Holualoa, North Kona growing district, “Big Island” of Hawaii",$44.95/8 ounces,96.0
9.0,9.0,9.0,Medium-Light,Kenya; Ethiopia; Brazil,AUD $16.00/250 grams,95.0
9.0,9.0,9.0,Medium-Light,"Yirgacheffe growing region, southern Ethiopia",$20.00/12 ounces,93.0
9.0,8.0,9.0,Medium-Light,Colombia; Papua New Guinea; Zambia,$9.95/12 ounces,91.0
9.0,9.0,9.0,Medium-Light,"Sabanilla de Alajuela, Central Valley, Costa Rica",$17.99/12 ounces,93.0
9.0,9.0,9.0,Medium-Light,"Yirgacheffe, Ethiopia; Sidamo (also Sidama), Ethiopia",$17.95/12 ounces,93.0
8.0,8.0,9.0,Medium-Light,Colombia; Ethiopia,RMB $55.00/227 grams,91.0
8.0,8.0,8.0,Medium,Colombia; Guatemala,RMB $55.00/227 grams,91.0
8.0,9.0,8.0,Medium,Costa Rica; Honduras,RMB $48.00/227 grams,91.0
9.0,9.0,9.0,Medium-Light,"Tolima Department, central Colombia",$15.99/12 ounces,93.0
9.0,9.0,9.0,Medium-Light,"Nyeri growing region, south-central Kenya",$15.99/12 ounces,94.0
9.0,9.0,9.0,Medium-Light,"Yirgacheffe growing region, southern Ethiopia",RMB $120.00/227 grams,95.0
9.0,9.0,10.0,Medium-Light,"Boquete growing region, western Panama",$50.00/8 ounces,96.0
9.0,8.0,9.0,Medium-Light,"Sidamo (also Sidama) growing region, southern Ethiopia",$14.49/12 ounces,92.0
9.0,8.0,9.0,Light,"Yirgacheffe growing region, southern Ethiopia",NT $700/8 ounces,92.0
10.0,9.0,9.0,Medium,"Volcan growing region, Panama",NT $2616/227 grams,96.0
8.0,9.0,9.0,Medium-Light,"Tarrazu growing region, Costa Rica",$19.00/12 ounces,92.0
9.0,8.0,9.0,Medium-Light,"Tarrazu growing region, Costa Rica",$18.00/12 ounces,92.0
9.0,9.0,9.0,Medium-Light,"West Valley, Costa Rica",$22.99/16 ounces,93.0
9.0,9.0,9.0,Medium-Light,"Central Valley, Costa Rica",$21.00/12 ounces,93.0
9.0,9.0,9.0,Medium-Light,"San Marcos de Tarrazú, Tarrazú growing region, Costa Rica",$19.00/12 ounces,93.0
9.0,9.0,9.0,Medium-Light,"West Valley, Costa Rica",$13.99/12 ounces,93.0
9.0,9.0,9.0,Medium-Light,"Central Valley, Costa Rica",$25.00/8 ounces,94.0
9.0,8.0,9.0,Medium-Light,"Central Valley, Costa Rica",$22.00/12 ounces,94.0
9.0,8.0,9.0,Medium-Light,"San Isidro de Leon Cortez, Tarrazú growing region, Costa Rica",$14.25/12 ounces,92.0
9.0,8.0,9.0,Medium-Light,"Central Valley, Costa Rica",CAD $17.00/12 ounces (sold out),92.0
9.0,8.0,9.0,Medium-Light,"Central Valley, Costa Rica",$15.75/12 ounces,92.0
9.0,9.0,9.0,Medium,"Brunca growing region, Costa Rica",$14.25/12 ounces,92.0
9.0,9.0,8.0,Medium-Light,"Santa Maria de Dota Valley, Tarrazú growing region, Costa Rica",$15.75/12 ounces,92.0
9.0,9.0,9.0,Medium-Light,"Borena Zone, Yirgacheffe growing region, southern Ethiopia",$15.00/250 grams,95.0
10.0,9.0,10.0,Medium-Light,"Kiambu County, south-central Kenya",$15.00/250 grams,96.0
9.0,9.0,9.0,Medium-Light,"Boquete growing region, western Panama",$18.00/12 ounces,94.0
10.0,9.0,10.0,Medium-Light,"Nyeri growing region, south-central Kenya",$18.95/12 ounces,96.0
9.0,9.0,10.0,Light,South-central Kenya,$20.99/12 ounces,96.0
9.0,9.0,9.0,Medium-Light,"Kiambu County, south-central Kenya",$25.00/12 ounces,95.0
10.0,9.0,9.0,Medium,"Lintong growing region, North Sumatra Province, Sumatra, Indonesia",$15.25/12 ounces,95.0
9.0,8.0,9.0,Medium-Light,"Yirgacheffe growing region, southern Ethiopia",$17.00/12 ounces,94.0
9.0,9.0,9.0,Medium-Light,"Hambela Wamena District, Guji Zone, Oromia region, southern Ethiopia",$16.00/12 ounces,93.0
9.0,9.0,9.0,Medium-Light,"Thika growing region, central Kenya",$18.00/12 ounces,94.0
8.0,9.0,8.0,Medium-Light,"Caranavi Province, La Paz Department, Bolivia",$18.00/12 ounces,91.0
9.0,8.0,9.0,Medium-Light,"Sidamo growing region, south-central Ethiopia",$19.00/12 ounces,92.0
8.0,8.0,9.0,Light,"Mya Ze Di Village, Ywangan Township, Myanmar",$18.00/12 ounces,91.0
9.0,9.0,9.0,Medium-Light,"Limu Kossa District, Oromia Region, southern Ethiopia",$16.50/12 ounces,93.0
9.0,8.0,9.0,Medium-Light,"Central Valley, Costa Rica",$19.00/12 ounces,93.0
9.0,9.0,9.0,Medium-Light,"Yirgacheffe growing region, southern Ethiopia",$21.00/16 ounces,94.0
9.0,8.0,9.0,Light,"Yirgacheffe growing region, southern Ethiopia",$17.95/12 ounces,93.0
9.0,8.0,8.0,Medium,"Sul de Minas growing region, Minas Gerais State, Brazil",NT $168/227 grams,92.0
9.0,9.0,9.0,Medium-Light,"Santa Maria de Dota valley, Tarrazu growing region, Costa Rica",$15.90/12 ounces,93.0
8.0,8.0,8.0,Medium-Light,"Tolima Department, central Colombia",$14.50/12 ounces,90.0
9.0,8.0,8.0,Medium-Light,"Fraijanes growing region, Guatemala",$14.75/12 ounces,90.0
8.0,8.0,9.0,Medium-Light,"El Boqueron, Volcan de San Salvador, El Salvador",$20.99/12 ounces,91.0
8.0,8.0,9.0,Light,"Haraz (also Haraaz) growing region, north-central Yemen",$19.99/12 ounces,91.0
8.0,8.0,8.0,Medium-Light,"Arusha growing region, Mt. Meru, Tanzania",$13.25/12 ounces,91.0
9.0,8.0,9.0,Light,"Veracruz, Mexico",$30.00/12 ounces,92.0
9.0,8.0,9.0,Medium-Light,"Lintong growing region, northern Sumatra, Indonesia",$20.99/12 ounces,94.0
8.0,8.0,9.0,Medium-Light,"Santa Maria de Dota valley, Tarrazu growing region, Costa Rica",$15.75/16 ounces,91.0
9.0,8.0,9.0,Medium-Light,"Gedeb District, Yirgacheffe growing region, southern Ethiopia",$15.00/12 ounces,92.0
9.0,8.0,9.0,Medium-Light,"Lake Kiva growing region, Rwanda",$16.95/12 ounces,93.0
9.0,8.0,9.0,Medium-Light,"Nyeri growing region, south-central Kenya",$17.00/12 ounces,93.0
9.0,8.0,9.0,Medium-Light,"Marcala growing region, La Paz Department, Honduras",$19.95/12 ounces,91.0
9.0,8.0,9.0,Medium-Light,"Hambela Wamena District, Guji Zone, Oromia region, southern Ethiopia",$17.95/12 ounces,93.0
9.0,8.0,9.0,Medium-Light,"Yirgacheffe growing region, south-central Ethiopia",$18.75/12 ounces,93.0
9.0,8.0,9.0,Medium-Light,"Quiché Department, Guatemala",$13.50/12 ounces,93.0
9.0,9.0,9.0,Medium-Light,"Nyeri growing region, south-central Kenya",$18.00/12 ounces,95.0
9.0,9.0,10.0,Medium-Light,"Murang’a County, central Kenya",$22.00/16 ounces,96.0
9.0,9.0,9.0,Medium-Light,"Hambela District, Guji Zone, Oromia Region, southern Ethiopia",$16.00/12 ounces,93.0
9.0,9.0,9.0,Medium-Light,"Nyeri growing region, south-central Kenya",$19.00/12 ounces,93.0
9.0,8.0,9.0,Light,"Hambela Wamena District, Guji Zone, Oromia Region, southern Ethiopia",$16.00/12 ounces,94.0
9.0,9.0,9.0,Medium-Light,"Nyeri growing region, south-central Kenya",$24.00/12 ounces,93.0
8.0,9.0,8.0,Medium-Light,"Central Valley, Costa Rica",CAD $17.00/12 ounces,91.0
9.0,8.0,9.0,Medium-Light,"Marcala growing region, La Paz Department, Honduras",$15.49/12 ounces,91.0
8.0,8.0,9.0,Medium-Light,"Nan Province, northern Thailand",$29.95/8 ounces,91.0
8.0,8.0,9.0,Medium-Light,"Montanhas do Espirito Santo growing region, Espirito Santo State, Brazil",CAD $13.60/12 ounces,91.0
9.0,8.0,8.0,Light,"El Boquerón region, El Salvador",$17.00/12 ounces,91.0
8.0,8.0,9.0,Medium-Light,"Naranjo, West Valley, Costa Rica",$13.99/12 ounces,91.0
9.0,8.0,9.0,Medium-Light,"Tarrazu growing region, Costa Rica",$18.99/16 ounces,93.0
9.0,8.0,9.0,Medium-Light,"Gakenke District, Northern Province, Rwanda",$18.50/12 ounces,93.0
9.0,9.0,9.0,Medium-Light,"Ataco, Apaneca-Ilamatepec, Ahuachapán Department, El Salvador",$22.00/12 ounces,93.0
9.0,8.0,9.0,Medium,"Tarrazu growing region, Costa Rica",$21.00/12 ounces,93.0
8.0,9.0,9.0,Medium-Dark,Costa Rica; Ethiopia; Mexico; Brazil,NT $600/16 ounces,92.0
9.0,8.0,9.0,Medium,Costa Rica; Ethiopia; Sulawesi,NT $1100/16 ounces,93.0
9.0,9.0,9.0,Medium,Costa Rica; Kenya; Sulawesi,NT $1400/16 ounces,93.0
9.0,9.0,9.0,Medium-Light,"Yirgacheffe growing region, southern Ethiopia",NT $580/227 grams,94.0
9.0,8.0,9.0,Medium-Light,"Yirgacheffe growing region, southern Ethiopia",$16.00/12 ounces,92.0
8.0,8.0,8.0,Medium,"Gakenke District, Northern Province, Rwanda",$13.99/12 ounces,90.0
8.0,8.0,9.0,Medium-Light,"Central Valley, Costa Rica",$14.20/12 ounces,91.0
10.0,8.0,10.0,Medium-Light,"Limu Woreda, southwest Ethiopia",$16.50/12 ounces,94.0
9.0,9.0,9.0,Medium-Light,"Nyeri growing region, south-central Kenya",$16.00/12 ounces,94.0
9.0,8.0,9.0,Medium-Light,"Huila Department, southern Colombia",$15.00/12 ounces,91.0
8.0,8.0,9.0,Medium-Light,South-central Kenya,NT $4700/8 ounces,92.0
9.0,8.0,9.0,Medium-Light,"Sidamo growing region, south-central Ethiopia",NT $800/8 ounces,92.0
9.0,9.0,9.0,Light,"Yirgacheffe growing region, south-central Ethiopia",NT $5800/8 ounces,94.0
7.0,8.0,8.0,Very Dark,Central America,$5.49/10 capsules,87.0
9.0,8.0,9.0,Medium-Light,"Nyeri growing region, south-central Kenya",$15.00/12 ounces,92.0
9.0,9.0,9.0,Medium-Light,"Nyeri growing region, south-central Kenya",$15.00/12 ounces,93.0
9.0,9.0,9.0,Medium-Light,"Gedeb District, Yirgacheffe growing region, southern Ethiopia",RMB $75.00/150 grams,94.0
9.0,9.0,9.0,Light,"Piedra Candela, Chiriqui Province, far western Panama",$49.50/8 ounces,95.0
9.0,9.0,10.0,Medium-Light,"Sidamo (also Sidama) growing region, southern Ethiopia",$16.80/12 ounces,96.0
9.0,9.0,9.0,Medium-Light,"Sidama (also Sidamo) growing region, southern Ethiopia",$15.99/12 ounces,94.0
9.0,8.0,9.0,Medium-Light,"Mount Ali, Taiwan",NT $2190/8 ounces,92.0
8.0,8.0,9.0,Light,"Las Capucas, Copan Department, Honduras",$16.75/12 ounces,91.0
9.0,9.0,9.0,Medium-Light,"Christina, Mantiqueira, Minas Gerais State, southeastern Brazil",$18.00/12 ounces,93.0
9.0,8.0,9.0,Light,"Amaro Mountains, Sidama (also Sidamo) growing area, southern Ethiopia",$17.95/12 ounces,94.0
9.0,8.0,9.0,Medium-Light,Brazil; Ethiopia; Uganda,$13.95/12 ounces,93.0
9.0,8.0,9.0,Medium-Light,"Lintong growing region, North Sumatra Province, Indonesia",$15.00/12 ounces,93.0
9.0,9.0,9.0,Medium-Light,"Lintong growing region, North Sumatra Province, Indonesia",$14.50/12 ounces,94.0
9.0,9.0,9.0,Medium,"Pondok, Aceh Province, northern Sumatra, Indonesia","KRW $10,000/250 grams",94.0
9.0,8.0,9.0,Medium-Light,"Lintong growing region, northwestern Sumatra, Indonesia",NT $500/250 grams,92.0
9.0,8.0,9.0,Medium-Light,"Lintong growing region, North Sumatra Province, Indonesia",NT $600/227 grams,92.0
9.0,9.0,8.0,Medium-Light,"Gayo (also Aceh) growing region, Aceh Province, northern Sumatra, Indonesia",$18.00/12 ounces,92.0
9.0,8.0,9.0,Medium-Light,"Lintong growing region, North Sumatra Province, Indonesia",$13.99/12 ounces,93.0
9.0,10.0,9.0,Medium-Light,"Kochere, Yirgacheffe growing region, southern Ethiopia",$19.50/12 ounces,96.0
9.0,8.0,9.0,Medium-Light,"Nariño Department, southern Colombia",$16.00/12 ounces,91.0
9.0,9.0,9.0,Medium-Light,"Nariño Department, southern Colombia",$32.00/12 ounces,95.0
8.0,8.0,9.0,Light,"Huila Department, southern Colombia",AUD $16.00/250 grams,91.0
8.0,8.0,9.0,Light,"Murang’a County, central Kenya",AUD $24.00/300 grams,91.0
9.0,8.0,9.0,Light,South-central Kenya,,93.0
9.0,8.0,10.0,Medium-Light,"Yirgacheffe growing region, south-central Ethiopia",AUD $16.00/250 grams,94.0
9.0,9.0,9.0,Medium-Light,"Sidama (also Sidamo) growing region, southern Ethiopia",AUD $22.00/250 grams,92.0
8.0,9.0,9.0,Light,"Mbeya District, southwestern Tanzania",,92.0
9.0,9.0,9.0,Light,"Central Valley, Costa Rica",AUD $18.00/250 grams,93.0
9.0,8.0,9.0,Light,"Valle del Cauca Department, southwest Colombia",AUD $23.00/400 grams,93.0
9.0,8.0,9.0,Medium-Light,"Aceh growing region, northwestern Sumatra, Indonesia",$17.95/12 ounces,92.0
8.0,9.0,9.0,Light,"Huila Department, southern Colombia",$12.00/8 ounces,92.0
9.0,9.0,9.0,Light,"Huila Department, southern Colombia",$12.00/8 ounces,93.0
9.0,9.0,9.0,Medium-Light,"Huehuetenango Department, Guatemala",$17.95/12 ounces,94.0
8.0,8.0,8.0,Medium-Dark,Brazil; Guatemala; Colombia; Indonesia; Costa Rica,NT $300/200 grams,90.0
9.0,8.0,9.0,Medium-Light,"Cerrado Miniero, Serra do Salitre growing region, Minas Gerais State",NT $600/16 ounces,93.0
9.0,9.0,9.0,Light,"Carmo de Minas growing region, Minas Gerais State, Brazil",$13.99/12 ounces,93.0
9.0,9.0,9.0,Light,"Mantiqueira de Minas growing region, Minas Gerais State, Brazil",$13.25/12 ounces,94.0
9.0,9.0,9.0,Medium-Light,"Carmo de Minas growing region, Minas Gerais State, Brazil",$13.99/16 ounces,94.0
8.0,9.0,9.0,Medium,Brazil; Sumatra; El Salvador,$12.00/12 ounces,93.0
9.0,9.0,9.0,Light,"Sidamo (also Sidama) growing region, southern Ethiopia",NT $450/100 grams,93.0
8.0,8.0,9.0,Medium-Light,"Huila Department, southern Colombia",$22.00/16 ounces,92.0
9.0,8.0,9.0,Medium-Light,"Huila Department, southern Colombia",$28.00/16 ounces,92.0
9.0,9.0,9.0,Medium-Light,"Holualoa, North Kona growing district, “Big Island” of Hawaii",$39.95/8 ounces,94.0
9.0,8.0,9.0,Medium-Light,"La Perla, Nanegal, Pichincha growing region, northern Ecuador",$23.95/12 ounces,92.0
9.0,9.0,9.0,Light,"San Adolfo, Acevedo, Huila Department, Colombia",$17.00/12 ounces,94.0
8.0,7.0,7.0,Very Dark,Central America; South America; Africa,$7.00/10 capsules,86.0
8.0,8.0,9.0,Light,"Yirgacheffe growing region, south-central Ethiopia",$13.99/12 ounces,91.0
8.0,8.0,9.0,Medium-Light,"Pitalito, San Agustin growing region, Huila Department, southern Colombia",$15.25/8 ounces,92.0
8.0,8.0,9.0,Medium-Light,"Boquete growing region, western Panama",$15.50/12 ounces,91.0
9.0,8.0,9.0,Light,"Lake Kiva growing region, Rwanda",$15.50/12 ounces,93.0
8.0,9.0,8.0,Medium-Light,Brazil; Nicaragua; Ethiopia,$13.00/12 ounces,91.0
9.0,8.0,9.0,Light,"Pichincha Province, north-central Ecuador",$18.00/12 ounces,92.0
9.0,9.0,9.0,Medium-Light,"Kalehe, South Kivu Province, Democratic Republic of the Congo",$17.95/12 ounces,94.0
9.0,9.0,9.0,Medium-Light,"Yirgacheffe growing region, southern Ethiopia",$17.80/12 ounces,94.0
9.0,8.0,9.0,Medium-Light,"Pichincha growing region, northern Ecuador",$18.95/12 ounces,94.0
9.0,9.0,9.0,Medium-Light,"Yirgacheffe growing region, southern Ethiopia",$28.00/16 ounces,94.0
9.0,9.0,9.0,Medium-Light,"Boquete growing region, western Panama",$50.00/8 ounces,95.0
8.0,9.0,9.0,Medium-Light,"Kayanza Province, northern Burundi",$18.45/12 ounces,92.0
9.0,8.0,9.0,Medium-Light,"Kalehe, South Kivu Province, Democratic Republic of the Congo",$14.95/12 ounces,92.0
9.0,8.0,9.0,Light,"Nyeri growing region, south-central Kenya",$500 NTD/16 ounces,94.0
8.0,8.0,9.0,Medium-Light,"Eastern Highlands, Papua New Guinea",$13.00/12 ounces,91.0
9.0,8.0,8.0,Medium-Light,"Southern Tolima Department, west-central Colombia",$15.99/12 ounces,91.0
8.0,7.0,8.0,Very Dark,Not disclosed,$14.99/24 K-cups,87.0
8.0,9.0,8.0,Light,"Yirgacheffe growing region, southern Ethiopia",$12.99/12 ounces,91.0
8.0,8.0,8.0,Light,"Mount Selinda, Eastern Highlands, Zimbabwe",$14.99/12 ounces,90.0
8.0,9.0,9.0,Medium-Light,"Mantiqueira de Minas growing region, Minas Gerais State, Brazil",NT $700/16 ounces,92.0
9.0,8.0,9.0,Light,"Yirgacheffe growing region, southern Ethiopia",$14.50/12 ounces,92.0
9.0,7.0,8.0,Medium,"Rwanda; Sidama/Sidamo growing region, southern Ethiopia",$18.95/16 ounces,90.0
9.0,8.0,9.0,Medium-Light,"Campos Alto district, Minas Gerais State, southeastern Brazil",$17.00/12 ounces,91.0
9.0,9.0,9.0,Medium-Light,Colombia; Brazil,$14.75/12 ounces,93.0
9.0,9.0,9.0,Light,"Central Valley, Costa Rica",$18.00/12 ounces,93.0
9.0,8.0,9.0,Light,"Yirgacheffe growing region, southern Ethiopia",$16.99/12 ounces,94.0
9.0,8.0,9.0,Medium-Dark,"Yirgacheffe growing region, southern Ethiopia",$17.50/8.8 ounces,91.0
8.0,8.0,9.0,Light,"Caranavi growing region, western Bolivia",$24.00/7 ounces,91.0
8.0,8.0,9.0,Medium-Light,Uganda or Congo; Ethiopia,$15.75/12 ounces,91.0
9.0,8.0,9.0,Medium-Light,"Nariño Department, southern Colombia",$16.50/12 ounces,92.0
9.0,8.0,9.0,Light,"Hambela District, Guji Zone, Oromia Region, southern Ethiopia",$21.00/12 ounces,93.0
9.0,9.0,9.0,Medium-Light,"Souther Province, Rwanda",$19.00/12 ounces,93.0
8.0,8.0,8.0,Light,"Western Java, Indonesia",$14.99/12 ounces,88.0
8.0,8.0,9.0,Medium-Light,"Eastern Highlands, Papua New Guinea",$17.50/12 ounces,88.0
8.0,8.0,8.0,Medium-Light,Ethiopia; Guatemala,$15.75/12 ounces,89.0
8.0,8.0,9.0,Medium-Dark,"Aceh Province, northwestern Sumatra, Indonesia",$14.50/8.8 ounces,89.0
9.0,8.0,9.0,Medium-Light,Colombia Aromas del Sur Palestina Micro-Lot,$15.25/12 ounces,92.0
9.0,8.0,9.0,Medium-Light,"Eastern Highlands, Papua New Guinea",$15.50/12 ounces,92.0
8.0,8.0,8.0,Medium,Not disclosed,$12.70/12 ounces,90.0
8.0,9.0,8.0,Medium-Light,Not disclosed,$12.70/12 ounces,91.0
8.0,8.0,7.0,Very Dark,Sumatra,$14.99/24 K-Cups,88.0
8.0,8.0,8.0,Very Dark,Not disclosed,$14.99/24 K-Cups,88.0
8.0,8.0,8.0,Very Dark,Not disclosed,$14.99/24 K-Cups,88.0
8.0,8.0,8.0,Very Dark,Not disclosed,$14.99/24 K-Cups,88.0
8.0,7.0,8.0,Very Dark,Colombia,$14.99/24 K-Cups,88.0
8.0,8.0,8.0,Very Dark,"Aceh growing region, northwestern Sumatra, Indonesia",$11.49/16 K-cups,89.0
8.0,7.0,8.0,Very Dark,Not disclosed,$11.49/16 K-cups,89.0
8.0,8.0,8.0,Very Dark,Not disclosed,$11.49/18 K-Cups,89.0
8.0,8.0,8.0,Very Dark,"Cajamarca growing region, Peru",$11.49/16 K-cups,89.0
8.0,8.0,9.0,Very Dark,Kenya,$14.99/24 K-Cups,91.0
8.0,8.0,9.0,Very Dark,"Yirgacheffe growing region, southern Ethiopia",$11.49/16 K-cups,91.0
9.0,9.0,9.0,Medium-Light,"Yirgacheffe growing region, southern Ethiopia",CNY $90/227 grams,94.0
8.0,8.0,9.0,Dark,Colombia; Honduras; Brazil,NT $450/454 grams,92.0
8.0,9.0,8.0,Light,"Kalehe, South Kivu Province, Democratic Republic of the Congo",$14.49/12 ounces,91.0
9.0,9.0,9.0,Light,"Yirgacheffe growing region, south-central Ethiopia",$14.99/12 ounces,93.0
9.0,9.0,9.0,Medium-Light,"Holualoa, North Kona growing district, “Big Island” of Hawaii",$34.95/8 ounces,94.0
9.0,8.0,9.0,Medium-Dark,Not disclosed,RMB $80.00/227 grams,92.0
8.0,8.0,9.0,Medium,South-central Kenya,$15.00/12 ounces,91.0
9.0,8.0,9.0,Medium-Light,"Yirgacheffe growing region, south-central Ethiopia",$16.50/12 ounces,92.0
9.0,8.0,9.0,Medium-Light,"Cundinamarca Department, northwestern Colombia",$21.00/12 ounces,93.0
9.0,8.0,8.0,Medium-Light,"El Salvador, Ethiopia, Colombia",$14.00/12 ounces,91.0
8.0,8.0,9.0,Medium-Light,"Huila Department, southern Colombia",$10.75/12 ounces,91.0
9.0,8.0,9.0,Medium-Light,"Buremera, Nyamagabe District, Southern Province, Rwanda",$16.75/12 ounces,92.0
9.0,9.0,9.0,Light,"Jimma Zone, Oromia Region, Ethiopia",$17.00/12 ounces,93.0
9.0,8.0,9.0,Medium-Light,"Argelia, Cauca Department, Colombia",NT $150/100 grams,93.0
9.0,9.0,9.0,Light,"Yirgacheffe growing region, southern Ethiopia",$17.75/12 ounces,94.0
9.0,9.0,9.0,Medium-Light,Kenya,$17.50/12 ounces,94.0
8.0,9.0,8.0,Medium-Light,"Central Bali, Indonesia",NT $750/16 ounces,91.0
8.0,8.0,8.0,Medium-Dark,"Lambayeque region, Peru",$10.95/12 ounces,89.0
9.0,8.0,9.0,Medium-Light,"Central Valley, Costa Rica",$19.50/12 ounces,93.0
9.0,9.0,9.0,Medium-Light,"Santa Clara, Piedra Candela, Volcan growing region, western Panama",$17.50/12 ounces,95.0
8.0,8.0,9.0,Medium,"Butaganzwa, Kayanza, northern Burundi",$13.70/12 ounces,91.0
9.0,8.0,9.0,Medium-Light,"Gakenke growing region, northern Rwanda",$13.50/12 ounces,92.0
9.0,8.0,9.0,Medium-Light,Africa; South and Central America,$14.25/12 ounces,93.0
9.0,9.0,9.0,Medium-Light,"Yirgacheffe growing region, southern Ethiopia",$15.50/12 ounces,94.0
9.0,8.0,9.0,Medium-Light,"Yirgacheffe growing region, south-central Ethiopia",$17.50/12 ounces,94.0
9.0,9.0,9.0,Medium-Light,"Valle del Cauca growing region, Colombia",$35.00/8 ounces,95.0
9.0,9.0,9.0,Medium-Light,"Sidama (also Sidamo) growing region, southern Ethiopia",NT $500/16 ounces,94.0
9.0,9.0,9.0,Light,"Kochere, Yirgacheffe growing region, south-central Ethiopia",NT $600/16 ounces,95.0
8.0,7.0,8.0,,"Blue Mountain growing region, eastern Jamaica.",€59.00/9 capsules,88.0
8.0,8.0,8.0,Medium-Dark,Southern India,$12.95/12 ounces,89.0
9.0,9.0,9.0,Medium-Light,"Limmu Kossa District, Jimma Zone, western Ethiopia",$21.50/12 ounces,93.0
9.0,8.0,9.0,Medium-Light,Not disclosed,$15.00/16 ounces,93.0
9.0,9.0,9.0,Medium-Light,"Santa Ana growing region, El Salvador",$15.75/12 ounces,94.0
8.0,8.0,9.0,Medium-Light,"Gedeo zone, southern Ethiopia",$17.00/12 ounces,91.0
9.0,9.0,9.0,Light,"Lake Kivu, Nyamyumba growing region, Rwanda",$13.99/12 ounces,93.0
9.0,9.0,9.0,Medium-Light,"Sabanilla de Alajuela growing region, Costa Rica",$16.49/12 ounces,94.0
9.0,9.0,9.0,Light,"Nyeri growing region, south-central Kenya",$15.49/12 ounces,94.0
8.0,8.0,9.0,Light,"Tanzania, Honduras",NT $250/8 ounces,91.0
9.0,8.0,9.0,Light,"Ethiopia, Panama, Costa Rica",NT $300/8 ounces,93.0
9.0,9.0,9.0,Light,"Yirgacheffe growing region, southern Ethiopia",NT $350/8 ounces,93.0
8.0,8.0,9.0,Light,"Kalehe, South Kivu region, Democratic Republic of the Congo",$15.15/12 ounces,92.0
9.0,8.0,9.0,Medium-Light,South-central Kenya,$15.45/12 ounces,93.0
5.0,7.0,3.0,Very Dark,Colombia,$8.49/28 ounces,75.0
8.0,7.0,7.0,Very Dark,Colombia,$4.49/10.3 ounces,84.0
8.0,8.0,8.0,Medium,"Los Vascos, Colombia",$13.99/12 ounces,88.0
8.0,8.0,8.0,Very Dark,Colombia and Ethiopia,$11.99/12 ounces,88.0
7.0,8.0,8.0,Very Dark,"Kikafu, Tanzania",$7.79/12 ounces,89.0
7.0,8.0,8.0,Medium-Light,"Butare, Rwanda",$12.99/12 ounces,89.0
8.0,8.0,8.0,Very Dark,Colombia,$8.49/12 ounces,90.0
9.0,9.0,9.0,Medium-Light,"Yirgacheffe growing region, southern Ethiopia",$17.80/12 ounces,95.0
9.0,9.0,10.0,Medium-Light,"Boquete growing region, western Panama",$62.00/8 ounces,97.0
9.0,9.0,9.0,Medium,"Guji Zone, Oromia Region, Sidamo growing region, south-central Ethiopia",$15.95/12 ounces,93.0
8.0,8.0,8.0,Light,"Chimaltenango Department, Guatemala",$17.00/12 ounces,90.0
9.0,8.0,9.0,Light,"Libano, Tolima Department, Colombia",$17.50/12 ounces,92.0
9.0,9.0,9.0,Medium-Light,"Yirgacheffe growing region, southern Ethiopia",$17.00/12 ounces,93.0
9.0,9.0,9.0,Medium-Light,"Pichincha growing region, northern Ecuador",$15.45/12 ounces,93.0
9.0,8.0,8.0,Medium,"Bengkulu Province, Indonesia",NT $300/500 grams,90.0
8.0,8.0,9.0,Medium,Brazil; Colombia; Indonesia; Ethiopia,NT $450/454 grams,91.0
9.0,8.0,9.0,Medium,Guatemala,NT $450/454 grams,92.0
10.0,8.0,9.0,Medium-Light,"Boquete growing region, western Panama",NT $2800/454 grams,95.0
9.0,9.0,9.0,Medium-Light,"Yirgacheffe growing region, southern Ethiopia",NT $450/100 grams,93.0
9.0,8.0,9.0,Medium,"Nueva Segovia growing region, Nicaragua",$14.95/12 ounces,93.0
9.0,8.0,9.0,Medium,"Harrar growing region, eastern Ethiopia",$20.00/12 ounces,91.0
9.0,8.0,9.0,Light,"Hambela District, Oromia growing region, southern Ethiopia",$15.00/12 ounces,93.0
9.0,8.0,8.0,Light,East Africa; Brazil,$18.49/12 ounces,91.0
9.0,9.0,9.0,Medium-Light,Ethiopia; Kenya.,$15.25/12 ounces,95.0
9.0,9.0,10.0,Medium-Light,"Boquete growing region, western Panama",$46.95/12 ounces,95.0
9.0,9.0,10.0,Medium-Light,"Boquete growing region, western Panama",$40.00/8 ounces,96.0
9.0,8.0,9.0,Light,"Lourdes de Naranjo, West Valley, Costa Rica",$20.00/250 grams,94.0
9.0,9.0,9.0,Medium-Light,Central America; South America; East Africa,$18.00/12 ounces,95.0
9.0,9.0,10.0,Light,"Boquete growing region, western Panama",$20.00/250 grams,95.0
8.0,8.0,8.0,Medium-Dark,"Mandheling growing region, northern Sumatra, Indonesia",$14.99/12 ounces,90.0
9.0,9.0,9.0,Medium-Dark,Kenya,NT $900/8 ounces,94.0
9.0,9.0,9.0,Medium-Dark,"Toraja growing region, South Sulawesi, Indonesia",NT $700/8 ounces,94.0
9.0,8.0,9.0,Medium,Ethiopia,NT $700/8 ounces,94.0
9.0,9.0,9.0,Medium,"Yirgacheffe growing region, southern Ethiopia; Sidama (also Sidamo) growing region, southern Ethiopia",NT $800/8 ounces,94.0
9.0,9.0,9.0,Medium-Dark,Kenya,NT $900/8 ounces,95.0
9.0,8.0,9.0,Medium-Light,"Boquete growing region, western Panama",$16.00/8 ounces,91.0
9.0,9.0,9.0,Medium-Light,South-central Kenya,$18.00/12 ounces,94.0
9.0,9.0,9.0,Medium,South-central Kenya,$19.50/12 ounces,95.0
9.0,9.0,8.0,Medium-Light,"Yirgacheffe growing region, southern Ethiopia",$18.00/320 grams,94.0
10.0,9.0,9.0,Medium-Light,"Chiriqui, western Panama.",$49.95/8 ounces,95.0
9.0,8.0,9.0,Light,"Central Valley, Costa Rica",$17.00/8 ounces,93.0
9.0,9.0,9.0,Light,"Boquete growing region, western Panama",$48.00/8 ounces,94.0
9.0,9.0,10.0,Medium-Light,"Sidamo (also Sidama) growing region, southern Ethiopia",RMB $235/125 grams,96.0
9.0,8.0,9.0,Medium-Light,"Jimma Zone, Oromia State, Ethiopia",$19.00/12 ounces,92.0
9.0,8.0,9.0,Light,"Agua Dulce, Huehuetenango, Guatemala",$18.00/12 ounces,92.0
9.0,9.0,9.0,Medium,"Carrizal de Alajuela, Costa Rica",$18.00/12 ounces,93.0
9.0,8.0,9.0,Light,"Chiriqui, Boquete growing region, western Panama",$20.00/8 ounces,94.0
10.0,9.0,9.0,Light,"Guji Zone, Sidama Province, southern Ethiopia",$18.00/12 ounces,95.0
9.0,9.0,9.0,Medium,"Nyeri County, Central Highlands, Kenya",$20.00/12 ounces,93.0
9.0,9.0,9.0,Medium-Light,"Santa Ana growing region, El Salvador",$18.75/12 ounces,94.0
9.0,9.0,9.0,Medium-Light,"West Java, Indonesia; Papua New Guinea",$17.00/16 ounces,93.0
9.0,8.0,9.0,Light,Colombia; Ethiopia.,$12.99/12 ounces,93.0
9.0,9.0,9.0,Medium,Southern Ethiopia,$18.00/12 ounces,93.0
9.0,8.0,9.0,Medium-Light,"Holualoa, North Kona growing district, “Big Island” of Hawaii",$39.95/8 ounces,93.0
9.0,8.0,9.0,Light,"Piedra Candela, Chiriqui Province, western Panama",$50.00/8 ounces,94.0
8.0,8.0,8.0,Medium-Light,"Jinotega, Nicaragua",NT $450/227 grams,90.0
8.0,8.0,8.0,Medium-Light,Nicaragua,$24.00/12 ounces,89.0
9.0,8.0,9.0,Light,Nicaragua,$21.00/12 ounces,92.0
9.0,9.0,9.0,Light,"Nueva Segovia, Nicaragua",$18.00/12 ounces,95.0
9.0,8.0,9.0,Medium-Light,"Yirgacheffe growing region, south-central Ethiopia",$17.75/12 ounces,93.0
9.0,8.0,9.0,Medium-Light,"Valle del Cauca growing region, Colombia",$15.75/12 ounces,93.0
9.0,8.0,8.0,Medium-Light,"Nariño Department, southern Colombia",$18.00/16 ounces,90.0
8.0,8.0,9.0,Medium,"Huehuetenango growing region, Guatemala",$11.35/12 ounces,91.0
9.0,8.0,9.0,Medium-Dark,"Tarrazu growing region, Costa Rica",CAD $19.95/10 ounces,93.0
9.0,9.0,9.0,Light,"Central Valley, Costa Rica",$18.50/12 ounces,94.0
10.0,8.0,9.0,Medium-Light,"Kirinyaga District, south-central Kenya",$21.00/12 ounces,95.0
9.0,8.0,9.0,Light,"Yirgacheffe growing region, southern Ethiopia",$14.50/16 ounces,92.0
9.0,8.0,9.0,Medium-Light,South-central Kenya,$19.95/12 ounces,92.0
9.0,8.0,9.0,Medium,"Yirgacheffe growing region, southern Ethiopia",$14.95/12 ounces,92.0
9.0,8.0,9.0,Medium-Light,"Hambela District, Oromia growing region, southern Ethiopia",$13.99/12 ounces,92.0
9.0,9.0,9.0,Light,"Volcan, Panama",$82.45/12 ounces,93.0
9.0,8.0,9.0,Medium-Light,"Kona growing region, Big Island of Hawaii",$32.50/165 grams,92.0
9.0,9.0,9.0,Light,"Kona growing region, Big Island of Hawaii",$32.50/165 grams,93.0
9.0,9.0,9.0,Medium-Light,"Yirgacheffe growing region, southern Ethiopia",$15.00/8 ounces,93.0
10.0,9.0,9.0,Medium,"Boquete growing region, western Panama",$49.95/8 ounces,96.0
7.0,8.0,8.0,Medium,Guatemala; Indonesia; Mexico,$16.00/16 ounces,88.0
7.0,8.0,8.0,Medium,"Ocotepeque Department, Honduras",$12.99/12 ounces,88.0
9.0,8.0,8.0,Medium,"Huehuetenango growing region, Guatemala",$12.95/12 ounces,90.0
8.0,8.0,8.0,Light,"Inambari Valley, Peru",$16.50/12 ounces,90.0
8.0,8.0,8.0,Medium-Light,"Huehuetenango growing region, Guatemala",$14.15/12 ounces,90.0
8.0,8.0,9.0,Light,"Gedeb District, Yirgacheffe growing region, southern Ethiopia",$15.00/12 ounces,91.0
8.0,8.0,9.0,Light,"Gedeo zone, southern Ethiopia",$16.50/12 ounces,91.0
8.0,8.0,9.0,Medium,"Yirgacheffe growing region, southern Ethiopia",$11.75/12 ounces,91.0
9.0,8.0,9.0,Medium-Light,"Yirgacheffe growing region, southern Ethiopia",$17.00/12 ounces,92.0
9.0,8.0,9.0,Medium,"Yirgacheffe growing region, southern Ethiopia",$16.85/12 ounces,93.0
9.0,9.0,9.0,Light,"Huehuetenango growing region, Guatemala",$16.95/12 ounces,93.0
9.0,8.0,9.0,Light,"Silla Del Pando, Volcan, Panama",$82.45/12 ounces,93.0
9.0,8.0,9.0,Medium,"Boquete growing region, western Panama",$20.00/250 grams,92.0
9.0,8.0,9.0,Medium-Light,"Huehuetenango growing region, Guatemala","NT $1,000/16 ounces",93.0
9.0,9.0,9.0,Light,"Chalatenango growing region, northwestern El Salvador","KRW 40,000/500 grams",94.0
8.0,8.0,8.0,Medium-Light,"Chipinge growing region, eastern Zimbabwe.",$10.00/8 ounces,88.0
9.0,8.0,9.0,Medium-Light,"Yirgacheffe growing region, southern Ethiopia",$15.90/12 ounces,93.0
9.0,9.0,9.0,Medium-Light,"Santa Maria de Dota valley, Tarrazu growing region, Costa Rica",$15.80/12 ounces,95.0
8.0,9.0,8.0,Medium,"Huehuetenango growing region, Guatemala",$20.00/12 ounces,90.0
8.0,8.0,8.0,Medium-Light,"Santa Ana growing region, El Salvador",$15.75/12 ounces,90.0
9.0,8.0,9.0,Medium-Light,"Hambela District, Oromia growing region, southern Ethiopia",$16.80/12 ounces,93.0
9.0,9.0,9.0,Medium-Light,"Nyeri County, Central Highlands, Kenya",$16.10/12 ounces,94.0
10.0,8.0,10.0,Medium,"Boquete growing region, western Panama",$19.50/12 ounces,96.0
9.0,8.0,9.0,Medium,"Yirgacheffe growing region, southern Ethiopia",$17.00/12 ounces,91.0
8.0,8.0,9.0,Medium-Dark,"Oromia growing region, southern Ethiopia",$16.50/12 ounces,91.0
9.0,8.0,9.0,Medium-Dark,South-central Kenya,$18.00/12 ounces,92.0
9.0,8.0,9.0,Medium-Light,"Southern Tolima Department, west-central Colombia",$14.75/12 ounces,93.0
9.0,8.0,9.0,Medium-Light,"Limu growing region, western Ethiopia",$16.95/12 ounces,94.0
9.0,9.0,9.0,Medium-Light,"Guji Zone, Sidama Province, southern Ethiopia.",$15.00,94.0
8.0,9.0,9.0,Medium-Light,"Santa Maria de Dota valley, Tarrazu growing region, Costa Rica.",$15.80/12 ounces,92.0
9.0,8.0,9.0,Light,Not disclosed.,$15.95/12 ounces,92.0
10.0,8.0,9.0,Light,"Yirgacheffe growing region, southern Ethiopia",$20.00/10 ounces (free shipping),93.0
9.0,9.0,10.0,Light,"Cañas Verdes, Boquete growing region, western Panama.",$51.00/8 ounces,96.0
8.0,8.0,9.0,Medium,"Sidama (also Sidamo) growing region, southern Ethiopia.",$12.99/12 ounces,90.0
9.0,9.0,9.0,Medium-Light,"Nyeri County, Central Highlands, Kenya.",$14.40/12 ounces,95.0
9.0,9.0,9.0,Medium-Light,"Hambela district, Oromia growing region, southern Ethiopia",$18.95/12 ounces,94.0
9.0,8.0,9.0,Medium-Light,Northern Burundi,$24.00/10 ounces,93.0
9.0,9.0,9.0,Light,"Yirgacheffe growing region, southern Ethiopia.",$17.95/12 ounces,93.0
9.0,9.0,9.0,Medium-Dark,Ecuador.,"NT $2,000/16 ounces",94.0
9.0,9.0,9.0,Medium-Dark,Rwanda.,"NT $1,200/16 ounces",95.0
8.0,8.0,8.0,Medium,"Blue Mountain growing region, eastern Jamaica.",$32.00/8 ounces,89.0
9.0,9.0,9.0,Light,"Jimma Zone, Oromia State, Ethiopia",$20.00/12 ounces,95.0
8.0,8.0,9.0,Light,"West Valley, Costa Rica",$30.60/200 grams,91.0
9.0,8.0,9.0,Medium-Light,"Santa Barbara Department, Honduras",$18.75/12 ounces,92.0
8.0,7.0,8.0,Medium-Light,Brazil.,NTD $370/16 ounces,87.0
8.0,8.0,8.0,Medium,Brazil.,NTD $370/16 ounces,90.0
9.0,8.0,8.0,Medium,Brazil.,NTD $465/16 ounces,90.0
8.0,9.0,8.0,Medium-Light,"Lintong growing region, North Sumatra Province, Indonesia.",$18.00/12 ounces,91.0
8.0,8.0,9.0,Medium-Light,"Boquete growing region, western Panama",$18.00/12 ounces,92.0
9.0,9.0,9.0,Medium-Light,"Ka’u growing region, Big Island of Hawaii.",$24.00/8 ounces,93.0
9.0,8.0,9.0,Medium-Light,"Kirinyaga growing district, south-central Kenya.",NTD $600/300 grams,92.0
8.0,9.0,9.0,Medium-Light,South-central Kenya.,NTD $1000/16 ounces,92.0
9.0,8.0,9.0,Medium-Light,"Kisii (also Gusii) Highlands, southwestern Kenya.",$17.99/12 ounces,92.0
9.0,8.0,9.0,Medium-Light,"Kiambu County, south-central Kenya.",$18.50/12 ounces,92.0
8.0,9.0,9.0,Medium-Light,"Kirinyaga growing district, central Kenya.",$14.50/12 ounces,92.0
9.0,8.0,9.0,Medium-Light,South-central Kenya.,$16.00/12 ounces,93.0
9.0,9.0,9.0,Medium-Light,"Kiambu County, south-central Kenya.",$11.00/8 ounces,93.0
9.0,8.0,9.0,Medium-Light,"Embu County, south-central Kenya.",$18.50/12 ounces,93.0
8.0,8.0,9.0,Medium-Light,"Thika growing region, central Kenya.",$15.00/8 ounces,93.0
9.0,9.0,9.0,Medium-Light,"Nyeri County, Central Highlands, Kenya.",$17.99/16 ounces,95.0
9.0,8.0,9.0,Light,"Muramvya Province, Burundi.",$17.50/16 ounces,93.0
9.0,8.0,9.0,Medium-Light,"Yirgacheffe growing region, southern Ethiopia.",$18.95/12 ounces,93.0
9.0,9.0,9.0,Medium,Not disclosed.,$14.95/12 ounces,94.0
7.0,7.0,7.0,Dark,Various Latin American origins.,$12.95/12 ounces,84.0
8.0,8.0,8.0,Medium,Not disclosed.,$15.00/12 ounces,89.0
8.0,8.0,8.0,Medium,"Sidama (also Sidamo) growing region, southern Ethiopia.",$16.30/12 ounces,89.0
8.0,9.0,9.0,Medium,"Colima State, southwestern Mexico.",$16.50/12 ounces,92.0
9.0,8.0,9.0,Medium,"Sidamo (also Sidama) growing region, southern Ethiopia.",$19.50/12 ounces,93.0
9.0,8.0,9.0,Medium-Light,"Oromia, Sidama (also Sidamo) growing region, southern Ethiopia.",$20.00/12 ounces,92.0
10.0,9.0,10.0,Medium-Light,"Boquete growing region, western Panama.",$40.00/8 ounces,96.0
9.0,8.0,9.0,Medium-Dark,Ethiopia; Brazil; Indonesia.,$16.00/12 ounces,91.0
9.0,9.0,9.0,Medium-Light,"Hambela district, Oromia growing region, southern Ethiopia.",$15.95/12 ounces,93.0
8.0,9.0,9.0,Medium,"Yirgacheffe growing region, southern Ethiopia.",$17.00/12 ounces,91.0
8.0,8.0,9.0,Medium-Light,"Guji Zone, Oromia Region, Sidamo growing region, south-central Ethiopia.",$14.95/12 ounces,92.0
9.0,9.0,8.0,Medium,Brazil; Ethiopia; Costa Rica.,$12.95/12 ounces,93.0
9.0,8.0,9.0,Medium,Burundi; Brazil; Colombia.,$22.00/36 ounces,93.0
8.0,8.0,8.0,Medium,Southern Ethiopia; Central America.,$14.30/12 ounces,90.0
8.0,8.0,9.0,Medium-Light,Nicaragua; Peru; Tanzania.,$11.95/12 ounces,91.0
8.0,9.0,8.0,Medium-Light,Not disclosed.,$16.00/12 ounces,91.0
8.0,8.0,9.0,Medium,"Yirgacheffe growing region, southern Ethiopia; West Java, Indonesia.",$16.00/12 ounces,91.0
8.0,8.0,9.0,Medium,"Southern Ethiopia; Mexico; northern Sumatra, Indonesia.",$14.00/16 ounces,91.0
9.0,8.0,9.0,Medium,"Southwestern Ethiopia; northern Sumatra, Indonesia.",$13.95/12 ounces,92.0
9.0,8.0,9.0,Medium-Light,East and Central Africa.,$14.99/12 ounces,92.0
9.0,9.0,9.0,Light,"Boquete growing region, Panama; Boke, Gamo Gofa Zone, southern Ethiopia.",$18.50/12 ounces,93.0
9.0,9.0,9.0,Medium-Light,"Oromia region, southern Ethiopia; Mandheling growing region, northern Sumatra, Indonesia.",$14.00/12 ounces,94.0
9.0,8.0,9.0,Medium,"Mogiana growing region, São Paulo State, Brazil; Guatemala; other Central America origins.",$29.99/2.2 pounds,93.0
9.0,8.0,9.0,Medium,"Sidamo (also Sidama) growing region, southern Ethiopia.",$16.95/12 ounces,91.0
9.0,8.0,9.0,Medium-Light,"Yirgacheffe growing region, southern Ethiopia.",$18.99/12 ounces,92.0
9.0,9.0,9.0,Medium,"Carmo de Minas growing region, Minas Gerais State, Brazil.",$12.95/12 ounces,94.0
8.0,8.0,8.0,Medium,Not disclosed.,$9.99/16 ounces,89.0
9.0,8.0,9.0,Medium-Dark,"Yirgacheffe growing region, southern Ethiopia.",$18.00/12 ounces,90.0
8.0,9.0,8.0,Medium,"Sidama, southern Ethiopia; Pangoa, Peru; Yungas, Bolivia.",CAD $11.00/10.5 ounces,92.0
8.0,7.0,8.0,Medium-Dark,"Kona growing region, “Big Island” of Hawaii.",$34.50/8.8 ounces,87.0
9.0,8.0,8.0,Medium,Kenya,$24.00/8.8 ounces,90.0
8.0,8.0,9.0,Light,"Kayanza Province, northern Burundi.",$13.00/8 ounces,91.0
8.0,8.0,9.0,Medium-Light,Colombia,$12.99/12 ounces,91.0
9.0,8.0,9.0,Medium,"Mantiqeiras de Minas growing region, Minas Gerais State, Brazil.",$40.00/8 ounces,92.0
9.0,8.0,9.0,Medium-Light,"Caldas Department, Colombia.",$16.50/12 ounces,93.0
9.0,9.0,9.0,Light,"Nyanza region, Rwanda.",$11.00/8 ounces,93.0
9.0,8.0,9.0,Medium-Light,"Nyeri County, Central Highlands, Kenya.",$12.99/12 ounces,93.0
9.0,9.0,9.0,Medium-Light,"Guji Zone, Sidama Province, southern Ethiopia.",$19.00/12 ounces,95.0
9.0,9.0,8.0,Medium-Light,"Santa Rosa growing region, Guatemala.",$14.99/12 ounces,92.0
9.0,9.0,9.0,Light,"El Boqueron, Volcan de San Salvador, El Salvador.",$18.99/12 ounces,94.0
9.0,8.0,9.0,Medium-Light,"Quiche Department, Guatemala.",$14.75/12 ounces,92.0
9.0,8.0,9.0,Medium-Light,"Haraz (also spelled Haraaz) growing region, north-central Yemen",$19.00/8 ounces,94.0
9.0,9.0,9.0,Light,"Yirgacheffe growing region, south-central Ethiopia.",$15.00/12 ounces,94.0
8.0,8.0,9.0,Medium,"Yirgacheffe growing region, southern Ethiopia.",$24.00/16 ounces,91.0
9.0,9.0,9.0,Medium-Light,"Kayanza Province, northern Burundi.",$21.00/12 ounces,94.0
8.0,8.0,9.0,Light,"Eastern slopes of Volcan Baru, western Panama.",$20.00/12 ounces,91.0
9.0,9.0,9.0,Light,"Ocatal, Nueva Segovia, northern Nicaragua.",$17.00/12 ounces,93.0
9.0,8.0,9.0,Light,"Yirgacheffe growing region, southern Ethiopia.",$14.75/12 ounces,93.0
9.0,9.0,9.0,Light,"Central Valley, Costa Rica.",$19.00/12 ounces,94.0
9.0,9.0,9.0,Medium-Light,"Nyamasheke District, Rwanda.",$18.50/12 ounces,93.0
9.0,8.0,9.0,Medium,Colombia,"NT $2,000/16 ounces",92.0
9.0,8.0,9.0,Medium-Dark,Costa Rica,"NT $1,100/16 ounces",93.0
9.0,9.0,9.0,Medium,Colombia,"NT $2,000/16 ounces",94.0
8.0,9.0,9.0,Medium-Light,"Kainantu district, Eastern Highlands Province, Papua New Guinea.",$16.50/12 ounces,91.0
9.0,8.0,9.0,Light,"Kalehe, Southern Kivu, Democratic Republic of the Congo.",$13.49/12 ounces,92.0
9.0,8.0,9.0,Light,"Nariño Department, southern Colombia.",$17.00/12 ounces,92.0
9.0,8.0,9.0,Medium-Light,Northern Burundi,$18.00/12 ounces,93.0
9.0,8.0,9.0,Light,"Nariño Department, Colombia.",$21.00/16 ounces,93.0
9.0,9.0,9.0,Medium-Light,"Mbeya Region, Tanzania.",$16.00/12 ounces,93.0
9.0,9.0,9.0,Medium-Light,Kenya; Brazil.,$16.00/16 ounces,94.0
9.0,8.0,10.0,Light,"Yirgacheffe growing region, southern Ethiopia.",$24.00/16 ounces,94.0
9.0,8.0,9.0,Medium,Brazil; Colombia; Ethiopia.,$12.75/12 ounces,92.0
9.0,8.0,9.0,Light,50% Colombia; 50% Ethiopia.,$13.00/8.8 ounces,92.0
9.0,8.0,8.0,Medium-Light,40% Colombia; 40% Brazil; 20% Rwanda.,$16.25/12 ounces,92.0
9.0,8.0,9.0,Medium,"Rwanda; Costa Rica; Yirgacheffe growing region, southern Ethiopia.",$18.00/16 ounces,92.0
8.0,8.0,9.0,Medium-Light,50% Yirgacheffe Ethiopia; 25% Papua New Guinea; 25% Brazil.,$16.00/12 ounces,92.0
9.0,8.0,8.0,Medium-Dark,Guatemala; West Java; Colombia.,$30.00/16 ounces,92.0
8.0,9.0,8.0,Medium-Light,Costa Rica; Ethiopia; Brazil.,$15.50/12 ounces,92.0
9.0,8.0,9.0,Medium,"Kenya 40%, Colombia 30%, Costa Rica 30%",NT $2000/16 ounces,93.0
9.0,8.0,9.0,Medium-Light,"50% Colombia, 35% Ethiopia, 15% Sumatra.",$13.95/12 ounces,93.0
9.0,9.0,9.0,Medium,"Panama; Sidamo and Yirgacheffe growing regions, southern Ethiopia; Bolivia; Brazil.",NT $520/225 grams,94.0
9.0,8.0,8.0,Medium-Dark,Costa Rica; Sumatra.,CAD $15.99/16 ounces,91.0
8.0,9.0,9.0,Light,Not disclosed.,NTD $320/8 ounces,92.0
9.0,9.0,9.0,Medium-Light,"Huehuetenango growing region, Guatemala.",$18.00/12 ounces,93.0
9.0,9.0,9.0,Light,"Huehuetenango growing region, Guatemala.",$16.50/12 ounces,93.0
9.0,9.0,9.0,Medium-Light,"Lintong growing region, North Sumatra Province, Indonesia.",$18.00/12 ounces,94.0
10.0,9.0,9.0,Light,"Santa Clara, Panama.",$17.50/12 ounces,95.0
9.0,9.0,9.0,Medium,"Lake Toba growing region, North Sumatra Province, Indonesia.",$18.00/12 ounces,93.0
9.0,9.0,9.0,Medium-Light,"Aceh growing region, northwestern Sumatra, Indonesia.",$16.50/12 ounces,93.0
9.0,9.0,9.0,Medium-Light,"Lintong growing region, North Sumatra Province, Indonesia.",$17.25/12 ounces,94.0
9.0,9.0,9.0,Medium,"Lake Toba growing region, northern Sumatra, Indonesia.",$18.00/12 ounces,94.0
9.0,8.0,9.0,Light,"Yirgacheffe growing region, southern Ethiopia.",$18.00/12 ounces,93.0
9.0,8.0,9.0,Medium-Light,"Konga micro-region, Yirgacheffe growing region, south-central Ethiopia.",$14.50/12 ounces,93.0
9.0,9.0,9.0,Light,"Piedra Candela, Chiriqui Province, far western Panama.",$48.50/8 ounces,95.0
9.0,9.0,9.0,Light,"Yirgacheffe growing region, south-central Ethiopia.",$14.50/12 ounces,95.0
9.0,9.0,9.0,Medium-Light,"Gedeo Zone, southern Ethiopia.",$30.95/12 ounces,94.0
9.0,9.0,9.0,Medium-Light,"Nyeri growing region, south-central Kenya.",$18.45/12 ounces,95.0
8.0,7.0,8.0,Very Dark,"Huila Department, Colombia; northern Sumatra, Indonesia.",$4.99/10 capsules,89.0
9.0,8.0,9.0,Light,"Nueva Segovia Department, Diplito growing region, Nicaragua.",NTD $650/8 ounces,92.0
9.0,8.0,9.0,Medium-Light,"Cauca Department, Colombia.",$14.99/12 ounces,92.0
8.0,9.0,9.0,Medium,"Gakenke District, northern Rwanda.",$18.00/12 ounces,92.0
8.0,8.0,8.0,Light,"Cundinamarca Department, central Colombia.",$14.00/12 ounces,90.0
9.0,8.0,9.0,Medium,"Southern Yunnan Province, China.",RMB $88/125 grams,90.0
8.0,9.0,9.0,Light,"Yirgacheffe growing region, south-central Ethiopia.",$12.99/12 ounces,92.0
9.0,9.0,9.0,Medium-Light,"Nyeri growing region, south-central Kenya.",$18.00/12 ounces,94.0
9.0,9.0,10.0,Medium-Light,"Chiriqui, western Panama.",$49.25/8 ounces,96.0
9.0,8.0,8.0,Medium,"Cajamarca growing region, Peru.",$13.95/12 ounces,91.0
9.0,9.0,9.0,Light,"Kersa district, Oromia region, southern Ethiopia.",$12.00/8 ounces,94.0
9.0,9.0,9.0,Light,"Hambela district, Oromia region, Ethiopia.",$15.99/12 ounces,93.0
9.0,9.0,10.0,Medium-Light,"Boquete growing region, western Panama.",$46.00/10 ounces,96.0
8.0,8.0,8.0,Medium-Dark,"Aceh growing region, northern Sumatra, Indonesia; Antigua growing region, Guatemala; Kaffa Forest growing region, southwestern Ethiopia.",CAD $15.99/16 ounces,89.0
8.0,8.0,9.0,Light,"Caranavi Province, La Paz Department, Bolivia.",$15.50/12 ounces,91.0
8.0,8.0,9.0,Light,"Nariño Department, southwestern Colombia.",$17.00/12 ounces,91.0
9.0,9.0,9.0,Light,"Valle del Cauca growing region, Colombia.",$27.50/12 ounces,94.0
8.0,8.0,8.0,Medium-Light,"Cajamarca region, northwestern Peru.",CAD $11.00/16 ounces,90.0
9.0,9.0,9.0,Medium-Dark,"Sumatra, Indonesia; Brazil; Kenya; India.",NTD $800/16 ounces,93.0
9.0,9.0,9.0,Medium,"Kochere, Yirgacheffe growing region, south-central Ethiopia.",$12.00/16 ounces,94.0
9.0,8.0,8.0,Medium,"Toraja growing region, South Sulawesi, Indonesia.",$15.00/16 ounces,91.0
9.0,9.0,9.0,Medium-Light,"Aceh growing region, northwestern Sumatra, Indonesia.",$12.69/12 ounces,92.0
9.0,8.0,9.0,Medium,"Gakui, Central Kenya.",$18.50/12 ounces,93.0
8.0,9.0,9.0,Medium-Light,"Nyamagabe region, Rwanda.",$19.50/12 ounces,93.0
9.0,8.0,9.0,Medium-Light,"La Paz Department, Western Bolivia.",See review note,92.0
8.0,8.0,8.0,Dark,"Boquete growing region, western Panama.",$29.99/12 ounces,89.0
8.0,8.0,9.0,Medium-Light,"Mogiana Region, Minas Gerais State, Brazil.","KRW 32,000/500 grams",91.0
8.0,8.0,9.0,Medium-Light,"San Agustín growing region, Huila Department, southern Colombia",$13.99/12 ounces,92.0
8.0,8.0,9.0,Medium-Light,"Cajamarca growing region, Peru.",$14.95/12 ounces,92.0
9.0,8.0,9.0,Medium-Light,"Gakenke growing region, Rwanda.",$16.50/12 ounces,92.0
9.0,8.0,9.0,Light,"Yirgacheffe growing region, southern Ethiopia.",NT $450/8 ounces,92.0
9.0,9.0,9.0,Light,"Yirgacheffe growing region, southern Ethiopia.",$18.00/12 ounces,93.0
9.0,9.0,9.0,Medium-Light,"Bururi Province, Burundi.",$9.00/8 ounces,93.0
9.0,9.0,8.0,Medium-Light,"Wahgi Valley, Western Highlands, Papua New Guinea.",$16.00/12 ounces,93.0
8.0,9.0,9.0,Light,"Kayanza Province, northern Burundi.",$12.00/7 ounces (see notes),93.0
8.0,9.0,9.0,Light,"Southern Tolima Department, south-central Colombia.",$11.95/12 ounces,93.0
9.0,9.0,9.0,Light,"Yirgacheffe growing region, southern Ethiopia.",$17.75/12 ounces,94.0
9.0,8.0,10.0,Medium-Light,"Gedeo Zone, Yirgacheffe growing region, southern Ethiopia.",$16.75/12 ounces,95.0
9.0,8.0,9.0,Medium-Light,"Konga District, Yirgacheffe growing region, southern Ethiopia.",$12.99/12 ounces,92.0
7.0,8.0,8.0,Very Dark,"Huila Department, southwestern Colombia; southern Ethiopia.",$13.99/16 K-Cups,87.0
8.0,8.0,8.0,Very Dark,Africa; Central and South America.,$24.95/32 K-Cups,87.0
8.0,7.0,8.0,Dark,"Sidama (also Sidamo) growing region, southern Ethiopia.",$11.99/10 capsules,87.0
8.0,8.0,8.0,Very Dark,Not disclosed.,$9.99/12 capsules,87.0
8.0,7.0,8.0,Very Dark,"Tarrazu growing region, Costa Rica.",$13.95/18 capsules,87.0
8.0,8.0,8.0,Very Dark,"Northern Sumatra, Indonesia.",$17.99/24 K-cups,88.0
8.0,8.0,8.0,Medium-Dark,Central Taiwan.,,88.0
8.0,8.0,8.0,Very Dark,Colombia; Brazil.,$11.00/10 capsules,88.0
7.0,8.0,8.0,Very Dark,El Salvador.,$6.99/12 capsules,88.0
9.0,8.0,8.0,Very Dark,"Konga District, Yirgacheffe growing region, southern Ethiopia.",$9.99/10 capsules,90.0
9.0,9.0,9.0,Medium,Not disclosed.,$12.00/12 ounces,93.0
9.0,9.0,8.0,Medium-Light,"Yirgacheffe growing region, southern Ethiopia.",$18.00/12 ounces,94.0
9.0,9.0,9.0,Medium,"Nyeri growing region, south-central Kenya.",$19.50/12 ounces,94.0
9.0,9.0,9.0,Medium,"Meru County, central Kenya.",$18.00/12 ounces,94.0
9.0,9.0,9.0,Medium,"Nyamasheke District, Rwanda.",$17.50/12 ounces,93.0
9.0,9.0,10.0,Light,"Yirgacheffe growing district, southern Ethiopia.",$25.00/12 ounces,95.0
9.0,8.0,9.0,Medium-Light,"Konga District, Yirgacheffe growing region, southern Ethiopia.",$19.00/12 ounces,92.0
8.0,9.0,9.0,Medium-Light,"Acatenango growing region, Guatemala.",$20.00/6 ounces,93.0
8.0,9.0,9.0,Medium-Light,"Santa Barbara Department, Honduras.",$17.25/12 ounces,92.0
9.0,8.0,9.0,Medium-Light,South-central Kenya.,$15.00/12 ounces,93.0
9.0,9.0,9.0,Medium,"Sidamo (also Sidama) growing region, southern Ethiopia.",$17.00/12 ounces,94.0
8.0,8.0,9.0,Light,"Chiang Rai Province, northern Thailand",THB $200/250 grams,90.0
9.0,8.0,9.0,Medium,"Chiang Rai Province, northern Thailand.",THB $200/250 grams,91.0
9.0,8.0,9.0,Medium-Dark,"Chiang Rai Province, northern Thailand",THB $200/250 grams,92.0
10.0,9.0,10.0,Light,"Cañas Verdes, Boquete growing region, western Panama.",$45.00/8 ounces,96.0
9.0,8.0,9.0,Medium-Dark,"Aceh growing region, northwestern Sumatra, Indonesia.",NT$350/8 ounces,91.0
8.0,9.0,9.0,Medium,"Los Robles de Naranjo, West Valley growing region, Costa Rica.",$14.95/12 ounces,93.0
9.0,9.0,9.0,Medium,Ethiopia; Sumatra; Central America.,NT$290/8 ounces,94.0
9.0,9.0,9.0,Medium,"Guji Zone, Oromia Region, Sidamo growing region, south-central Ethiopia.",$14.95/12 ounces,95.0
9.0,9.0,9.0,Medium-Light,Central Kenya.,NT$500/8 ounces,95.0
9.0,9.0,8.0,Medium-Dark,Brazil; Guatemala; Costa Rica.,$14.99/12 ounces,91.0
8.0,9.0,9.0,Medium,Kenya; Guatemala.,$17.50/16 ounces,93.0
9.0,8.0,9.0,Light,Kenya; Panama; Ethiopia.,$14.45/12 ounces,93.0
9.0,9.0,9.0,Medium-Light,Kenya; Papua New Guinea.,$14.50/12 ounces,93.0
9.0,8.0,9.0,Medium,South-central Kenya.,$16.00/150 grams,94.0
9.0,9.0,9.0,Medium-Light,"San Fernando, Nueva Segovia region, Nicaragua.",$18.00/12 ounces,94.0
9.0,9.0,9.0,Medium,Central America.,$12.50/12 ounces,94.0
9.0,8.0,10.0,Medium,"Boquete growing region, western Panama",$62.00/8 ounces,94.0
9.0,9.0,10.0,Light,"Boquete growing region, western Panama.",$24.00/150 grams,95.0
9.0,9.0,9.0,Medium-Light,"Gedeo zone, Yirgacheffe growing region, south-central Ethiopia.",$18.00/12 ounces,95.0
9.0,9.0,9.0,Medium-Light,El Salvador; Kenya.,$17.25/12 ounces,95.0
9.0,9.0,9.0,Light,"Boquete growing region, western Panama.",$40.00/8 ounces,95.0
8.0,8.0,9.0,Medium-Light,Northern Thailand.,TWD $500/8 ounces,92.0
9.0,9.0,9.0,Medium,"Nyeri County, Central Kenya.",$20.00/16 ounces,95.0
10.0,9.0,9.0,Light,Southern and/or western Ethiopia.,,95.0
9.0,8.0,8.0,Medium-Light,"Valle del Cauca growing region, Colombia.",$15.75/12 ounces,91.0
9.0,8.0,9.0,Medium-Light,"Embu County, Kenya.",$18.50/12 ounces,93.0
9.0,9.0,9.0,Medium-Light,"Northern Sumatra, Indonesia.",$18.50/12 ounces,95.0
10.0,9.0,9.0,Medium,"Kochere, Yirgacheffe growing region, south-central Ethiopia.",$16.95/12 ounces,94.0
9.0,8.0,9.0,Light,"Murang’a County, central Kenya.",$14.50/12 ounces,93.0
9.0,8.0,9.0,Medium,South America; Africa.,$12.75/12 ounces,93.0
7.0,8.0,8.0,Medium-Light,"Yunnan Province, China.",RMB $60/125 grams,88.0
9.0,9.0,9.0,Medium-Light,"Central Valley growing region, Costa Rica.",$16.00/16 ounces,92.0
8.0,8.0,8.0,Medium,"Eastern Java, Indonesia.",$12.99/12 ounces,88.0
9.0,8.0,8.0,Medium,"Toraja growing region, south-central Sulawesi, Indonesia.",$12.99/12 ounces,90.0
9.0,8.0,9.0,Light,"Silla Del Pando, Volcan, Panama.",$47.45/12 ounces,93.0
9.0,9.0,9.0,Medium-Light,"Tarrazu growing region, central Costa Rica.",$12.99/12 ounces,93.0
9.0,8.0,9.0,Light,"Sidamo (also Sidama) growing region, southern Ethiopia.",$30.95/12 ounces,94.0
9.0,8.0,9.0,Medium,"Nyeri County, Central Highlands, Kenya.",$12.99/12 ounces,94.0
9.0,9.0,9.0,Light,"Silla Del Pando, Volcan, Panama.",$72.45/12 ounces,95.0
10.0,9.0,9.0,Medium,"Yirgacheffe growing region, southern Ethiopia.",$30.00/12 ounces,95.0
8.0,8.0,8.0,Medium,Ethiopia; Guatemala; Brazil; Colombia; Rwanda.,TWD $500 / 225 grams,90.0
8.0,8.0,8.0,Medium-Light,"Huehuetenango growing region, Guatemala.",$14.00/12 ounces,90.0
9.0,8.0,9.0,Light,"Valle del Cauca growing region, Colombia.",$17.95/12 ounces,93.0
9.0,9.0,9.0,Medium-Light,"Cañas Verdes, Boquete growing region, western Panama.",$48.50/8 ounces,93.0
9.0,8.0,9.0,Medium-Light,"Palencia, central Guatemala.",$22.78/12 ounces,93.0
9.0,9.0,9.0,Light,"Acatenango growing region, Guatemala.",$22.00/8 ounces,94.0
9.0,8.0,9.0,Light,"El Salto, Boquete growing region, Panama.",$47.00/8 ounces,94.0
9.0,9.0,9.0,Medium-Light,"San Fernando, Nueva Segovia region, Nicaragua.",$18.00/12 ounces,94.0
9.0,9.0,9.0,Medium-Light,"Holualoa, North Kona growing district, “Big Island” of Hawaii.",$34.95/8 ounces,95.0
9.0,9.0,9.0,Medium,"Boquete growing region, western Panama.",$33.95/12 ounces,95.0
8.0,8.0,8.0,Medium-Light,"San Marcos, Tarrazu growing region, central Costa Rica.",$14.00/12 ounces,90.0
9.0,9.0,9.0,Medium,"Konga District, Yirgacheffe growing region, southern Ethiopia.",$450 NTD/100 grams,91.0
9.0,8.0,9.0,Medium,Central Kenya.,NTD $1800/16 ounces,91.0
9.0,8.0,9.0,Medium-Light,"Sidamo (also Sidama) growing region, southern Ethiopia.",$450 NTD/100 grams,93.0
9.0,9.0,9.0,Medium,"Yirgacheffe growing region, southern Ethiopia.",NTD $1000/16 ounces,94.0
9.0,9.0,10.0,Medium,Central Kenya.,NTD$ 1600 / 16 ounces,95.0
8.0,8.0,9.0,Medium-Light,"Valle de Cauca Department, southwestern Colombia.",$14.95/12 ounces,91.0
8.0,9.0,9.0,Medium-Light,"Wahgi Valley, Western Highlands, Papua New Guinea.",$13.95/12 ounces,92.0
8.0,8.0,7.0,Medium,"Valle del Cauca Department, Colombia.",$15.91/12 ounces,87.0
8.0,8.0,8.0,Medium,"San Ignacio, northern Peru.",,88.0
8.0,8.0,8.0,Medium,"Oaxaca State, Mexico.",,88.0
7.0,8.0,8.0,Medium-Dark,"Jinotega growing region, north-central Nicaragua.",$14.57/16 ounces,88.0
8.0,9.0,8.0,Medium-Light,"Gikongoro, Nyamagabe region, southern Rwanda.",,89.0
8.0,8.0,8.0,Medium-Light,"Gikongoro, Nyamagabe region, southern Rwanda.",$14.00/12 ounces,89.0
9.0,8.0,9.0,Medium-Light,"Sidama (also Sidamo) growing region, southern Ethiopia.",,91.0
9.0,8.0,9.0,Medium-Light,"Antigua growing region, south-central Guatemala.",$14.95/12 ounces,92.0
9.0,8.0,9.0,Medium-Light,"Aleta Wondo, Sidama (also Sidamo) growing region, southern Ethiopia.",,93.0
10.0,9.0,9.0,Medium-Light,"Valle del Cauca growing region, Colombia.",,95.0
9.0,9.0,9.0,Medium-Light,"Aleta Wondo, Sidama (also Sidamo) growing region, southern Ethiopia.",,95.0
9.0,8.0,9.0,Medium,"Rulindo District, northern Rwanda.",$14.50/12 ounces,92.0
8.0,8.0,9.0,Medium-Light,"Chichontepec growing region, El Salvador.",$14.36/12 ounces,91.0
8.0,8.0,8.0,Medium-Light,Northern Thailand.,US $15.00/8 ounces,90.0
8.0,9.0,9.0,Medium-Light,"Lintong growing region, northern Sumatra, Indonesia.",$14.25/12 ounces,92.0
9.0,9.0,9.0,Medium-Light,"Nyeri County, central Kenya.",$19.95/12 ounces,94.0
9.0,8.0,9.0,Medium-Light,"Nyeri growing region, south-central Kenya.",$15.70/12 ounces,93.0
9.0,8.0,10.0,Medium-Light,"Gedeo Zone, Yirgacheffe growing region, southern Ethiopia.",$16.00/12 ounces,93.0
9.0,8.0,9.0,Medium,"Lintong growing region, northern Sumatra, Indonesia.",$13.95/12 ounces,93.0
8.0,8.0,8.0,Medium-Light,"Valle de Cauca Department, western Colombia",$14.99/16 ounces,90.0
9.0,8.0,8.0,Medium,Not disclosed.,$15.99/16 ounces,91.0
9.0,9.0,9.0,Medium-Light,"Boke, Gamo Gofa Zone, Southern Ethiopia.",$17.50/12 ounces,94.0
9.0,7.0,9.0,Light,"Francisco Morazán Department, central Honduras.",$14.25/12 ounces,91.0
9.0,8.0,9.0,Light,"Palencia, central Guatemala.",$20.46/12 ounces,92.0
9.0,8.0,9.0,Medium-Light,"Yirgacheffe growing region, south-central Ethiopia.",$14.50/12 ounces,93.0
8.0,8.0,9.0,Light,"Tarrazu growing region, Costa Rica.",$18.72/12 ounces,93.0
9.0,9.0,9.0,Medium,"Yirgacheffe growing region, southern Ethiopia.",$14.00/12 ounces,94.0
9.0,9.0,9.0,Medium-Light,"Nyeri County, Central Highlands, Kenya.",,94.0
9.0,9.0,10.0,Light,"Konga District, Yirgacheffe growing region, southern Ethiopia.",$17.82/12 ounces,94.0
8.0,8.0,8.0,Medium-Light,"Murang’a County, Central Kenya.",$18.00/12 ounces,90.0
8.0,8.0,8.0,Medium-Dark,"Nyeri County, central Kenya.",$17.00/12 ounces,90.0
8.0,8.0,9.0,Medium,"Yirgacheffe growing region, southern Ethiopia.",$9.00 / 8 ounces,92.0
9.0,9.0,9.0,Medium-Light,"Boquete growing region, western Panama.",$18.00/16 ounces,93.0
9.0,9.0,9.0,Medium-Light,"Silla Del Pando, Volcan, Panama.","KRW 50,000/200 grams",94.0
9.0,9.0,9.0,Medium-Light,"Tarrazu growing region, central Costa Rica.",HK $178/200 grams,94.0
10.0,8.0,9.0,Medium-Light,"Boquete growing region, western Panama.",NT$ 480/8 ounces,94.0
9.0,8.0,9.0,Medium-Light,"San Luis de Grecia, central Costa Rica.",$17.90/12 ounces,94.0
9.0,8.0,9.0,Light,"Volcan growing region, western Panama.",$18.00/8 ounces,94.0
9.0,9.0,9.0,Light,"Matagalpa growing region, Nicaragua.",$16.50/12 ounces,94.0
9.0,9.0,9.0,Medium-Light,"Boquete growing region, western Panama.",$18.00/12 ounces,94.0
10.0,9.0,10.0,Medium-Light,"Boquete growing region, western Panama.",$49.95/8 ounces,97.0
8.0,9.0,9.0,Medium-Light,"Santa Ana Region, El Salvador.",$14.99/12 ounces,92.0
9.0,9.0,9.0,Medium-Light,"Amaro region, southern Ethiopia.",$18.00/12 ounces,93.0
9.0,9.0,9.0,Light,"Valle del Cauca growing region, Colombia.",$20.00/8 ounces,93.0
8.0,8.0,9.0,Light,"Ka'u growing district, ""Big Island"" of Hawaii.",$20.00/8 ounces,92.0
9.0,9.0,9.0,Medium,"Lintong growing region, northern Sumatra, Indonesia.",$17.50/12 ounces,94.0
9.0,8.0,10.0,Medium-Light,"Yirgacheffe growing region, southern Ethiopia.","KRW$10,500/100 grams",94.0
9.0,8.0,9.0,Medium-Light,"Silla Del Pando, Volcan, Panama.",RMB 235/125 g,94.0
8.0,8.0,8.0,Dark,South-central Kenya.,$11.99/10 single-serve capsules,90.0
8.0,8.0,9.0,Medium-Dark,Colombia; Indonesia; Ethiopia.,,92.0
8.0,8.0,9.0,Medium,"Nyeri growing region, south-central Kenya.",$13.99/12 ounces,91.0
8.0,9.0,9.0,Medium,Brazil; Ethiopia; Colombia.,,93.0
8.0,9.0,9.0,Medium,"Aceh growing region, northwestern Sumatra, Indonesia.",$19.95/12 ounces,91.0
9.0,9.0,9.0,Medium-Light,"Vera Cruz growing region, Mexico.",$14.95/12 ounces,92.0
9.0,9.0,9.0,Medium-Dark,Hawaiian Islands.,$29.95/12 ounces,93.0
9.0,8.0,9.0,Dark,Not disclosed.,$11.25/12 ounces,91.0
9.0,8.0,8.0,Medium-Dark,Not disclosed.,TWD $700/454 grams,90.0
9.0,9.0,9.0,Medium-Light,"Cerro El Tigre, El Salvador.",$14.50/12 ounces,93.0
9.0,9.0,9.0,Medium-Light,"Yirgacheffe growing region, southern Ethiopia.",TWD $1000/554 grams,93.0
9.0,9.0,9.0,Medium-Dark,"Apaneca, Ataco, El Salvador.",$15.95/12 ounces,94.0
9.0,8.0,9.0,Light,"Yirgacheffe growing district, southern Ethiopia.",NTD $800/ 8 ounces,93.0
9.0,9.0,9.0,Medium,Central Kenya.,$16.99/16 ounces,93.0
8.0,9.0,9.0,Medium-Light,"La Libertad, Huehuetenango, Guatemala.",$18.00/12 ounces,93.0
8.0,9.0,9.0,Medium-Light,"San Ignacio Acosta, Tarrazu growing region, central Costa Rica.",$17.50/12 ounces,93.0
9.0,8.0,9.0,Medium-Light,"Yirgacheffe growing region, southern Ethiopia.",$19.00/16 ounces,91.0
9.0,9.0,9.0,Medium-Light,"Yirgacheffe growing region, southern Ethiopia.",$14.95/12 ounces,93.0
8.0,9.0,9.0,Medium-Light,"Murang’a County, central Kenya.",$18.50/12 ounces,94.0
9.0,9.0,9.0,Light,Southern and/or western Ethiopia.,"KRW 95,000/100 grams",94.0
9.0,9.0,10.0,Medium-Light,"Boke, Gamo Gofa Zone, Southern Ethiopia.",$17.00/12 ounces,95.0
8.0,9.0,9.0,Medium-Light,South-central Kenya.,$19.95/12 ounces,92.0
8.0,9.0,9.0,Medium-Light,"Yirgacheffe growing district, southern Ethiopia.",$16.85/12 ounces,93.0
9.0,9.0,9.0,Medium-Light,South-central Kenya.,$19.95/12 ounces,94.0
9.0,9.0,9.0,Medium,"Boquete growing region, western Panama.",$18.00/12 ounces,93.0
9.0,9.0,9.0,Medium-Light,"Aleta Wondo, Sidama growing region, Ethiopia.",$15.00/12 ounces,92.0
8.0,8.0,8.0,Medium-Light,"Ka'anapali, Maui, Hawaii.",CAD $15.95/12 ounces,90.0
8.0,8.0,8.0,Medium-Light,"Waialua, Oahu, Hawaii.",$17.50/8 ounces,90.0
8.0,9.0,9.0,Medium,"Kona growing region, “Big Island” of Hawaii.",$27.40/7 ounces,91.0
9.0,9.0,9.0,Medium,"Kona growing region, “Big Island” of Hawaii.",$35.00/8 ounces,92.0
9.0,8.0,9.0,Medium-Light,"Puna District, ""Big Island"" of Hawaii.",$18.00/8 ounces,92.0
8.0,9.0,9.0,Medium-Light,"Holualoa, North Kona growing district, “Big Island” of Hawaii.",$32.95/8 ounces,92.0
9.0,9.0,9.0,Medium-Light,"Bungoma region, western Kenya.",$17.75/12 ounces,95.0
9.0,9.0,9.0,Medium-Light,"Yirgacheffe growing region, south-central Ethiopia.",$13.75/12 ounces,93.0
9.0,8.0,9.0,Medium-Light,South America; Africa.,$12.75/12 ounces,93.0
9.0,8.0,9.0,Medium-Light,"Kochere, Yirgacheffe growing region, south-central Ethiopia.",$18.99/12 ounces,94.0
10.0,9.0,10.0,Medium,"Northern Sumatra, Indonesia",$17.99/12 ounces,96.0
8.0,8.0,9.0,Light,"Antioquia Department, central northwest Colombia.",$14.75/12 ounces,92.0
8.0,9.0,9.0,Medium-Light,"West Valley growing region, Costa Rica.",$14.50/12 ounces,92.0
9.0,8.0,9.0,Medium-Light,"Minas Gerais State, Brazil; West Valley growing region, Costa Rica.",$15.00/16 ounces,93.0
9.0,9.0,9.0,Medium,South-central Kenya.,$14.50/12 ounces,94.0
10.0,9.0,9.0,Medium-Light,"Elida Estate, western Panama.",$25.99/12 ounces,95.0
9.0,8.0,8.0,Medium-Light,"Antioquia Department, central northwest Colombia.",$14.55/12 ounces,91.0
,7.0,8.0,,Not disclosed.,$3.96/12 fluid ounces,88.0
,8.0,8.0,,Not disclosed.,$3.49/12 fluid ounces,88.0
,8.0,8.0,,Not disclosed.,$3.50/10.5 fluid ounces,89.0
,8.0,8.0,,Not disclosed.,$3.79/12 fluid ounces,90.0
,8.0,9.0,,"Bukeye Commune, Muramvye Province, Burundi.",$14.50/32 fluid ounces,91.0
8.0,8.0,9.0,Medium-Light,"Upper Asaro Valley, Eastern Papua New Guinea.",$14.98/12 ounces,92.0
9.0,8.0,9.0,Medium,"Mamasa growing region, south-central Sulawesi, Indonesia",$13.00/12 ounces,91.0
9.0,8.0,9.0,Medium,"Eastern Highlands Province, Papua New Guinea",$11.99/12 ounces,91.0
8.0,8.0,9.0,Light,"Toraja growing region, south-central Sulawesi, Indonesia.",$14.99/12 ounces,91.0
8.0,8.0,8.0,Medium-Light,"Wahgi Valley, Western Highlands, Papua New Guinea.",$12.75/12 ounces,90.0
8.0,8.0,8.0,Medium,"Santander Department, Colombia.",$11.99/12 ounces,89.0
8.0,8.0,8.0,Medium,"Inza Municipality, Cauca Province, southwestern Colombia.",$30.00/24 ounces,90.0
8.0,9.0,8.0,Medium-Dark,Not disclosed,$10.75/12 ounces,92.0
9.0,8.0,9.0,Medium-Light,"Kochere, Yirgacheffe growing region, southern Ethiopia.",$22.00/16 ounces,93.0
9.0,9.0,9.0,Medium,"Mogiana Region, Minas Gerais State, Brazil.",$12.95/12 ounces,94.0
7.0,8.0,8.0,Medium,"Tarrazu growing region, Costa Rica.",$14.99/16 ounces,88.0
9.0,8.0,9.0,Medium-Light,"Yirgacheffe growing region, south-central Ethiopia.",$14.50/12 ounces,94.0
8.0,9.0,9.0,Medium-Light,"Agua Dulce, Huehuetenango growing region, Guatemala.",$16.45/12 ounces,92.0
9.0,8.0,9.0,Medium-Light,"Valle del Cauca Department, Colombia.",$38.45/12 ounces,92.0
8.0,8.0,9.0,Medium,"Vera Cruz growing region, Mexico.",$12.00/8 ounces,90.0
8.0,8.0,9.0,Medium-Light,"Kayanza Province, northern Burundi.",$18.75/12 ounces,92.0
8.0,8.0,9.0,Light,"Jimma Zone, Oromia Region, southwestern Ethiopia.",£6.50/250 grams,91.0
8.0,8.0,9.0,Light,"Nyeri growing region, south-central Kenya.",£7.00/250 grams,91.0
9.0,8.0,8.0,Light,"Rusizi District, western Rwanda.",£5.50/250 grams,91.0
9.0,8.0,9.0,Medium-Light,"Minas Gerais State, Brazil.",$16.00/12 ounces,92.0
9.0,8.0,9.0,Light,"Matas de Minas growing region, Minas Gerais State, Brazil.",$17.50/12 ounces,93.0
8.0,8.0,8.0,Medium-Light,"Santa Barbara Department, Honduras.",$17.00/12 ounces,90.0
9.0,8.0,9.0,Medium-Light,"Yirgacheffe growing region, south-central Ethiopia.",$18.00/12 ounces,92.0
9.0,9.0,10.0,Medium-Light,"Celinga Village, Yirgacheffe growing region, southern Ethiopia.",$16.50/12 ounces,95.0
9.0,9.0,9.0,Medium-Light,"Celinga Village, Yirgacheffe growing region, southern Ethiopia.",$16.50/12 ounces,94.0
9.0,8.0,9.0,Medium,South-central Kenya.,$13.99/12 ounces,93.0
8.0,8.0,8.0,Medium,"San Agustín growing region, Huila Department, southern Colombia",$9.99/12 ounces,90.0
8.0,8.0,8.0,Medium-Dark,"Lintong growing region, northern Sumatra, Indonesia.",$11.99,90.0
8.0,7.0,8.0,Medium,Southern Peru,$11.99/12 ounces,88.0
8.0,8.0,8.0,Medium,"Santa Maria de Dota valley, Tarrazu growing region, Costa Rica.",$9.99/12 ounces,88.0
9.0,8.0,9.0,Medium-Light,"Cauca Department, southwestern Colombia.",$14.00/12 ounces,92.0
9.0,8.0,9.0,Medium-Light,Brazil; Ethiopia,$16.00/16 ounces,93.0
9.0,8.0,9.0,Light,"Nyamasheke region, Rwanda.",$17.00/12 ounces,93.0
9.0,8.0,9.0,Medium,"Kirambo, Karongi District, Rwanda.",$14.50/12 ounces,93.0
9.0,9.0,9.0,Medium-Light,"Nyamyumba region, Rwanda.","KRW 32,000/500 grams",93.0
9.0,8.0,9.0,Medium-Light,"Karongi District, western Rwanda.",$14.50/12 ounces,93.0
9.0,9.0,9.0,Medium,"Kirambo, Karongi District, Rwanda.",$16.00/12 ounces,93.0
9.0,8.0,9.0,Medium,"Nyamagabe region, Rwanda.",$18.00/16 ounces,92.0
9.0,8.0,9.0,Medium-Light,"Central Bali, Indonesia",$13.99/12 ounces,91.0
9.0,8.0,9.0,Medium-Light,"Sidamo (also Sidama) growing region, southern Ethiopia.",$10.00/8 ounces,91.0
9.0,9.0,9.0,Medium-Light,"Yirgacheffe growing region, south-central Ethiopia.",$19.50/12 ounces,94.0
8.0,8.0,8.0,Medium,"Copan Department, Honduras.",$16.99/16 ounces,89.0
8.0,8.0,8.0,Medium,"Matengo Highlands, Ruvuma Region, southwestern Tanzania.",$16.99/16 ounces,90.0
8.0,8.0,9.0,Medium,"Garzon growing region, Huila Department, southern Colombia.",$16.99/16 ounces,91.0
9.0,8.0,9.0,Light,"Kayanza Province, northern Burundi.",$12.25/12 ounces,92.0
8.0,8.0,9.0,Medium-Light,"Kalehe, Southern Kivu, Democratic Republic of the Congo.",$15.75/12 ounces,92.0
8.0,8.0,9.0,Medium,"Mbeya growing region, southern Tanzania.",$9.00/6 ounces,91.0
9.0,8.0,9.0,Light,"Guji Zone, Sidama Province, southern Ethiopia.",$14.99/12 ounces,92.0
9.0,9.0,9.0,Medium,Not disclosed.,$15.75/12 ounces,94.0
8.0,8.0,9.0,Medium-Light,"Nyamyumba region, Rwanda.",$19.00/12 ounces,91.0
9.0,9.0,9.0,Medium,"Valle del Cauca growing region, Colombia.",$20.00/150 grams,95.0
9.0,9.0,9.0,Medium-Light,"Valle del Cauca growing region, Colombia.",$15.35/12 ounces,94.0
9.0,9.0,9.0,Medium-Light,"Herrera, Tolima Department, west-central Colombia.",$19.50/12 ounces,94.0
9.0,8.0,9.0,Medium-Light,"San Agustín growing region, Huila Department, southern Colombia",$17.00/12 ounces,93.0
9.0,8.0,9.0,Medium-Light,"Huila Department, southwestern Colombia.",$19.95/10 ounces,93.0
8.0,9.0,9.0,Medium-Light,"Valle del Cauca growing region, Colombia.",$15.75/12 ounces,93.0
9.0,8.0,9.0,Medium-Light,"Narino Department, southern Colombia",$16.38/12 ounces,92.0
8.0,8.0,9.0,Medium-Light,"Tolima Department, central Colombia",$18.00/12 ounces,92.0
9.0,8.0,9.0,Medium-Light,"Huila Department, southwestern Colombia.",$12.95/12 ounces,92.0
9.0,8.0,9.0,Medium-Light,"Narino Department, southern Colombia",$12.00/12 ounces,92.0
8.0,8.0,9.0,Medium-Light,"Sul de Minas growing region, southern Minas Gerais State, Brazil.",$15.50/12 ounces,91.0
9.0,9.0,10.0,Medium-Light,"Guji Zone, Oromia Region, Sidama Province, Ethiopia.",$17.99/12 ounces,95.0
8.0,8.0,9.0,Medium,"Nyamyumba region, Rwanda.",$16.00/12 ounces,91.0
8.0,9.0,9.0,Medium-Light,"Yirgacheffe growing region, south-central Ethiopia.",TWD $450/100 grams,94.0
8.0,9.0,9.0,Medium,"Carmo de Minas growing region, Minas Gerais State, Brazil",$13.50/12 ounces,92.0
9.0,8.0,9.0,Medium-Light,"Pocos de Caldas, Minas Gerais State, Brazil.",$12.99/16 ounces,92.0
9.0,8.0,9.0,Medium,"Mantiqeiras de Minas growing region, Minas Gerais State, Brazil.",$13.88/12 ounces,92.0
9.0,8.0,9.0,Medium-Light,"Matas de Minas growing region, Minas Gerais State, Brazil.",$16.50/12 ounces,92.0
9.0,8.0,9.0,Light,"Sao Sebastiao da Grama, Sao Paulo state, south-central Brazil.",$12.00/8 ounces,92.0
8.0,9.0,9.0,Medium,"Carmo de Minas growing region, Minas Gerais State, Brazil",$18.00/12 ounces,92.0
8.0,8.0,9.0,Light,"Cerrado growing region, Minas Gerais State, Brazil.",$14.25/12 ounces,91.0
9.0,8.0,9.0,Medium-Dark,South America; Central America; Indonesia.,$10.99/12 ounces,91.0
8.0,8.0,9.0,Medium-Light,Mexico; Ethiopia.,$9.95/12 ounces,91.0
8.0,8.0,8.0,Medium-Dark,Eastern Java; Indonesia.,$16.99/16 ounces,89.0
9.0,8.0,9.0,Light,"Yirgacheffe growing region, south-central Ethiopia.",$13.75/12 ounces,94.0
8.0,8.0,9.0,Medium-Light,"Sidamo growing region, southern Ethiopia.",$16.75/12 ounces,92.0
8.0,8.0,8.0,Very Dark,Not disclosed.,$11.99/10 single-serve capsules,88.0
8.0,8.0,8.0,Very Dark,South-central Kenya.,$11.99/10 single-serve capsules,90.0
8.0,8.0,8.0,Medium-Light,Not disclosed.,$13.99/12 ounces,90.0
8.0,9.0,9.0,Medium,South-central Kenya.,$13.99/12 ounces,92.0
8.0,8.0,9.0,Medium-Light,"Palanda, Loja Province, souther Ecuador.",$16.95/12 ounces,90.0
8.0,8.0,9.0,Light,"Tolima Department, central Colombia",$13.50/12 ounces,91.0
9.0,8.0,9.0,Medium-Light,"Lintong growing region, North Sumatra, Indonesia.",$13.95/12 ounces,91.0
8.0,9.0,9.0,Medium,"Rubavu-Rutsiro, Rwanda.",$18.25/12 ounces,92.0
9.0,9.0,9.0,Medium,"Nyeri growing region, south-central Kenya.",$16.95/12 ounces,96.0
9.0,9.0,9.0,Medium-Light,"Yirgacheffe growing region, south-central Ethiopia.",$15.99/12 ounces,93.0
9.0,8.0,9.0,Dark,Ethiopia; Brazil; Indonesia.,$14.50/12 ounces,91.0
9.0,8.0,10.0,Light,"Gedeo Zone, Yirgacheffe growing region, southern Ethiopia.",$14.99/12 ounces,95.0
8.0,8.0,9.0,Medium,"Huehuetenango growing region, Guatemala.",$15.00/12 ounces,91.0
9.0,8.0,9.0,Medium-Light,"Huila Department, southwestern Colombia.",$16.00/12 ounces,92.0
8.0,9.0,9.0,Medium-Light,"La Perla, Pichincha Province, Ecuador.",$23.00/12 ounces,93.0
9.0,8.0,9.0,Light,"Toraja growing region, South Sulawesi, Indonesia",$15.95/12 ounces,92.0
7.0,9.0,7.0,Medium-Dark,Guatemala,$20.00/24 ounces,87.0
8.0,8.0,9.0,Medium-Dark,Not disclosed.,$25.00/16 ounces,90.0
8.0,9.0,8.0,Medium-Light,"Lengupá Province, central Colombia.",$20.00/24 ounces,90.0
9.0,9.0,9.0,Medium,Taiwan,NT $1400/8 ounces,93.0
8.0,9.0,9.0,Medium,Not disclosed.,$14.99/16 ounces,92.0
8.0,9.0,9.0,Medium-Light,Ethiopia; Kenya.,"KRW 35,000/500 grams",92.0
9.0,8.0,9.0,Medium,"Yirgacheffe growing region, southern Ethiopia; Kenya; Mandheling growing region of Sumatra, Indonesia; other undisclosed origins.",NT $400/8 ounces,92.0
9.0,8.0,9.0,Medium-Light,Kenya; Ethiopia.,NT $460/8 ounces,92.0
8.0,8.0,9.0,Medium,Brazil; Ethiopia; El Salvador.,$16.00/12 ounces,91.0
8.0,8.0,9.0,Medium-Light,"Yirgacheffe growing region, Ethiopia; Toraja growing region, Sulawesi, Indonesia; Costa Rica.",NT $450/8 ounces,91.0
8.0,8.0,9.0,Medium-Light,Ethiopia; Kenya.,$18.00/12 ounces,91.0
8.0,8.0,9.0,Medium-Light,Not disclosed,$14.50/12 ounces,91.0
9.0,8.0,9.0,Medium-Light,Not disclosed.,$14.10/12 ounces,91.0
9.0,8.0,9.0,Medium-Light,"San Pedro Necta, Huehuetenango growing region, Guatemala.",$18.00,93.0
9.0,8.0,9.0,Medium-Light,"Yirgacheffe growing region, south-central Ethiopia.",$17.00/12 ounces,94.0
9.0,8.0,9.0,Medium-Light,"Chalatenango, El Salvador",$19.00/12 ounces,94.0
9.0,8.0,9.0,Medium-Dark,Peru; Ethiopia.,CAD $15.00/12 ounces,91.0
8.0,7.0,8.0,Very Dark,Tanzania,$11.99/10 single-serve capsules,88.0
9.0,8.0,10.0,Medium,"Nyeri growing region, south-central Kenya.",$16.00/12 ounces,95.0
9.0,9.0,9.0,Medium-Dark,Not disclosed.,NT $1000/16 ounces,93.0
9.0,8.0,9.0,Medium-Light,"Borena Zone, Yirgacheffe growing region, souther Ethiopia.",$16.00/12 ounces,92.0
9.0,8.0,9.0,Medium-Light,"Coban growing region, Guatemala.",$16.00/12 ounces,92.0
8.0,8.0,9.0,Medium,Brazil; Guatemala; Ethiopia.,$16.00/12 ounces,92.0
10.0,8.0,10.0,Medium,"Yirgacheffe growing region, southern Ethiopia.",NT $1000/16 ounces,96.0
8.0,8.0,8.0,Medium-Light,"Huila Department, southern Colombia.",$10.99/12 ounces,89.0
,9.0,8.0,Medium-Light,"Yirgacheffe growing region, southern Ethiopia.",$20.00/12 ounces,93.0
9.0,9.0,8.0,Medium-Dark,Central America; South America.,RMB $79/25 grams,91.0
8.0,8.0,9.0,Medium-Light,"Western Highlands, Papua New Guinea; Huehuetenango, Guatemala.",$16.50/12 ounces,92.0
8.0,8.0,9.0,Medium-Dark,"Aceh growing region, northwestern Sumatra, Indonesia.",NT $600/16 ounces,91.0
9.0,9.0,9.0,Light,"Sidamo (also Sidama) growing region, southern Ethiopia.",NT $650/16 ounces,94.0
9.0,8.0,9.0,Medium-Light,"Yirgacheffe growing region, southern Ethiopia.",$14.50/12 ounces,93.0
9.0,8.0,9.0,Medium-Light,"Nyeri growing region, south-central Kenya.",$20.45/12 ounces,93.0
9.0,9.0,9.0,Light,"Yirgacheffe growing region, Gedeo Zone, southern Ethiopia.","KRW 15,000/100 grams",95.0
9.0,8.0,9.0,Light,"Sidamo (also Sidama) growing region, southern Ethiopia.",$16.95/12 ounces,92.0
9.0,8.0,9.0,Medium-Light,South-central Kenya,$17.50/12 ounces,93.0
8.0,9.0,9.0,Light,"Central Bali, Indonesia",$15.95/12 ounces,90.0
9.0,8.0,10.0,Medium,"Bungoma region, western Kenya.",$14.50/12 ounces,95.0
10.0,9.0,10.0,Light,"Silla Del Pando, Volcan, Panama.",$72.45/12 ounces,96.0
9.0,8.0,9.0,Medium-Light,"Yirgacheffe growing region, southern Ethiopia.",$15.75/12 ounces,94.0
9.0,9.0,9.0,Medium-Light,"Central Kenya; Toraja growing region, southwestern Sulawesi, Indonesia.",$17.00/16 ounces,95.0
9.0,8.0,9.0,Medium-Light,"Boquete growing region, western Panama",$49.95/8 ounces,94.0
9.0,8.0,9.0,Medium-Light,"Central Valley growing region, Costa Rica; Huila Province, Colombia.",$17.25/12 ounces,93.0
9.0,9.0,9.0,Medium,"Sidama and Yirgacheffe regions, Ethiopia.",$14.95/12 ounces,93.0
9.0,8.0,9.0,Light,"Northern Sumatra, Indonesia",$13.00/8 ounces,93.0
9.0,8.0,9.0,Medium-Light,Not disclosed,$14.50/12 ounces,92.0
9.0,8.0,9.0,Medium-Light,Not disclosed.,"KRW 10,000/100 grams",92.0
9.0,8.0,9.0,Medium-Light,"Northern Sumatra, Indonesia",E 50.00/250 grams,92.0
8.0,9.0,9.0,Medium-Dark,Not disclosed.,$8.70/12 ounces,92.0
9.0,8.0,9.0,Medium,Central Kenya.,$18.00/12 ounces,92.0
10.0,8.0,10.0,Medium-Light,"Boquete growing region, western Panama",$60.00/8 ounces,96.0
9.0,8.0,9.0,Medium,"Yirgacheffe growing region, southern Ethiopia.",$13.99/8 ounces,92.0
8.0,8.0,8.0,Medium,"Kona growing region, Big Island of Hawaii.",$45.00/16 ounces,90.0
8.0,8.0,8.0,Medium,Not disclosed.,$12.99/16 ounces,88.0
8.0,8.0,8.0,Medium-Dark,"Northern Sumatra, Indonesia",$14.99/16 ounces,89.0
8.0,7.0,9.0,Medium-Dark,Not disclosed.,$14.99/16 ounces,90.0
9.0,8.0,9.0,Medium-Light,"Nyeri growing region, south-central Kenya.",$17.99,94.0
9.0,8.0,9.0,Medium-Light,"Ruvuma growing region, southwestern Tanzania.",NT $500/16 ounces,92.0
8.0,9.0,9.0,Medium-Light,"Nyeri growing region, south-central Kenya.",$31.50/12 ounces,92.0
9.0,9.0,9.0,Medium-Light,"Chimaltenango Department, Guatemala.",$13.99/12 ounces,93.0
9.0,9.0,9.0,Medium,Not disclosed.,$13.99/16 ounces,94.0
9.0,9.0,9.0,Medium-Light,"Sidamo (also Sidama) growing region, southern Ethiopia.",$13.99/12 ounces,94.0
9.0,8.0,9.0,Medium,"Thika Plateau, central Kenya.",$29.00/12 ounces,92.0
8.0,9.0,9.0,Medium-Dark,Not disclosed.,$14.25/12 ounces,93.0
9.0,8.0,9.0,Medium,"Yirgacheffe growing region, southern Ethiopia.",NT $1000/16 ounces,94.0
9.0,9.0,9.0,Medium-Light,"Konga District, Yirgacheffe growing region, southern Ethiopia.",$14.95/12 ounces,93.0
9.0,8.0,9.0,Medium,"Wahgi Valley, central Papua New Guinea.",$12.95/12 ounces,93.0
9.0,9.0,9.0,Medium-Light,Central Kenya.,$17.00/12 ounces,94.0
8.0,8.0,9.0,Light,"Silla Del Pando, Volcan, Panama.",$43.45/12 ounces,92.0
8.0,8.0,8.0,Very Dark,"Central Blue Mountains, eastern Jamaica.",$32.99/16 K-Cups,89.0
8.0,7.0,8.0,Medium,"Central Blue Mountains, eastern Jamaica.",$24.99/10 ounces,89.0
8.0,7.0,8.0,Very Dark,"Kona growing region, ""Big Island"" of Hawaii.",$32.99/16 K-Cups,89.0
8.0,8.0,8.0,Medium,"Kona growing region, ""Big Island"" of Hawaii.",$24.99/10 ounces,90.0
8.0,9.0,9.0,Medium-Light,"Yirgacheffe growing region, southern Ethiopia.",$15.95/12 ounces,92.0
8.0,8.0,9.0,Medium-Light,"Palencia, south-central Guatemala.",$15.50/12 ounces,93.0
9.0,9.0,9.0,Medium,"Sidamo (also Sidama) growing region, southern Ethiopia.",$65.00/12 ounces,95.0
9.0,9.0,9.0,Medium-Light,"Yirgacheffe growing region, southern Ethiopia.",$12.10/12 ounces,94.0
9.0,9.0,9.0,Medium-Light,"Gedeo Zone, Yirgacheffe growing region, southern Ethiopia.",$16.30/12 ounces,94.0
9.0,8.0,9.0,Light,"Sidamo (also Sidama) growing region, southern Ethiopia.",$28.95/12 ounces,93.0
8.0,9.0,9.0,Light,"Yirgacheffe growing region, southern Ethiopia.",$18.00/16 ounces,93.0
9.0,8.0,9.0,Medium-Light,"Yirgacheffe growing region, southern Ethiopia.",HK $200/500 grams,93.0
9.0,9.0,9.0,Medium,"Gedeo Zone, Yirgacheffe growing region, southern Ethiopia.",$21.50/16 ounces,93.0
9.0,8.0,9.0,Medium-Light,"Yirgacheffe growing region, southern Ethiopia.",$16.99/12 ounces,93.0
9.0,8.0,9.0,Medium-Light,"Gedeo Zone, Yirgacheffe growing region, southern Ethiopia.",$15.75/12 ounces,92.0
8.0,8.0,9.0,Medium-Light,"Sidamo (also Sidama) growing region, southern Ethiopia.",$12.00/8 ounces,92.0
9.0,8.0,9.0,Medium-Light,"Silla Del Pando, Volcan, Panama.","KRW 35,000/100 grams",94.0
9.0,9.0,9.0,Medium,"Holualoa, North Kona growing district, Hawaii.",$59.95/16 ounces,93.0
9.0,8.0,9.0,Light,"Santa Ana growing region, El Salvador.",$14.99/12 ounces,93.0
9.0,9.0,9.0,Medium,"Yirgacheffe growing region, southern Ethiopia.",$16.00/12 ounces,93.0
9.0,8.0,9.0,Light,"Sidikalang growing district, northern Sumatra, Indonesia.",NT $800/200 grams,92.0
8.0,8.0,9.0,Light,"Palencia, south-central Guatemala.",$18.00/12 ounces,92.0
9.0,8.0,9.0,Medium,"Gedeo Zone, Yirgacheffe growing region, southern Ethiopia.",$16.00/12 ounces,92.0
9.0,8.0,9.0,Medium-Light,Southern Ethiopia.,$14.95/8 ounces,92.0
9.0,8.0,9.0,Medium,"Eastern slopes of Volcan Baru, western Panama.",$19.00/12 ounces,92.0
9.0,8.0,9.0,Medium,"Central Valley, Costa Rica.",$17.50/12 ounces,92.0
9.0,9.0,9.0,Medium,"Lintong growing region, North Sumatra, Indonesia.",$16.50/12 ounces,94.0
9.0,9.0,8.0,Medium-Light,Rwanda,NT $550/16 ounces,91.0
8.0,8.0,9.0,Medium-Dark,Not disclosed.,$13.99/12 ounces,90.0
9.0,9.0,9.0,Medium-Light,"Santa Barbara Department, Honduras.",$16.50/12 ounces,93.0
9.0,9.0,9.0,Medium-Light,"Holualoa, North Kona growing district, Hawaii.",$35.95/8 ounces,94.0
9.0,9.0,9.0,Medium-Light,"Silla Del Pando, Volcan, Panama.","KRW 35,000/100 grams",94.0
8.0,8.0,8.0,Very Dark,"Yirgacheffe growing region, southern Ethiopia.",$15.56/24 RealCup capsules,89.0
8.0,8.0,9.0,Medium-Light,"Huehuetenango growing region, Guatemala.","NT $2,000/8 ounces",92.0
9.0,8.0,9.0,Medium-Light,"Yirgacheffe growing region, southern Ethiopia.",$16.99/12 ounces,92.0
8.0,9.0,9.0,Medium,Brazil; Rwanda.,NT $900/454 grams,92.0
8.0,9.0,9.0,Light,"Santa Ana Region, El Salvador.",$15.00/12 ounces,93.0
9.0,9.0,9.0,Medium,"Nyeri growing region, south-central Kenya.",$20.75/12 ounces,93.0
9.0,9.0,9.0,Light,"Yirgacheffe growing region, southern Ethiopia.",$15.00/12 ounces,94.0
8.0,8.0,7.0,Medium-Dark,"Artibonite growing region, Haiti.",$14.99/12 ounces,87.0
8.0,8.0,9.0,Medium,"Huehuetenango growing region, Guatemala.",$13.50/12 ounces,91.0
8.0,9.0,9.0,Medium-Light,"Haraz (also spelled Haraaz) growing region, north-central Yemen",$19.99/8 ounces,92.0
9.0,9.0,9.0,Medium-Light,"Northern Sumatra, Indonesia",$13.99/12 ounces,93.0
9.0,9.0,9.0,Medium,"Sidamo (also Sidama) growing region, southern Ethiopia.",$13.50/12 ounces,94.0
10.0,8.0,9.0,Medium,"Karimikui growing region, central Kenya.",$14.50/12 ounces,95.0
9.0,9.0,9.0,Medium-Light,"Palencia, central Guatemala.",$19.95/12 ounces,93.0
8.0,8.0,9.0,Medium,"Yirgacheffe growing region, southern Ethiopia.",$19.50/12 ounces,91.0
9.0,8.0,9.0,Medium,"Silla Del Pando, Volcan, Panama.",$65.00/12 ounces,95.0
9.0,8.0,9.0,Medium-Light,"Antigua Valley, Guatemala.",$13.50/12 ounces,93.0
9.0,8.0,9.0,Medium-Light,"Huehuetenango growing region, Guatemala.",$15.95/12 ounces,93.0
9.0,8.0,9.0,Medium,"Huehuetenango growing region, Guatemala.",NTD $1800/8 ounces,93.0
9.0,8.0,9.0,Medium-Light,"Antigua Valley, Guatemala.",$12.00/12 ounces,92.0
9.0,8.0,9.0,Medium-Light,"El Quiche Department, south central Guatemala",$14.00/16 ounces,91.0
8.0,9.0,9.0,Medium,"Huehuetenango growing region, Guatemala",$14.00/12 ounces,91.0
8.0,8.0,9.0,Medium,"Antigua Valley, Guatemala.",GTQ 100/12 ounces,91.0
9.0,8.0,9.0,Light,"Santa Rosa Department, Guatemala.",$16.75/12 ounces,91.0
8.0,8.0,8.0,Medium,"El Quiche Department, south central Guatemala",$15.00/12 ounces,90.0
8.0,8.0,9.0,Medium-Light,"Yirgacheffe growing region, southern Ethiopia.",$14.95/12 ounces,92.0
9.0,8.0,9.0,Medium-Light,"New Oriente growing region, Guatemala.",$16.99/16 ounces,92.0
9.0,8.0,9.0,Medium-Light,"Yirgacheffe growing region, southern Ethiopia.",$14.95/12 ounces,93.0
9.0,8.0,9.0,Medium,"Central Valley, Costa Rica.",$18.00/12 ounces,92.0
9.0,9.0,10.0,Medium-Light,"Boquete growing region, western Panama",$19.98/12 ounces,93.0
9.0,9.0,9.0,Medium-Light,"Boquete growing region, western Panama",$52.99/8 ounces,94.0
7.0,8.0,7.0,Very Dark,"Blue Mountains growing region, Jamaica.",$32.32/24 RealCup capsules,87.0
10.0,9.0,10.0,Medium-Light,"Valle del Cauca growing region, Colombia.",$59.75/8 ounces,96.0
9.0,8.0,8.0,Medium-Light,"West Valley growing region, Costa Rica.",$14.50/12 ounces,92.0
8.0,9.0,9.0,Medium-Light,"Yirgacheffe growing region, southern Ethiopia.",$12.00/12 ounces,92.0
8.0,9.0,9.0,Medium,"Puna District, ""Big Island"" of Hawaii",$20.00/6 ounces,94.0
9.0,8.0,9.0,Medium-Light,"Huehuetenango growing region, Guatemala.",$12.95/12 ounces,91.0
9.0,8.0,8.0,Medium-Light,"Sidamo (also Sidama) growing region, southern Ethiopia.",$16.95/12 ounces,91.0
9.0,8.0,9.0,Medium-Light,"Ka'u growing district, Big Island of Hawaii; other undisclosed origins.",$18.95/12 ounces,92.0
9.0,9.0,9.0,Medium-Light,"Ka'u growing district, Big Island of Hawaii",$32.95/12 ounces,94.0
8.0,8.0,9.0,Medium-Light,Mexico.,$12.99/12 ounces,91.0
7.0,8.0,8.0,Very Dark,Northern Sumatra,CAD $9.99/12 single-serve cups,87.0
7.0,7.0,8.0,Very Dark,Colombia,CAD $9.99/12 single-serve cups,88.0
8.0,7.0,9.0,Very Dark,Southern Ethiopia.,CAD $9.99/12 single-serve cups,89.0
8.0,9.0,8.0,Medium-Light,"El Naranjo growing region, El Salvador.",$12.95/12 ounces,91.0
9.0,8.0,9.0,Medium,"Tarrazu growing region, central Costa Rica",CAD $16.88/12 ounces,92.0
9.0,8.0,9.0,Medium-Light,"Yirgacheffe growing region, southern Ethiopia.",CAD $17.78/12 ounces,93.0
8.0,8.0,9.0,Medium,"Boquete growing region, Chiriqui Province, western Panama.",$14.95/12 ounces,91.0
9.0,8.0,9.0,Medium-Light,"Central Valley, Costa Rica.",$18.00/12 ounces,92.0
9.0,9.0,9.0,Medium,"Tarrazu growing region, central Costa Rica",$16.00/12 ounces,92.0
9.0,9.0,9.0,Medium,"Yirgacheffe growing region, southern Ethiopia.",$23.00/8 ounces,93.0
8.0,8.0,9.0,Medium,Not disclosed.,$14.00/12 ounces,93.0
9.0,9.0,9.0,Light,"Sidama (also Sidamo) growing region, southern Ethiopia.",CAD $17.78/12 ounces,94.0
8.0,9.0,9.0,Medium-Light,South-central Kenya.,$12.99/12 ounces,92.0
8.0,8.0,10.0,Medium-Light,Central Kenya.,$14.99/12 ounces,94.0
8.0,9.0,9.0,Medium,"Kona growing region, Big Island of Hawaii.",$35.00/8 ounces,93.0
8.0,8.0,9.0,Medium,"San Juan, Naranjo growing region, Costa Rica.",$15.79/12 ounces,93.0
8.0,8.0,8.0,Light,"Capucas, Copan Department, Honduras.",$20.00/16 ounces,90.0
8.0,8.0,8.0,Medium-Light,"Mogola, La Paz Department, Honduras",$22.00/16 ounces,90.0
8.0,8.0,9.0,Medium,"Santa Barbara Department, Honduras.",$13.00/16 ounces,90.0
8.0,8.0,8.0,Medium-Light,"Marcala growing region, La Paz Department, Honduras.",$15.75/12 ounces,90.0
8.0,8.0,8.0,Medium-Light,"Copan Department, Honduras.",$15.50/12 ounces,90.0
8.0,8.0,9.0,Medium,"La Paz Department, Honduras",$16.50/12 ounces,91.0
8.0,8.0,9.0,Light,"Santa Barbara Department, Honduras.",$13.50/8.8 ounces,91.0
7.0,9.0,9.0,Medium,Not disclosed.,$15.00/12 ounces,91.0
7.0,9.0,10.0,Medium-Dark,Northern Rwanda,$14.95/12 ounces,92.0
7.0,7.0,8.0,Very Dark,Not disclosed.,$11.99/16 Vue-Packs,86.0
7.0,7.0,8.0,Very Dark,East Africa; Indonesia; the Americas.,$16.49/24 K-Cups,87.0
9.0,8.0,9.0,Medium,Central Costa Rica,$19.49/12 ounces,91.0
6.0,7.0,5.0,Very Dark,Central and South America.,$65.99/90 capsules,79.0
7.0,6.0,6.0,Very Dark,Not disclosed.,$11.95/12 pods,80.0
7.0,7.0,6.0,Very Dark,Not disclosed.,$14.99/18 capsules,84.0
7.0,8.0,6.0,Very Dark,"Peru; Brazil; Ethiopia; Sumatra, Indonesia; Nicaragua.",$65.99/90 capsules,85.0
7.0,7.0,8.0,Very Dark,"Antigua growing region, central Guatemala.",$11.95/12 pods,86.0
8.0,7.0,7.0,Very Dark,Not disclosed.,$14.99/18 capsules,86.0
8.0,7.0,8.0,Very Dark,East Africa; Central and South America.,$6.50/10 capsultes,87.0
8.0,8.0,8.0,Very Dark,South America; East Africa; undisclosed.,$6.50/10 capsules,89.0
9.0,9.0,8.0,Medium,"Espirito Santo State, southeastern Brazil.",$15.99/12 ounces,90.0
8.0,9.0,9.0,Medium-Dark,Not disclosed.,$13.95/12 ounces,92.0
9.0,9.0,9.0,Medium,"Boquete growing region, western Panama",$17.50/12 ounces,93.0
9.0,9.0,9.0,Medium-Light,"Lintong growing region, northern Sumatra, Indonesia.",$15.50/12 ounces,92.0
8.0,9.0,9.0,Light,"Lintong growing region, northern Sumatra, Indonesia.",$13.50/12 ounces,92.0
8.0,8.0,9.0,Medium,"Lake Toba growing region, northern Sumatra.",$16.00/12 ounces,92.0
9.0,8.0,9.0,Medium,"Lintong growing region, northern Sumatra, Indonesia.",NT $450/8 ounces,92.0
8.0,9.0,9.0,Medium-Light,"Lintong growing region, northern Sumatra, Indonesia.",$13.95/12 ounces,92.0
8.0,8.0,8.0,Medium-Light,"Lake Toba or Mandheling growing region, northern Sumatra, Indonesia.",$13.50/12 ounces,90.0
10.0,8.0,9.0,Medium,"Nekempte District, Oromia Region, western Ethiopia.",$19.50/16 ounces,94.0
8.0,8.0,9.0,Medium,"West Valley growing region, Costa Rica.",NT $1000/16 ounces,91.0
8.0,9.0,9.0,Medium-Dark,"Gayo growing region, Aceh Province, northern Sumatra, Indonesia.",NT $1000/16 ounces,92.0
9.0,8.0,9.0,Light,"Oromia and Yirgacheffe growing regions, Ethiopia.",$23.45/16 ounces,93.0
8.0,8.0,8.0,Medium-Light,"Nyeri growing region, south-central Kenya",$15.00/8 ounces,90.0
9.0,8.0,9.0,Medium-Light,"Sidamo (also Sidama) growing region, southern Ethiopia.",$14.99/12 ounces,93.0
8.0,9.0,9.0,Medium,Nicaragua; Kenya; Ethiopia.,NT $1200/454 grams,93.0
9.0,9.0,9.0,Medium-Light,"Sidamo (also Sidama) growing region, southern Ethiopia.",$14.99/12 ounces,94.0
9.0,8.0,8.0,Medium,"El Cedral, Santa Barbara Department, Honduras.",$18.00/12 ounces,90.0
8.0,8.0,9.0,Medium-Light,Costa Rica,$15.95/12 ounces,91.0
9.0,8.0,10.0,Medium,"Northern Sumatra, Indonesia",$14.99/12 ounces,95.0
8.0,8.0,8.0,Medium-Light,"Vilcabamba, Loja Province, southern Ecuador.",$22.00/12 ounces,91.0
8.0,8.0,9.0,Medium-Light,"Tarrazu growing region, central Costa Rica",$14.95/12 ounces,91.0
9.0,8.0,9.0,Medium-Dark,"Yirgacheffe growing region, southern Ethiopia.",$16.65/12 ounces,92.0
8.0,8.0,9.0,Medium-Light,Highlands of Papua New Guinea,CAD $16.20/12 ounces,92.0
8.0,8.0,10.0,Medium-Light,Big Island of Hawaii,$20.00/3.5 ounces,94.0
9.0,8.0,9.0,Medium,"Nyeri growing region, south-central Kenya",$18.00/12 ounces,93.0
9.0,8.0,9.0,Medium-Light,"Ijen Plateau, Eastern Java, Indonesia.",$15.00/12 ounces,91.0
9.0,9.0,9.0,Medium-Light,"San Agustín growing region, Huila Department, southern Colombia",CAD $17.50/12 ounces,93.0
9.0,8.0,9.0,Medium-Dark,"Nyeri growing region, south-central Kenya",$16.22/12 ounces,93.0
9.0,8.0,10.0,Medium-Light,"Yirgacheffe growing region, southern Ethiopia.",$11.00/8 ounces,94.0
7.0,7.0,8.0,Dark,"Chiang Rai, northern Thailand.",THB $600/1 kilogram,86.0
8.0,9.0,9.0,Medium,Brazil.,$14.00/16 ounces,92.0
9.0,8.0,9.0,Medium-Light,"Huehuetenango growing region, Guatemala; Sidamo growing region, Ethiopia.",$17.00/12 ounces,94.0
9.0,8.0,9.0,Medium-Light,"Lintong growing region, northern Sumatra, Indonesia.",$16.50/12 ounces,94.0
9.0,9.0,9.0,Medium-Light,"Lintong growing region, northern Sumatra, Indonesia.",$13.99/12 ounces,94.0
8.0,9.0,9.0,Medium-Light,"La Libertad, Huehuetenango, Guatemala.",$12.75/8 ounces,93.0
9.0,9.0,9.0,Medium,Southern Ethiopia.,NT $1300/16 ounces,94.0
9.0,9.0,9.0,Medium-Light,"Guji Zone, Sidama Province, southern Ethiopia.",NT $450/8 ounces,94.0
9.0,9.0,9.0,Medium-Dark,"Nyeri growing region, south-central Kenya",NT $1300/16 ounces,94.0
9.0,9.0,9.0,Medium-Dark,"Valle de Cauca Department, western Colombia",$12.99/12 ounces,93.0
9.0,8.0,9.0,Medium,"Kochere District, southern Ethiopia.",$11.00/8 ounces,92.0
8.0,9.0,9.0,Medium-Dark,"Alta Verapaz Department, north-central Guatemala.",$13.00/12 ounces,92.0
9.0,8.0,9.0,Medium-Light,"Yirgacheffe growing region, southern Ethiopia.",$15.45/12 ounces,92.0
9.0,8.0,9.0,Medium,"Sidamo (also Sidama) growing region, southern Ethiopia.",NT $1600/16 ounces,92.0
8.0,8.0,9.0,Medium,"West Valley growing region, Costa Rica.",$15.50/12 ounces,91.0
9.0,9.0,8.0,Medium,"Volcan de Santa Ana regioin, El Salvador.",NT $600/8 ounces,91.0
8.0,8.0,8.0,Medium-Light,"El Quiche Department, south central Guatemala",$14.00/12 ounces,91.0
8.0,8.0,8.0,Medium,"Caranavi Province, La Paz Department, Bolivia.",$10.75/12 ounces,91.0
9.0,8.0,9.0,Medium,"Boquete growing region, western Panama",NT $450/8 ounces,91.0
8.0,8.0,8.0,Medium,"Lambayeque region, Peru",$15.95/13 ounces,91.0
9.0,8.0,9.0,Medium,"Chiapas State, Mexico",$13.99/12 ounces,91.0
8.0,8.0,9.0,Medium,"Cauca Department, Colombia; Illubabor, Ethiopia; Santa Ana region, El Salvador.",HK $98/165 grams,92.0
8.0,8.0,9.0,Medium,"Loja Province, Ecuador",$14.95/12 ounces,92.0
9.0,8.0,9.0,Medium,"Caranavi Province, La Paz Department, Bolivia.",$14.75/12 ounces,93.0
8.0,9.0,9.0,Medium,"Ruvuma growing region, southwestern Tanzania.",$12.25/12 ounces,93.0
9.0,7.0,9.0,Light,"Boquete growing region, western Panama",HK $288/100 grams,94.0
9.0,8.0,10.0,Medium-Light,"Lintong growing region, northern Sumatra, Indonesia.",$13.50/12 ounces,94.0
9.0,8.0,9.0,Medium-Light,"Boquete growing region, western Panama",HK $588/100 grams,94.0
9.0,9.0,10.0,Medium-Light,"Yirgacheffe growing region, southern Ethiopia.",TWD $500/100 grams,95.0
10.0,9.0,10.0,Light,"Yirgacheffe growing region, southern Ethiopia.",$15.50/12 ounces,96.0
7.0,8.0,9.0,Medium-Light,"Yun-Lin County, Taiwan.",NT $2700/16 ounces,90.0
7.0,8.0,9.0,Medium,"Nyeri growing region, south-central Kenya",$13.50/12 ounces,91.0
9.0,8.0,9.0,Medium-Dark,Not disclosed.,NT $900/16 ounces,91.0
9.0,9.0,8.0,Medium,Honduras,$15.95/12 ounces,91.0
8.0,9.0,9.0,Medium,Not disclosed.,NT $600/16 ounces,92.0
8.0,9.0,9.0,Medium-Dark,Not disclosed.,NT $1200/16 ounces,93.0
9.0,8.0,9.0,Medium-Light,"Apaneca Municipality, Ahuachapan Department, El Salvador.",$14.95/12 ounces,92.0
8.0,8.0,8.0,Medium-Light,"Cajamarca growing region, Peru.",$14.95/12 ounces,90.0
9.0,8.0,9.0,Light,"Central Bali, Indonesia",$14.45/12 ounces,92.0
9.0,8.0,9.0,Medium-Light,"Jiwaka Province, western highlands of Papua New Guinea.",$14.95/12 ounces,93.0
8.0,8.0,9.0,Medium,"Kirambo, Karongi District, Rwanda.",$13.50/12 ounces,92.0
8.0,9.0,9.0,Medium,Not disclosed.,$12.99/12 ounces,93.0
9.0,8.0,9.0,Medium,"Gedeo Zone, southern Ethiopia.",$24.95/16 ounces,94.0
9.0,7.0,8.0,Very Dark,Kenya.,$16.49/24 K-Cups,90.0
8.0,8.0,8.0,Very Dark,"Northern Sumatra, Indonesia",$16.49/24 K-Cups,90.0
8.0,8.0,8.0,Very Dark,Not disclosed.,$16.49/24 K-Cups,89.0
7.0,8.0,8.0,Very Dark,Central America; Indonesia,$18.49/24 K-Cups,89.0
8.0,8.0,8.0,Very Dark,Ethiopia; Sumatra; Papua New Guinea; Colombia.,$9.99/12 K-Cups,88.0
7.0,8.0,8.0,Very Dark,Not disclosed.,$14.99/14 single-serve capsules,87.0
8.0,7.0,8.0,Very Dark,Not disclosed.,$18.49/24 K-Cups,87.0
7.0,8.0,8.0,Very Dark,"Sumatra, Indonesia.",$9.99/12 K-Cups,87.0
7.0,8.0,7.0,Very Dark,Colombia,$7.99/12 single-serve capsules,86.0
7.0,7.0,8.0,Very Dark,Colombia,$16.49/24 K-Cups,86.0
8.0,8.0,9.0,Medium-Light,"Caranavi Province, La Paz Department, Bolivia.",$17.28/12 ounces,92.0
9.0,8.0,9.0,Medium-Light,"Vilcabamba, Loja Province, southern Ecuador.",$16.85/12 ounces,92.0
8.0,8.0,9.0,Medium,"Carnavi Province, La Paz Department, Bolivia.",$16.99/8 ounces,91.0
8.0,8.0,8.0,Medium,"Cajamarca growing region, Peru.",$15.25/16 ounces,90.0
8.0,8.0,8.0,Medium-Light,"Caranavi Province, La Paz Department, Bolivia.",$14.00/8 ounces,90.0
9.0,8.0,8.0,Medium,"Caranavi Province, La Paz Department, Bolivia.",NTD $400/8 ounces,90.0
8.0,8.0,8.0,Dark,Northern Thailand.,THB $200/250 grams,88.0
8.0,8.0,9.0,Light,"Kona growing region, ""Big Island"" of Hawaii.",$36.95/12 ounces,91.0
8.0,8.0,9.0,Medium-Light,"Eastern Highlands Province, Papua New Guinea",$12.00/12 ounces,93.0
9.0,9.0,9.0,Medium-Light,"Caranavi Province, La Paz Department, Bolivia.",$19.99/12 ounces,93.0
9.0,8.0,9.0,Medium-Light,"San Miguel Department, El Salvador.",$16.95/12 ounces,94.0
9.0,9.0,10.0,Medium-Light,"Nyamasheke District, Rwanda.",$14.00/12 ounces,95.0
9.0,8.0,10.0,Medium,"Muranga District, central Kenya.",$13.00/12 ounces,95.0
10.0,9.0,9.0,Medium-Light,"Nekempte District, Oromia Region, western Ethiopia.",$18.00/12 ounces,96.0
9.0,8.0,9.0,Medium-Light,"Puno Province, southeastern Peru.",$15.00/12 ounces,92.0
8.0,7.0,7.0,Medium-Dark,South America,$12.00/16 ounces,87.0
9.0,8.0,10.0,Medium-Light,"Island of Flores, Indonesia.",$17.00/12 ounces,93.0
9.0,8.0,8.0,Dark,Not disclosed.,$12.95/16 ounces,89.0
8.0,8.0,9.0,Medium,"Valle del Cauca growing region, Colombia.",$12.99/12 ounces,91.0
8.0,9.0,8.0,Medium,Brazil; Central America; Sumatra.,$14.95/12 ounces,91.0
9.0,9.0,9.0,Medium,"Guji Zone, Sidama Province, southern Ethiopia.",$13.50/12 ounces,92.0
9.0,8.0,9.0,Medium-Light,Burundi,$13.99/12 ounces,92.0
10.0,8.0,9.0,Medium-Light,"Yirgacheffe growing region, southern Ethiopia.",$14.99/12 ounces,94.0
9.0,8.0,9.0,Medium-Light,"Volcan de Santa Ana regioin, El Salvador.",$14.99/12 ounces,92.0
8.0,9.0,9.0,Light,"Narino Department, southern Colombia",$16.99/12 ounces,92.0
9.0,9.0,9.0,Light,"Huila Department, southwestern Colombia.",$12.99/12 ounces,93.0
8.0,9.0,9.0,Medium-Light,"Altamira, southern Costa Rica.",$20.00/12 ounces,93.0
9.0,8.0,9.0,Medium-Light,"Huehuetenango growing region, Guatemala.",$24.95/10 ounces,93.0
7.0,7.0,7.0,Dark,Not disclosed.,$13.95/16 ounces,85.0
7.0,7.0,8.0,Very Dark,Not disclosed.,$13.95/16 ounces,87.0
8.0,8.0,9.0,Medium-Dark,"Trujillo, Valle del Cauca, Colombia.",$39.99/16 ounces,90.0
9.0,9.0,9.0,Medium-Dark,"Puna District, ""Big Island"" of Hawaii",$25.00/6 ounces,93.0
9.0,8.0,8.0,Medium-Dark,"Yirgacheffe growing region, southern Ethiopia; Cerrado growing region, Minas Gerais State, Brazil.",NTD $504/16 ounces,91.0
7.0,8.0,7.0,Medium-Light,Colombia,$15.50/12 ounces,87.0
8.0,7.0,8.0,Medium,Not disclosed.,$14.99/16 ounces,87.0
8.0,8.0,8.0,Medium,Colombia,$14.99/16 ounces,89.0
8.0,8.0,8.0,Medium-Light,South-central Kenya.,$17.50/12 ounces,90.0
8.0,8.0,8.0,Medium,Not disclosed.,NTD $400/8 ounces,91.0
9.0,8.0,9.0,Medium-Light,"Antigua growing region, central Guatemala.",$13.99/12 ounces,91.0
8.0,9.0,9.0,Medium-Light,"Southern Tolima Department, south-central Colombia",$22.99/12 ounces,92.0
10.0,8.0,10.0,Medium-Light,"Lintong growing region, northern Sumatra, Indonesia.",$16.20/12 ounces,94.0
8.0,9.0,9.0,Medium-Light,"Yirgacheffe growing district, southern Ethiopia.",$14.99/12 ounces,94.0
9.0,8.0,8.0,Medium-Dark,Rwanda,$13.00/12 ounces,92.0
9.0,9.0,9.0,Medium-Light,"Nueva Segovia, Nicaragua.",$13.95/12 ounces,93.0
8.0,8.0,9.0,Medium-Light,"Lake Atitlan growing region, Guatemala.",$17.75/12 ounces,92.0
8.0,9.0,9.0,Medium-Dark,Burundi,$12.99/12 ounces,92.0
9.0,9.0,9.0,Medium-Light,"Yirgacheffe growing region, southern Ethiopia.",$18.00/12 ounces,93.0
8.0,8.0,9.0,Medium-Light,"San Agustín growing region, Huila Department, southwestern Colombia.",$13.95/12 ounces,91.0
9.0,8.0,8.0,Medium,"Santa Barbara Department, Honduras.",$15.00/12 ounces,91.0
9.0,9.0,10.0,Medium-Light,Kenya; Yirgacheffe region of Ethiopia; other undisclosed origins.,NTD $500/8 ounces,94.0
9.0,9.0,9.0,Light,"Yirgacheffe growing region, southern Ethiopia.",NTD $400/8 ounces,94.0
9.0,8.0,9.0,Medium,"Santa Barbara Department, Honduras.",$18.00/12 ounces,93.0
10.0,9.0,9.0,Medium-Light,"Silla Del Pando, Volcan, Panama.",$40.00/100 grams,94.0
8.0,9.0,8.0,Medium,"Hoja Blanca growing region, Huehuetenango Department, Guatemala.",$15.75/12 ounces,91.0
8.0,8.0,8.0,Dark,Not disclosed.,E 11.90/220 grams,90.0
8.0,8.0,8.0,Medium-Dark,Not disclosed.,E 11.90/220 grams,90.0
8.0,9.0,8.0,Dark,Not disclosed.,E 11.90/220 grams,90.0
9.0,9.0,9.0,Medium,"Pocos de Caldas, Brazil.",$12.95/12 ounces,93.0
9.0,8.0,9.0,Medium,Central Kenya,"NTD $1,400/16 ounces",93.0
9.0,8.0,9.0,Medium,Philippines.,$54.99/3.5 ounces,93.0
8.0,8.0,9.0,Medium-Light,"Karatina district, Nyeri growing region, Kenya.",$19.95/12 ounces,92.0
9.0,9.0,9.0,Medium,"Mukurweini District, Central Kenya.",$18.00/12 ounces,94.0
8.0,8.0,9.0,Medium-Light,"Nyeri growing region, south-central Kenya",$14.95/12 ounces,92.0
9.0,8.0,8.0,Medium-Dark,Central Kenya.,$12.99/12 ounces,93.0
8.0,8.0,9.0,Medium-Light,"Nyeri growing region, Central Highlands, Kenya.",$22.50/12 ounces,92.0
9.0,9.0,9.0,Medium-Light,"Yirgacheffe growing region, southern Ethiopia.",$15.00/12 ounces,95.0
9.0,9.0,9.0,Medium-Light,"Chiapas State, Mexico",$20.00/12 ounces,95.0
9.0,8.0,10.0,Medium-Light,"Yirgacheffe growing region, southern Ethiopia.",$17.50/16 ounces,94.0
8.0,8.0,9.0,Medium-Light,"Lintong growing region, northern Sumatra, Indonesia.",$18.00/16 ounces,93.0
9.0,8.0,9.0,Medium,"Nyeri County, Central Highlands, Kenya.",$13.75/12 ounces,93.0
9.0,8.0,9.0,Medium,"Nyeri County, Central Highlands, Kenya.",$15.00/12 ounces,93.0
9.0,8.0,9.0,Medium-Light,"Zamora-Chinchipe Province, Ecuador.",$25.00/12 ounces,93.0
9.0,8.0,9.0,Medium,"Kersa district, Oromia region, southern Ethiopia.",$7.00/8 ounces,93.0
8.0,9.0,9.0,Medium-Light,Central Kenya.,$20.00/12 ounces,92.0
9.0,8.0,8.0,Medium-Light,"El Quiche Department, south central Guatemala",$12.75/12 ounces,91.0
9.0,8.0,8.0,Medium,Haiti.,$10.90/12 ounces,90.0
7.0,8.0,9.0,Medium-Light,"Volcan de Santa Ana regioin, El Salvador.",CAD $15.60/12 ounces,90.0
8.0,8.0,8.0,Medium,"Santa Barbara, Honduras.",$16.20/12 ounces,90.0
9.0,8.0,8.0,Medium-Dark,"Santa Barbara, Honduras.",$16.20/12 ounces,91.0
8.0,9.0,9.0,Medium-Light,"Palencia, Guatemala.",CAD $14.55/12 ounces,93.0
9.0,9.0,8.0,Medium,"Cerrado growing region, Brazil; northern Sumatra, Indonesia; southern Ethiopia.",$15.00/12 ounces,92.0
9.0,8.0,9.0,Medium,"Yirgacheffe growing region, south-central Ethiopia.",$16.00/12 ounces,92.0
8.0,9.0,9.0,Medium,"Amaro region, southern Ethiopia.",$15.00/12 ounces,92.0
9.0,8.0,9.0,Medium,"Sidama (also Sidamo) growing region, southern Ethiopia.",$16.00/12 ounces,92.0
9.0,9.0,9.0,Medium-Light,"Amaro region, southern Ethiopia.",$17.50/12 ounces,93.0
10.0,8.0,9.0,Medium-Light,"Boquete growing region, western Panama",$67.40/8 ounces,94.0
8.0,9.0,9.0,Medium,Guatemala,"NTD $1,200/16 ounces",92.0
7.0,7.0,7.0,Very Dark,Ethiopia.,$25.00/48 K-Cups,84.0
7.0,7.0,7.0,Very Dark,Ethiopia.,$7.48/12 ounces,86.0
8.0,8.0,8.0,Medium-Light,"Gomma Woreda, Limu region, southwestern Ethiopia.",$15.95/12 ounces,91.0
9.0,8.0,9.0,Medium,"Yirgacheffe growing region, southern Ethiopia.",$12.99/16 ounces,92.0
7.0,7.0,6.0,Dark,Philippines.,$13.49/16 ounces,79.0
7.0,7.0,7.0,Dark,Philippines.,$13.49/16 ounces,83.0
7.0,8.0,7.0,Medium-Dark,Philippines,$11.49/16 ounces,83.0
7.0,8.0,7.0,Medium,Philippines.,$13.49/16 ounces,84.0
7.0,8.0,8.0,Medium,Philippines.,$14.99/16 ounces,87.0
8.0,8.0,9.0,Medium,Tanzania; India; Bolivia; Panama; Colombia; Guatemala.,,92.0
8.0,8.0,8.0,Medium-Light,"Wahgi Valley, Western Highlands, Papua New Guinea.",$14.25/12 ounces,91.0
8.0,8.0,9.0,Medium,Costa Rica; Ethiopia; Colombia.,,92.0
9.0,9.0,8.0,Medium-Dark,Panama; Bolivia; Ethiopia; Costa Rica.,,92.0
8.0,8.0,9.0,Medium-Light,"Huehuetenango growing region, Guatemala.",$17.75/12 ounces,93.0
8.0,8.0,9.0,Medium-Light,"Huehuetenango growing region, northwestern Guatemala.",$24.95/10 ounces,91.0
10.0,9.0,10.0,Medium,"Silla Del Pando, Volcan, Panama.",$75.95/16 ounces,97.0
9.0,9.0,10.0,Light,"Boquete growing region, western Panama",$59.99/8 ounces,96.0
9.0,9.0,9.0,Medium,"Embu District, Central Highlands, Kenya.",$16.50/12 ounces,95.0
9.0,8.0,10.0,Medium-Light,"Boquete growing region, western Panama",$39.95/10 ounces,95.0
9.0,8.0,10.0,Light,"Yirgacheffe growing region, southern Ethiopia.",$10.00/8 ounces,95.0
8.0,9.0,9.0,Medium-Light,"Gakenke District, Rwanda.",$14.75/12 ounces,94.0
9.0,8.0,9.0,Light,"Sidama (also Sidamo) growing region, southern Ethiopia.",$15.00/5.3 ounces,94.0
9.0,8.0,9.0,Medium,"Yirgacheffe growing region, southern Ethiopia.",$14.95/12 ounces,93.0
8.0,8.0,9.0,Medium-Light,"San Agustín growing region, Huila Department, southern Colombia",$17.95/12 ounces,92.0
9.0,8.0,9.0,Medium,Not disclosed.,$12.95/13 ounces,91.0
9.0,8.0,9.0,Light,"Cordillera Tecapa Chinameca, El Salvador.",CAD $16.85/12 ounces,93.0
8.0,9.0,9.0,Medium,"Lintong growing region, northern Sumatra, Indonesia.",$15.50/12 ounces,93.0
9.0,8.0,10.0,Medium-Light,"Silla Del Pando, Volcan, Panama.",$45.45/16 ounces,95.0
8.0,8.0,8.0,Medium-Dark,"Mattari growing region Yemen; Yirgacheffe growing region, southern Ethiopia; Mandheling growing region, Sumatra, Indonesia.",NTD $800/16 ounces,88.0
8.0,8.0,8.0,Medium-Dark,Central Kenya.,NTD $1000/16 ounces,90.0
9.0,8.0,9.0,Medium-Dark,Not disclosed.,NT $700/16ounces,90.0
9.0,8.0,9.0,Medium,Mexico.,NTD $700/16 ounces,91.0
9.0,8.0,9.0,Medium,"Yirgacheffe growing region, southern Ethiopia.",$15.00/12 ounces,92.0
8.0,9.0,9.0,Medium-Light,"La Libertad, Huehuetenango, Guatemala.",$14.95/12 ounces,92.0
8.0,9.0,9.0,Medium,Central Kenya.,"NTD $1,600/16 ounces",92.0
8.0,9.0,9.0,Medium,"Sumatra, Indonesia; Honduras; Ethiopia.",$15.99/12 ounces,93.0
9.0,8.0,10.0,Medium,"Yirgacheffe growing region, southern Ethiopia.",NTD $950/16 ounces,94.0
9.0,9.0,9.0,Medium,Not disclosed.,"NTD $1,000/16 ounces",94.0
8.0,8.0,9.0,Very Dark,"Valle del Cauca growing region, Colombia.",$31.99/18 K-Cups,91.0
8.0,8.0,9.0,Light,"Palencia, Guatemala.",$17.98/12 ounces,92.0
9.0,8.0,10.0,Medium,"Huehuetenango growing region, Guatemala.",$19.49/12 ounces,93.0
9.0,7.0,9.0,Medium,"Kefa (Kaffa) Province, Oromia region, southwestern Ethiopia.",$16.93/12 ounces,92.0
9.0,8.0,9.0,Medium,"Kirinyaga District, Central Highlands, Kenya.",$18.94/12 ounces,94.0
9.0,7.0,8.0,Medium,"Quetzaltenango growing region, southwestern Guatemala",$12.95/16 ounces,89.0
8.0,8.0,9.0,Medium,"Central Valley, Costa Rica.",$16.95/12 ounces,91.0
8.0,9.0,9.0,Medium-Light,"Yirgacheffe growing region, southern Ethiopia.",$14.95/12 ounces,93.0
9.0,9.0,10.0,Medium-Light,"Kirinyaga region, south-central Kenya",$25.00/12 ounces,96.0
8.0,7.0,9.0,Light,El Salvador,$11.99/12 ounces,90.0
9.0,9.0,9.0,Medium,"Thika growing region, central Kenya.",$16.99/12 ounces,94.0
8.0,8.0,9.0,Medium-Light,"Amaro region, southern Ethiopia.",$15.97/12 ounces,90.0
7.0,7.0,7.0,Dark,Not disclosed.,$17.60/32 ounces,84.0
7.0,7.0,6.0,Dark,Not disclosed.,$11.52/32 ounces,82.0
7.0,6.0,7.0,Medium,Not disclosed.,$5.52/12 ounces,82.0
6.0,7.0,6.0,Medium,Not disclosed.,$14.80/40 ounces,80.0
6.0,6.0,6.0,Very Dark,Not disclosed,$16.80/48 ounces,80.0
6.0,6.0,6.0,Very Dark,Colombia,$3.30/11.3 ounces,79.0
5.0,7.0,4.0,Medium,Colombia,$4.73/11 ounces,77.0
8.0,9.0,9.0,Medium,El Salvador,$12.99/12 ounces,92.0
9.0,8.0,9.0,Medium,"Yirgacheffe growing region, southern Ethiopia.",$14.75/12 ounces,93.0
8.0,9.0,10.0,Medium-Light,"Yirgacheffe growing region, southern Ethiopia.",$25.00/8 ounces,94.0
9.0,9.0,9.0,Medium-Light,Not disclosed.,$15.00/12 ounces,94.0
10.0,8.0,9.0,Medium,"Sidama (also Sidamo) growing region, southern Ethiopia.",$11.95/12 ounces,93.0
8.0,8.0,9.0,Medium-Light,Western El Salvador,$10.00/8 ounces,90.0
8.0,8.0,8.0,Medium,"Sao Sebastiao de Grama, Brazil.",$14.00/12 ounces,89.0
8.0,8.0,8.0,Medium,"Huehuetenango growing region, Guatemala.",$13.99/12 ounces,89.0
7.0,8.0,8.0,Medium,Nicaragua; Guatemala.,$13.00/12 ounces,88.0
8.0,8.0,8.0,Medium,Not disclosed.,$15.99/16 ounces,88.0
7.0,8.0,8.0,Medium-Dark,"Gakenke District, Rwanda.",$15.50/13 ounces,88.0
7.0,8.0,8.0,Medium,Dominican Republic,$20.00/16 ounces,88.0
9.0,8.0,8.0,Medium-Dark,Brazil; Ethiopia; Sumatra; Indonesia.,CAD $9.95/12 ounces,89.0
7.0,8.0,8.0,Medium,Africa; South America.,$12.00/12 ounces,87.0
8.0,8.0,9.0,Light,"Sacatepequez growing region, central Guatemala",TWD $700/100 grams,93.0
9.0,8.0,9.0,Medium,"Brazil; Ethiopia; Sulawesi, Indonesia.",$12.95/12 ounces,93.0
8.0,8.0,8.0,Medium-Light,"Santa Ana, El Salvador",$14.00/12 ounces,90.0
8.0,8.0,8.0,Medium,"Mozonte district, Nuevo Segovia Department, Nicaragua.",$18.00/16 ounces,90.0
9.0,8.0,8.0,Medium,"Ahuachapan Department, El Salvador.",$14.95/12 ounces,90.0
8.0,8.0,8.0,Medium,"Zarcero Canton, Alajuela Province, Costa Rica.",$17.99/16 ounces,89.0
8.0,8.0,8.0,Medium,"Tarrazu growing region, Costa Rica.",$22.50/12 ounces,89.0
7.0,7.0,8.0,Medium,"Volcan de Santa Ana regioin, El Salvador.",$17.99/16 ounces,88.0
8.0,9.0,9.0,Medium-Light,Central Kenya.,$16.99/16 ounces,91.0
10.0,9.0,9.0,Medium-Light,"Boquete growing region, western Panama",$59.99/8 ounces,94.0
9.0,8.0,8.0,Medium-Dark,"Rwenzururu Kingdom, western Uganda.",$19.49/12 ounces,89.0
8.0,8.0,8.0,Medium,"Nueva Segovia, Nicaragua.",$13.95/12 ounces,90.0
8.0,9.0,9.0,Medium-Light,"Yirgacheffe growing region, southern Ethiopia.",$14.95/12 ounces,92.0
9.0,9.0,9.0,Medium-Light,"Yirgacheffe growing region, southern Ethiopia.",$17.25/12 ounces,93.0
8.0,8.0,9.0,Medium,East Africa; Indonesia.,HK $98/165 grams,91.0
9.0,9.0,9.0,Medium,"Amaro region, southern Ethiopia.",$19.99/16 ounces,93.0
9.0,8.0,9.0,Medium-Dark,"Nyeri District, Central Kenya.",HK $168/165 grams,93.0
9.0,8.0,9.0,Medium-Light,"Yirgacheffe growing region, southern Ethiopia.",$17.78/12 ounces,92.0
8.0,8.0,8.0,Medium,"Bluekoff Estate, Chiang Rai Province, Thailand",THB $300/250 grams,90.0
9.0,8.0,9.0,Medium,"Sidama (also Sidamo) growing region, southern Ethiopia.",$14.95/12 ounces,91.0
8.0,8.0,9.0,Medium,Burundi; El Salvador; Panama; Thailand.,THB $300/250 grams,91.0
8.0,8.0,9.0,Medium,"Yirgacheffe growing region, southern Ethiopia; Mogiana growing region, Brazil; Thailand.",THB $200/250 grams,91.0
8.0,8.0,9.0,Medium,Central Kenya.,$19.99/12 ounces,92.0
9.0,8.0,9.0,Medium-Light,"El Salto, Boquete growing region, Panama.",$14.95/12 ounces,92.0
9.0,8.0,9.0,Medium,"Lake Tawar basin, Aceh Province, northern Sumatra, Indonesia",$14.50/12 ounces,93.0
8.0,9.0,10.0,Medium,Western Ethiopia,$16.93/12 ounces,94.0
8.0,8.0,9.0,Medium-Light,Central Kenya,$12.99/12 ounces,91.0
8.0,8.0,9.0,Medium-Light,"Yirgacheffe growing region, southern Ethiopia.",$14.95/12 ounces,90.0
10.0,8.0,9.0,Medium-Light,"Sidama (also Sidamo) growing region, southern Ethiopia.",$16.99/12 ounces,92.0
9.0,9.0,9.0,Medium-Dark,Central Kenya,$13.99/12 ounces,93.0
7.0,7.0,7.0,Very Dark,Colombia,$20.49/24 K-Cups,85.0
7.0,8.0,8.0,Medium,Southern Ethiopia; Indonesia.,$9.49/12 ounces,88.0
8.0,8.0,8.0,Medium,Central Costa Rica,CAD $15.60/12 ounces,90.0
9.0,8.0,9.0,Medium,"Yirgacheffe growing region, southern Ethiopia.",CAD $15.86/12 ounces,92.0
8.0,8.0,9.0,Medium-Light,"Kochere District, southern Ethiopia.",$16.25/12 ounces,91.0
9.0,8.0,9.0,Medium-Light,Not disclosed.,NT $600/16 ounces,93.0
9.0,8.0,9.0,Medium,Central Kenya.,$13.99/12 ounces,92.0
8.0,7.0,8.0,Medium,Not disclosed.,$12.00/12 ounces,88.0
7.0,8.0,8.0,Medium-Light,Northern Thailand.,$5.03/8 ounces,89.0
9.0,9.0,9.0,Medium,El Salvador,$16.99/16 ounces,92.0
10.0,8.0,9.0,Light,"Kersa district, Oromia region, southern Ethiopia.",$14.99/12 ounces,94.0
9.0,9.0,10.0,Medium-Light,"Cañas Verdes, Boquete growing region, western Panama.",$39.95/8 ounces,96.0
9.0,8.0,10.0,Medium-Light,"Boquete growing region, western Panama",$59.95/8 ounces,94.0
9.0,8.0,9.0,Medium,"Alto Quiel, Boquete, Panama.",$18.99/16 ounces,93.0
8.0,9.0,9.0,Medium,"Boquete growing region, western Panama",NTD $2600/8 ounces,93.0
,,,Medium-Light,"Alto Quiel, Boquete, Panama.",$16.95/12 ounces,93.0
9.0,8.0,10.0,Medium-Light,"Boquete growing region, western Panama",NTD $3000/8 ounces,93.0
8.0,8.0,9.0,Medium-Light,"Cañas Verdes, Boquete growing region, western Panama.",$49.00/8 ounces,91.0
9.0,8.0,9.0,Medium,"Boquete growing region, western Panama",$16.50/12 ounces,91.0
9.0,8.0,9.0,Medium-Light,"Boquete growing region, western Panama",$16.00/12 ounces,91.0
7.0,8.0,7.0,Very Dark,"Northern Sumatra, Indonesia",$16.49/24 K-Cups,85.0
8.0,8.0,9.0,Medium-Dark,Rwanda,CAD $12.99/8 ounces,90.0
8.0,8.0,9.0,Medium-Light,"Tarrazu growing region, Costa Rica.",$16.20/12 ounces,90.0
9.0,8.0,9.0,Medium-Light,"Sidama (also Sidamo) growing region, southern Ethiopia.",$12.99/12 ounces,92.0
8.0,9.0,9.0,Medium,Not disclosed.,HK $108/200g,92.0
9.0,8.0,9.0,Medium-Light,"Yirgacheffe growing region, southern Ethiopia.",$14.95/12 ounces,92.0
9.0,8.0,9.0,Medium-Light,"Sidama (also Sidamo) growing region, southern Ethiopia.",HK $98/200 g.,93.0
9.0,8.0,9.0,Medium,Rwanda,$12.99/16 ounces,93.0
9.0,9.0,9.0,Medium-Dark,"Kaanapali district, near Lahaina, West Maui, Hawaii",$24.00/8 ounces,95.0
7.0,9.0,9.0,Medium-Dark,Not disclosed.,THB $150/250 grams,91.0
9.0,9.0,9.0,Medium,Central America; South America; East Africa; Asia.,HK $98/165 grams,92.0
9.0,9.0,9.0,Medium,"Tarrazu growing region, Costa Rica.",$19.99/16 ounces,92.0
9.0,8.0,9.0,Medium-Light,"Northern Sumatra, Indonesia",$14.99/12 ounces,94.0
8.0,8.0,8.0,Medium,"Kochere District, southern Ethiopia.",$19.99/16 ounces,90.0
9.0,8.0,8.0,Medium,"Kilimanjaro growing region, Tanzania",$13.50/12 ounces,90.0
9.0,8.0,9.0,Medium-Light,"Kochere District, southern Ethiopia.",$11.00/8 ounces,92.0
8.0,8.0,9.0,Medium-Dark,"Kona growing district, ""Big Island"" of Hawaii.",$32.00/16 ounces,90.0
9.0,8.0,9.0,Medium-Light,Taiwan,NT $1600/8 ounces,91.0
8.0,8.0,9.0,Medium-Light,Brazil; Mexico.,$9.44/12 ounces,90.0
8.0,7.0,8.0,Medium-Light,"Oaxaca State, Mexico",$8.00/16 ounces,91.0
9.0,8.0,9.0,Medium,"Yirgacheffe growing region, southern Ethiopia.",HK $98.00/200 g.,92.0
8.0,8.0,9.0,Medium,"Yirgacheffe growing region, southern Ethiopia.",NT $950/16 ounces,92.0
8.0,9.0,9.0,Light,"Northern Sumatra, Indonesia",HK $88.00/200 g.,93.0
8.0,8.0,9.0,Medium,"Antigua growing region, south-central Guatemala.",NT $1200/16 ounces,93.0
9.0,8.0,9.0,Medium,"Kona growing district, ""Big Island"" of Hawaii.",NT $1600/8 ounces,94.0
9.0,8.0,9.0,Medium-Light,"Valle del Cauca growing region, Colombia.",NT $1500/8 ounces,93.0
8.0,9.0,9.0,Medium,"Toraja growing region, South Sulawesi, Indonesia",Not disclosed.,93.0
9.0,8.0,9.0,Medium,Taiwan,NT $1200/8 ounces,93.0
9.0,8.0,9.0,Medium,South-central Kenya.,NT $700/8 ounces,92.0
8.0,9.0,9.0,Medium-Dark,Not disclosed,NT $520/16 ounces,92.0
9.0,8.0,9.0,Medium,Not disclosed,$38.00/16 ounces,92.0
8.0,8.0,9.0,Medium,Not disclosed.,NT $650/16 ounces,92.0
8.0,9.0,9.0,Medium-Light,"Santander Department, Colombia.",$17.50/12 ounces,93.0
9.0,8.0,8.0,Medium,South-Central Brazil,$12.99/12 ounces,93.0
9.0,8.0,10.0,Medium,"Volcan Baru, western Panama.",$19.49/12 ounces,94.0
9.0,8.0,10.0,Medium-Light,"Kirinyaga region, south-central Kenya",$29.00/12 ounces,95.0
8.0,9.0,9.0,Medium,"Gakenke District, Rwanda.",$14.95/12 ounces,93.0
8.0,9.0,9.0,Medium-Light,Rwanda,$12.99/12 ounces,93.0
9.0,8.0,9.0,Medium,Burundi,$13.99/16 ounces,92.0
9.0,9.0,8.0,Medium-Light,Burundi,$16.75/12 ounces,91.0
9.0,8.0,9.0,Medium-Light,Burundi,$16.99/12 ounces,91.0
8.0,8.0,9.0,Medium-Light,Rwanda,$12.99/12 ounces,91.0
8.0,8.0,8.0,Medium,Rwanda,$16.95/16 ounces,90.0
8.0,9.0,8.0,Medium,"Mbeya growing region, southwestern Tanzania.",$15.50/12 ounces,90.0
8.0,8.0,8.0,Medium,"Mbeya growing region, southwestern Tanzania.",$14.75/12 ounces,90.0
8.0,8.0,8.0,Medium,Burundi,$14.00/12 ounces,90.0
9.0,7.0,8.0,Medium,Not disclosed.,$13.47/12 ounces,90.0
9.0,8.0,9.0,Medium-Light,"Caranavi growing region, La Paz Department, Bolivia.",$16.52/12 ounces,92.0
8.0,8.0,9.0,Medium-Dark,Brazil,CAD $10.00/250 grams (8.8 oz.),90.0
8.0,7.0,9.0,Medium-Light,"Chapada Diamantina growing region, Bahia State, Brazil.",$12.75/12 ounces,90.0
8.0,8.0,8.0,Medium-Dark,"Campos Altos growing district, Minas Gerais State, Brazil.",$12.75/12 ounces,89.0
8.0,7.0,8.0,Medium-Light,"Carmo de Minas growing region, Minas Gerais State, Brazil",$10.00/8 ounces,89.0
9.0,8.0,9.0,Medium-Light,"Sidama (also Sidamo) growing region, southern Ethiopia.",$11.99/12 ounces,92.0
9.0,8.0,9.0,Medium,"Kayanza Province, northern Burundi.",$15.75/12 ounces,93.0
8.0,8.0,8.0,Medium-Light,"Nyeri County, Kenya",Not Available,89.0
9.0,9.0,8.0,Medium-Light,El Salvador,$15.97/12 ounces,91.0
8.0,8.0,9.0,Medium,Central Kenya.,NTD $700/8 ounces,92.0
9.0,8.0,9.0,Medium-Light,Ethiopia; Sumatra.,Not Available,93.0
8.0,8.0,9.0,Medium,"Northern Sumatra, Indonesia; Mexico.",$9.44/12 ounces,90.0
9.0,8.0,9.0,Medium,"Amaro region, southern Ethiopia.",CAD $17.94/12 ounces,93.0
9.0,8.0,9.0,Medium,"Holualoa, North Kona growing district, Hawaii.",$47.95/16 ounces,93.0
9.0,8.0,9.0,Medium-Dark,"Chapada Diamantina growing region, Bahia State, Brazil.",$13.95/12 ounces,93.0
9.0,8.0,9.0,Medium-Light,"Ruiru growing region, central Kenya.",$19.95/16 ounces,92.0
9.0,8.0,8.0,Medium,"Sidama (also Sidamo) growing region, southern Ethiopia.",$10.99/12 ounces,90.0
9.0,8.0,9.0,Medium,"Santa Ana growing region, El Salvador.",$18.00/12 ounces,92.0
8.0,8.0,9.0,Medium-Light,"Nyeri growing region, central Kenya.",$22.50/12 ounces,93.0
9.0,8.0,9.0,Medium-Dark,"Nyeri growing region, central Kenya.",$15.99/8 ounces,94.0
8.0,8.0,9.0,Medium,"Aceh Province, northern Sumatra, Indonesia.",$15.75/16 ounces,91.0
8.0,8.0,9.0,Medium,"Nyamasheke District, Rwanda.",$28.00/12 ounces,92.0
8.0,9.0,9.0,Medium-Dark,Not disclosed.,Not available.,92.0
7.0,7.0,8.0,Very Dark,"Sumatra, Indonesia.",$16.49/24 K-Cups,85.0
7.0,8.0,8.0,Very Dark,Not disclosed.,$16.49/24 K-Cups,87.0
8.0,9.0,9.0,Medium-Light,"Sacatepequez region, Guatemala",$18.45/16 ounces,91.0
9.0,8.0,9.0,Medium-Light,"Caranavi Province, Bolivia.",$16.99/12 ounces,93.0
8.0,9.0,9.0,Medium-Light,"Kayanza Province, Burundi.",$15.00/12 ounces,92.0
9.0,8.0,9.0,Medium-Light,"Lintong growing region, North Sumatra, Indonesia.",$15.00/12 ounces,93.0
9.0,9.0,9.0,Medium-Light,"Valle del Cauca growing region, Colombia.",$17.95/16 ounces,94.0
8.0,9.0,9.0,Medium-Light,"Narino Department, southern Colombia",$18.35/12 ounces,94.0
10.0,9.0,10.0,Medium-Light,"Patzun growing region, Guatemala.",$16.50/12 ounces,97.0
9.0,8.0,9.0,Medium-Light,"Chapada Diamantina growing region, Bahia State, Brazil.",$14.00/8 ounces,93.0
8.0,8.0,8.0,Medium,"Carnavi Province, Bolivia.",$10.95/12 ounces,90.0
9.0,8.0,8.0,Medium-Dark,"Africa, Asia and Latin America.",US $24.00/16 ounces,91.0
8.0,8.0,9.0,Medium,"Santander Department, Colombia.",$17.75/12 ounces,94.0
9.0,8.0,8.0,Medium,"Flores, Indonesia.",$13.99/12 ounces,91.0
9.0,9.0,8.0,Medium,Not disclosed.,$11.95/12 ounces,93.0
9.0,8.0,8.0,Medium-Dark,Not disclosed.,$13.95/12 ounces,92.0
8.0,8.0,8.0,Dark,Not disclosed.,$11.00/12 ounces,89.0
8.0,9.0,8.0,Dark,Not disclosed.,$12.95/16 ounces,91.0
9.0,8.0,8.0,Medium-Dark,"Harrar growing region, Ethiopia.",$10.50/12 ounces,90.0
8.0,9.0,9.0,Medium,"Lintong growing district, northern Sumatra, Indonesia.",$11.95/12 ounces,93.0
9.0,8.0,9.0,Medium,"Huila growing region, Colombia.",$9.50/8 ounces,94.0
9.0,8.0,9.0,Medium-Light,"Pitalito growing region, Huila Department, Colombia.",$14.00/12 ounces,93.0
9.0,8.0,9.0,Medium,"Popayan growing region, Colombia.",$10.50/12 ounces,92.0
8.0,8.0,9.0,Medium,"Valle de Cauca, Colombia.",$16.60/16 ounces,92.0
8.0,8.0,9.0,Medium-Light,"Tolima, Colombia.",$22.00/12 ounces,91.0
9.0,8.0,8.0,Medium-Light,"Huila growing region, Colombia.",$17.50/16 ounces,91.0
8.0,7.0,8.0,Medium,Latin America; East Africa.,$14.25/12 ounces,88.0
8.0,7.0,7.0,Medium,Latin America; East Africa.,$11.95/16 ounces,86.0
8.0,7.0,7.0,Medium-Dark,Latin America.,$11.99/12 ounces,86.0
7.0,7.0,7.0,Medium,Latin America.,$11.95/16 ounces,85.0
7.0,7.0,7.0,Medium-Light,Not disclosed.,$10.39/12 ounces,85.0
9.0,8.0,9.0,Medium,Not disclosed.,NT$500/16 ounces,93.0
9.0,8.0,9.0,Medium-Light,"Northern Sumatra, Indonesia.",$18.50/16 ounces,92.0
8.0,8.0,9.0,Medium-Light,"Huehuetenango growing region, Guatemala.",$17.35/16 ounces,92.0
9.0,8.0,9.0,Medium,"Chiapas, Mexico.",$17.35/16 ounces,92.0
9.0,8.0,9.0,Medium-Light,Not disclosed.,$19.75/ 16 ounces.,92.0
9.0,9.0,9.0,Medium-Light,"Santa Rita growing region, El Salvador.",$11.25/12 ounces.,94.0
9.0,8.0,9.0,Medium-Light,"Meru County, central Kenya.",$19.99/12 ounces,94.0
9.0,8.0,9.0,Light,"Yirgacheffe growing region, southern Ethiopia.",$15.99/12 onces,94.0
8.0,7.0,8.0,Medium-Dark,"Northern Sumatra, Indonesia.",$9.49/10 ounces,88.0
9.0,8.0,8.0,Very Dark,South-central Kenya.,$16.49/24 K-Cups,89.0
8.0,8.0,9.0,Medium-Light,"Yirgacheffe growing region, southern Ethiopia.",$15.97/12 ounces,93.0
9.0,9.0,10.0,Medium,"Huehuetenango growing region, Guatemala.",$34.99/16 ounces,95.0
10.0,9.0,10.0,,"Trujillo, Valle del Cauca, Colombia.",$32.00/8 ounces,96.0
8.0,8.0,9.0,Medium,"Cerrado growing region, Minas Gerais State, Brazil.",$15.00/12 ounces,91.0
9.0,7.0,8.0,Dark,"Northern Sumatra, Indonesia",$16.95/16 ounces,88.0
8.0,7.0,7.0,Very Dark,"Oaxaca State, Mexico",$10.75/16 ounces,87.0
6.0,8.0,7.0,Very Dark,Not disclosed.,$9.49/12 ounces,85.0
7.0,8.0,6.0,Very Dark,Guatemala.,$10.99/12 ounces,84.0
6.0,7.0,5.0,Very Dark,Colombia,$13.50/12 ounces,79.0
6.0,8.0,6.0,Very Dark,Not disclosed.,$13.99/12 ounces,79.0
5.0,7.0,5.0,Medium,Not disclosed.,$10.99/12 ounces,77.0
5.0,7.0,4.0,Medium-Dark,Not disclosed.,$12.99/12 ounces,77.0
7.0,7.0,8.0,Very Dark,East Africa; Indonesia; the Americas.,$16.49/24 K-Cups,87.0
9.0,8.0,8.0,Medium-Dark,Colombia,$9.49/12 ounces,90.0
8.0,8.0,8.0,Medium-Light,"Kayanza Province, Burundi.",$13.90/12 ounces,90.0
10.0,8.0,8.0,Light,"Kintamani, Bali, Indonesia",$15.10/12 ounces,90.0
8.0,9.0,9.0,Medium-Light,"Nekempte Region, Ethiopia.",$23.95/16 ounces,92.0
9.0,8.0,8.0,Medium-Light,"Santa Barbara, Honduras.",$20.00/12 ounces,91.0
9.0,8.0,8.0,Medium,"Madrid Department, Nicaragua",CAD $15.00/16 ounces,90.0
8.0,8.0,9.0,Light,"Huehuetenango growing region, Guatemala.",$17.00/8 ounces,90.0
8.0,7.0,9.0,Medium-Light,"Santa Barbara, Honduras.",$9.99/8 ounces,90.0
8.0,8.0,8.0,Medium,"Ka'u growing district, southwestern corner of the ""Big Island"" of Hawaii.",$24.00/8 ounces,90.0
9.0,9.0,10.0,Medium,"East Africa and Java, Indonesia.",$9.49/12 ounces,95.0
8.0,8.0,8.0,Medium,Not disclosed.,$9.49/12 ounces,90.0
8.0,8.0,8.0,Medium,"Cajamarca growing region, Peru.",$19.49/12 ounces,88.0
9.0,8.0,8.0,Medium,"Kirinyaga East District, south-central Kenya.",$22.00/12 ounces,92.0
8.0,8.0,9.0,Medium-Light,"Lagulito, Dominican Republic",$15.95/16 ounces,92.0
9.0,8.0,9.0,Medium-Dark,"Risaralda Department, Colombia.",,90.0
9.0,8.0,9.0,Medium-Light,Southern Ethiopia,$22.00/12 ounces,92.0
9.0,9.0,9.0,Medium-Light,"Alto Quiel, Boquete, Panama.",$16.00/12 ounces,94.0
9.0,7.0,9.0,Medium,South-central Kenya.,$16.95/12 ounces,92.0
9.0,10.0,9.0,Medium-Light,"San Pedro Necta, Huehuetenango growing region, Guatemala.",$15.50/12 ounces,94.0
8.0,7.0,8.0,Medium-Dark,"Thiotte, Haiti.",CAD $19.95/12 ounces,88.0
5.0,6.0,3.0,Medium-Dark,Not disclosed.,$7.29/10 ounces,73.0
6.0,6.0,4.0,Very Dark,Not disclosed.,$7.49/11 ounces,71.0
8.0,9.0,8.0,Medium,"Quiche Department, Guatemala.",$12.95/12 ounces,91.0
8.0,8.0,9.0,Medium,"Yirgacheffe growing region, southern Ethiopia.",$13.95/12 ounces,92.0
9.0,8.0,9.0,Medium,"Harrar region of eastern Ethiopia; east Java, Indonesia.",$15.40/12 ounces,94.0
9.0,8.0,9.0,Medium-Dark,"Nyeri County, Kenya.",$13.95/12 ounces,92.0
9.0,9.0,10.0,Medium,"Nyeri, Kenya.",$22.00/16 ounces,97.0
9.0,9.0,9.0,Medium,"Tolima Department, central Colombia",$15.00/12 ounces,95.0
9.0,7.0,8.0,Medium-Dark,"Mogiana growing region, Sao Paulo State, south-central Brazil.",CAD $10.00/250 grams (8.8 oz.),91.0
8.0,8.0,9.0,Medium,Colombia; El Salvador; Panama.,$16.00/8 ounces,90.0
8.0,9.0,10.0,Medium,Not disclosed.,$14.99/16 ounces,96.0
10.0,8.0,10.0,Medium,"Huehuetenango growing region, northwestern Guatemala.",$25.00/8 ounces,96.0
10.0,9.0,10.0,Medium,"Chiriqui Province, Panama",NT $2600/8 ounces,95.0
9.0,8.0,9.0,Medium,"Antigua growing region, Guatemala.",$14.50/12 ounces,93.0
8.0,9.0,9.0,Medium,"Madrid Department, Nicaragua",$15.00/16 ounces,93.0
8.0,9.0,9.0,Light,"Santa Ana Department, El Salvador.",$14.99/12 ounces,93.0
9.0,8.0,9.0,Medium-Light,"Boquete growing region, western Panama",$17.00/16 ounces,92.0
10.0,9.0,9.0,Medium-Light,"Alto Quiel, Boquete, Panama.",$14.00/12 ounces,94.0
9.0,7.0,8.0,Medium-Dark,Indonesia and Central America,$15.99/16 ounces,90.0
9.0,8.0,8.0,Medium,"Huehuetenango growing region, Guatemala.e",$14.00/12 ounces,90.0
8.0,8.0,9.0,Medium-Light,"Libano, Tolima Department, Colombia.",$18.00/12 ounces,91.0
8.0,8.0,9.0,Medium,"Kochere District, southern Ethiopia.",$14.00/12 ounces,93.0
8.0,9.0,9.0,Medium-Light,"Chalatenango, El Salvador",$14.00/12 ounces,94.0
9.0,9.0,9.0,Medium-Light,"Alto Quiel, Boquete, Panama.",$14.00/12 ounces,95.0
8.0,8.0,8.0,Medium,Not disclosed.,$54.00/1 Kilogram,89.0
8.0,8.0,8.0,Medium,"Alotenango, Guatemala.",$12.95/12 ounces,90.0
8.0,9.0,9.0,Medium,Not disclosed.,$12.95/12 ounces,93.0
8.0,8.0,7.0,Very Dark,Not disclosed.,$7.99/12 ounces,86.0
8.0,7.0,7.0,Very Dark,Not disclosed.,$7.99/12 ounces,85.0
6.0,7.0,8.0,Very Dark,Not disclosed.,$15.99/8.8 ounces,85.0
7.0,7.0,7.0,Very Dark,Not disclosed.,$6.49/11 ounces,84.0
8.0,6.0,6.0,Very Dark,East Africa.,$7.99/12 ounces,83.0
9.0,8.0,9.0,Medium-Light,"Sidama growing region, southern Ethiopia.",$14.90/12 ounces,92.0
8.0,9.0,8.0,Medium-Light,"Quiche Department, Guatemala.",$12.95/12 ounces,91.0
8.0,8.0,9.0,Medium-Light,"Central Valley, Costa Rica.",$16.75/12 ounces,91.0
9.0,8.0,9.0,Medium,"Sidama (also Sidamo) growing region, southern Ethiopia.",$14.90/12 ounces,91.0
9.0,9.0,9.0,Medium,"Yirgacheffe growing region, southern Ethiopia.",$15.93/12 ounces,91.0
8.0,9.0,8.0,Medium-Light,"Coatepeque, El Salvador",$12.35/12 ounce,90.0
7.0,8.0,8.0,Medium-Dark,"Yirgacheffe growing region, southern Ethiopia.",CAD $12.99/400 grams,89.0
8.0,8.0,8.0,Medium,"Kintamani, Bali, Indonesia",$12.85/12 ounces,89.0
,,,Medium-Light,"Santa Rosa Department, Guatemala.",$14.18/12 ounces,89.0
8.0,8.0,9.0,Medium-Light,"Northern Sumatra, Indonesia",$13.75/12 ounces,91.0
9.0,8.0,9.0,Medium-Light,"Sidama growing region, Ethiopia.",$12.50/12 ounces,94.0
9.0,9.0,10.0,Medium,"Rwafura Region, central Kenya.",$20.00/12 ounces,95.0
8.0,8.0,8.0,Medium-Dark,Costa Rica,$10.95/12 ounces,89.0
8.0,8.0,8.0,Medium-Dark,"Tarrazu growing region, Costa Rica.",$10.95/12 ounces,89.0
8.0,9.0,8.0,Medium-Dark,"Mae Suay, Chiang Rai, northern Thailand",THB $200/250 grams,90.0
8.0,9.0,9.0,Medium-Dark,"Ethiopia; Guatemala; Brazil; Burundi; Sumatra, Indonesia.",THB $600/250 grams,92.0
9.0,8.0,10.0,Medium-Light,"Nyeri County, Central Highlands, Kenya.",$22.95/12 ounces,94.0
9.0,8.0,10.0,Medium,"Kirinyaga District, Central Highlands, Kenya.",$17.00/16 ounces,94.0
9.0,8.0,9.0,Medium-Light,"Nyeri County, Central Highlands, Kenya.",$16.25/12 ounces,93.0
9.0,8.0,9.0,Medium-Light,"Nyeri County, Central Highlands, Kenya.",$21.00/12 ounces,93.0
8.0,9.0,9.0,Medium,"Thika growing region, central Kenya.",$15.75/12 ounces,93.0
9.0,8.0,9.0,Medium-Light,"Nyeri County, Central Highlands, Kenya.",$22.75/12 ounces,92.0
8.0,8.0,9.0,Medium,"Nyeri County, Central Highlands, Kenya.",$24.99/16 ounces,92.0
8.0,9.0,9.0,Medium,"Nyeri County, Central Highlands, Kenya.",$21.95/16 ounces,92.0
9.0,9.0,9.0,Medium,"Thika growing region, central Kenya.",$15.50/8 ounces,92.0
8.0,9.0,9.0,Light,"Nyeri County, Central Highlands, Kenya.",$20.00/12 ounces,92.0
8.0,8.0,9.0,Medium-Light,"Nyeri County, Central Highlands, Kenya.",$15.75/12 ounces,92.0
9.0,8.0,8.0,Medium-Light,"Sidama growing region, southern Ethiopia.",NT $600/16 ounces,89.0
8.0,8.0,8.0,Medium,Southern Honduras.,$15.90/12 ounces,90.0
8.0,9.0,8.0,Medium-Dark,"Santa Rosa Department, Guatemala.",$16.98/16 ounces,92.0
9.0,9.0,8.0,Medium-Dark,"Limmu Kossa District, Jimma Zone, Oromia State, Ethiopia",$13.95/12 ounces,93.0
9.0,7.0,8.0,Medium,"Santa Barbara Department, Honduras.",$15.90/12 ounces,90.0
9.0,9.0,9.0,Medium-Dark,Not disclosed.,$12.95/12 ounces,95.0
8.0,9.0,9.0,Medium,"Central Valley, Costa Rica.",$18.62/12 ounces,92.0
9.0,8.0,9.0,Medium-Light,"San Agustín growing region, Huila Department, southern Colombia",$64.95/10 ounces,93.0
8.0,8.0,9.0,Medium-Dark,"El Salvador; northern Sumatra, Indonesia.",$15.99/16 ounces,92.0
8.0,8.0,9.0,Medium,Indonesia and Costa Rica.,$12.90/12 ounces,92.0
9.0,8.0,10.0,Medium,"Aceh Province, northern Sumatra, Indonesia.",$15.75/12 ounces,94.0
8.0,9.0,9.0,Medium,Indonesia and Costa Rica.,$12.90/12 ounces,92.0
9.0,8.0,8.0,Light,Northwest El Salvador.,$13.95/12 ounces,90.0
8.0,9.0,9.0,Medium-Light,Northwest El Salvador.,$13.95/12 ounces,92.0
8.0,8.0,9.0,Medium,Central and South America.,$13.50/12 ounces,91.0
9.0,8.0,8.0,Medium-Light,"Alotenango, Guatemala.",$12.95/12 ounces,92.0
9.0,9.0,9.0,Medium,Northwestern El Salvador,$13.95/12 ounces,92.0
9.0,9.0,9.0,Medium-Light,Northwestern El Salvador,$13.95/12 ounces,93.0
8.0,9.0,10.0,Medium-Dark,South-central Kenya.,$13.95/12 ounces,94.0
8.0,7.0,7.0,Medium,Central and South America.,$13.00/12 ounces,87.0
8.0,9.0,8.0,Medium,"Veracruz, Mexico",$19.49/12 ounces,90.0
8.0,8.0,9.0,Medium-Light,"Central Province, Kenya.",$22.95/12 ounces,92.0
9.0,9.0,8.0,Medium,"Central Province, Kenya.",$22.00/12 ounces,92.0
,,,Medium-Light,"Central Province, Kenya.",$22.95/12 ounces,93.0
8.0,8.0,8.0,Medium,"Asseri, Tarrazu, Costa Rica",$12.90/12 ounces,90.0
9.0,8.0,8.0,Medium-Light,"Tarrazu growing region, central Costa Rica.",$12.85/12 ounces,92.0
9.0,9.0,10.0,Medium-Light,"Naranjo, Costa Rica.",$14.90/12 ounces,95.0
8.0,8.0,8.0,Medium,"Nyeri region, central Kenya.",$20.00/12 ounces,90.0
8.0,9.0,9.0,Medium,"Matagalpa and Jinotega growing regions, Nicaragua",$16.00/16 ounces,94.0
8.0,8.0,9.0,Medium-Light,"Jinotega, Nicaragua",$10.99/12 ounces,93.0
10.0,8.0,9.0,Medium,"Jinotega, Nicaragua",$17.25/16 ounces,93.0
9.0,8.0,8.0,Light,"Las Sabanas, Nicaragua",$12.75/12 ounces,91.0
8.0,9.0,8.0,Medium-Light,"Nueva Segovia growing region, Nicaragua.",$16.00/12 ounces,90.0
9.0,8.0,8.0,Medium-Light,"Matagalpa, Nicaragua",CAD $15.90/12 ounces,90.0
8.0,8.0,8.0,Medium,"Jinotega, Nicaragua",$13.00/12 ounces,89.0
8.0,8.0,8.0,Medium-Dark,Nicaragua.,,89.0
8.0,8.0,8.0,Medium-Light,"Amaro region, southern Ethiopia.",$17.00/12 ounces,91.0
7.0,8.0,8.0,Light,"Santa Ana Department, El Salvador.",$13.99/12 ounces,89.0
8.0,7.0,8.0,Medium-Dark,"Yirgacheffe growing region, southern Ethiopia.",$12.94/12 ounces,89.0
8.0,8.0,8.0,Medium,"Yirgacheffe growing region, southern Ethiopia.",$12.95/12 ounces,89.0
8.0,8.0,8.0,Medium-Light,"Octopeque Province, Honduras.",$10.99/12 ounces,89.0
7.0,8.0,8.0,Medium-Dark,Northern Thailand.,$10.00/16 ounces,88.0
7.0,8.0,8.0,Medium,"El Quiche Department, south central Guatemala",$57.00/5 pounds,88.0
8.0,7.0,8.0,Dark,Sumatra.,$9.49/12 ounces,88.0
7.0,8.0,8.0,Medium,"Yirgacheffe growing region, southern Ethiopia.",$9.49/10 ounces,88.0
8.0,8.0,8.0,Very Dark,South-central Kenya.,$13.45/16 ounces,88.0
9.0,7.0,8.0,Medium-Dark,Colombia.,$11.25/16 ounces,88.0
9.0,8.0,8.0,Medium-Light,"Chiapas State, southeastern Mexico",$16.95/12 ounces,91.0
8.0,8.0,9.0,Medium-Light,"Gakenke growing region, Rwanda.",$12.75/12 ounces,91.0
8.0,8.0,9.0,Medium,"El Quiche Department, south central Guatemala",$12.00/250 grams (8.8 oz.),92.0
9.0,8.0,8.0,Medium,"Huehuetenango growing region, Guatemala.",$14.99/16 ounces,92.0
9.0,8.0,8.0,Medium,"Mathira West District, Central Kenya.",$19.95/12 ounces,92.0
9.0,9.0,9.0,Medium-Light,"El Quiche Department, south central Guatemala",$12.00/250 grams (8.8 oz.),95.0
8.0,7.0,9.0,Medium,South-central Kenya.,CAD $16.40/16 ounces,90.0
8.0,8.0,8.0,Medium-Dark,Not disclosed.,CAD $44.07/1 kg. (2.2 lbs.),90.0
9.0,8.0,8.0,Medium,South-central Kenya.,CAD $14.49/16 ounces,90.0
8.0,8.0,8.0,Medium,Burundi,CAD $16.40/16 ounces,90.0
8.0,7.0,8.0,Medium,Southern Ethiopia,CAD $14.05/12 ounces,90.0
7.0,8.0,8.0,Medium,Northern Thailand,CAD $15.99/16 ounces,89.0
8.0,8.0,8.0,Medium-Dark,"Minas Gerais State, Brazil.",CAD $11.95/12 ounces,89.0
8.0,8.0,8.0,Medium-Dark,"Northern Sumatra, Indonesia",CAD $11.49/12 ounces,89.0
8.0,8.0,8.0,Medium,"La Paz Department, Bolivia",CAD $17.50/12 ounces,89.0
8.0,8.0,8.0,Medium,Nicaragua.,CAD $14.00/16 ounces,89.0
8.0,8.0,8.0,Medium-Light,"Quiche Department, Guatemala.",$12.00/250 grams (8.8 oz.),90.0
9.0,8.0,9.0,Medium,"Kiambu District, Kenya.",$15.00/250 grams (8.8 oz),94.0
8.0,8.0,8.0,Light,"Ahauchapan Department, El Salvador.",$14.50/12 ounces,90.0
9.0,8.0,8.0,Medium-Light,"Antigua growing region, Guatemala.",$13.99/12 ounces,91.0
8.0,8.0,9.0,Medium,"Huehuetenango growing region, Guatemala.",$14.95/12 ounces,91.0
8.0,9.0,9.0,Medium-Light,South-central Kenya.,$21.00/12 ounces,95.0
9.0,8.0,8.0,Medium,Taiwan,NT$1500/16 ounces,91.0
8.0,8.0,8.0,Medium,"Nayarit, Mexico.",$14.00/16 ounces,90.0
8.0,7.0,8.0,Medium,"Chirinos, Peru.",$18.00/16 ounces,90.0
8.0,8.0,8.0,Medium,"Kayanza Province, Burundi.",$10.99/12 ounces,90.0
9.0,8.0,9.0,Medium,"Aceh growing region, northwestern Sumatra, Indonesia.",$13.95/12 ounces,93.0
8.0,8.0,8.0,Medium-Light,"Aceh Province, northern Sumatra, Indonesia.",CAD $13.35/12 ounces,90.0
8.0,7.0,9.0,Medium-Light,"Huila Department, Colombia",$18.95/12 ounces,91.0
8.0,8.0,9.0,Medium,"Kayanza Province, Burundi.",CAD $15.20/12 ounces,92.0
9.0,8.0,9.0,Medium-Light,"Sidama growing region, southern Ethiopia.",$13.00/250 grams (8.8 oz.),92.0
8.0,8.0,9.0,Medium-Light,"Huila Department, Colombia",$14.50/12 ounces,91.0
9.0,8.0,9.0,Medium,"Northern Sumatra, Indonesia",$13.50/12 ounces,93.0
8.0,8.0,8.0,Medium-Light,"Huehuetenango growing region, Guatemala.",$12.50/12 ounces,90.0
8.0,8.0,9.0,Medium,"Yirgacheffe growing region, southern Ethiopia.",$13.99/12 ounces,92.0
9.0,8.0,9.0,Medium-Light,"Cauca Department, southern Colombia.",$19.00/8 ounces,95.0
8.0,7.0,8.0,Medium-Dark,Guatemala.,$25.00/500 grams (17.6 oz.),90.0
9.0,9.0,9.0,Medium-Light,"Not disclosed, presumably East and-or Central Africa",NT$600/8 ounces,93.0
8.0,8.0,10.0,Medium-Light,"Huila Department, Colombia",$13.00/250 grams (8.8 oz.),95.0
8.0,8.0,8.0,Medium,Rwanda,$13.95/12 ounces,89.0
8.0,8.0,8.0,Medium,"Chiriqui Province, Panama.",$16.00/12 ounces,89.0
8.0,8.0,8.0,Medium,"Mt. Kilimanjaro region, northern Tanzania.",$11.25/12 ounces,90.0
9.0,8.0,8.0,Medium-Dark,"Northern Sumatra, Indonesia",$15.75/16 ounces,91.0
8.0,8.0,9.0,Medium,"Yirgacheffe growing region, southern Ethiopia.",$15.75/16 ounces,91.0
8.0,8.0,9.0,Medium-Dark,Not disclosed.,$15.25/16 ounces,92.0
8.0,8.0,9.0,Medium-Light,"La Paz Department, Bolivia",$15.50/12 ounces,92.0
8.0,8.0,9.0,Medium-Light,"Huila Department, Colombia",CAD $35.00/12 ounces,92.0
8.0,8.0,9.0,Medium,Northern Burundi,$15.50/12 ounces,92.0
9.0,8.0,8.0,Medium,Panama; Ethiopia.,CAD $17.00/16 ounces,92.0
9.0,8.0,10.0,Medium,"Kirinyaga region, south-central Kenya",$18.50/12 ounces,94.0
8.0,8.0,10.0,Medium,"Chimaltenango Department, Guatemala.",$16.95/12 ounces,95.0
9.0,8.0,9.0,Medium-Dark,Nicaragua.,CAD $13.00/16 ounces (454 grams),94.0
9.0,8.0,9.0,Medium,"Yirgacheffe growing region, southern Ethiopia.",$16.00/12 ounces,94.0
8.0,9.0,9.0,Medium-Dark,"Caranavi growing region, Bolivia.",$9.50/8 ounces (227 grams),94.0
8.0,8.0,9.0,Medium,"Kayanza Province, Burundi.",$15.75/12 ounces,93.0
7.0,8.0,9.0,Very Dark,Colombia,$15.45/24 K-Cups,89.0
8.0,8.0,9.0,Very Dark,East Africa; South America; Central America,$5.50/10 capsules,89.0
8.0,7.0,8.0,Very Dark,Not disclosed.,$15.45/24 K-Cups,89.0
7.0,8.0,8.0,Very Dark,Colombia,$8.50/16 pods,88.0
8.0,8.0,8.0,Very Dark,India,$6.20/10 capsules,87.0
8.0,8.0,8.0,Very Dark,Not disclosed.,$10.49/12 T Discs,87.0
7.0,7.0,6.0,Very Dark,Not disclosed.,$31.99/108 pods,85.0
7.0,7.0,7.0,Very Dark,Central America; South America.,$5.50/10 capsules,85.0
7.0,7.0,7.0,Very Dark,Not disclosed.,$15.45/24 K-Cups,85.0
7.0,7.0,7.0,Very Dark,Not disclosed.,$7.99/16 pods,85.0
7.0,7.0,7.0,Very Dark,Not disclosed.,$15.45/24 K-Cups,84.0
7.0,8.0,5.0,Very Dark,Not disclosed.,CAD $9.95/16 pods,83.0
7.0,7.0,6.0,Very Dark,"Sumatra, Indonesia; other undisclosed origins",$31.99/96 pods,83.0
6.0,6.0,5.0,Very Dark,Not disclosed.,$7.99/16 pods,79.0
6.0,6.0,4.0,Very Dark,Colombia,$21.99/ 64 pods,76.0
9.0,8.0,9.0,Medium-Dark,Burundi,$13.99/12 ounces,92.0
8.0,8.0,8.0,Medium-Light,Costa Rica.,$16.25/16 ounces,90.0
9.0,7.0,9.0,Medium,"Sidama growing region, southern Ethiopia.",$16.00/12 ounces,91.0
9.0,8.0,9.0,Light,"Kainantu district, Eastern Highlands Province, Papua New Guinea.",$12.95/12 ounces,93.0
8.0,8.0,9.0,Medium-Light,"Waghi Valley, Western Highlands, Papua New Guinea.",$11.95/12 ounces,92.0
10.0,8.0,10.0,Medium-Light,"Holualoa, North Kona growing district, Hawaii.",$39.95/16 ounces,94.0
8.0,8.0,9.0,Medium,"La Paz Department, Bolivia.",$18.00/12 ounces,92.0
9.0,8.0,9.0,Medium,"La Paz Department, Bolivia.",$13.75/12 ounces,93.0
9.0,7.0,9.0,Medium-Dark,Not disclosed.,NT$400/8 ounces,91.0
8.0,8.0,8.0,Medium,"Northern Province, Rwanda.",$15.50/12 ounces,90.0
9.0,8.0,9.0,Medium,"Minas Gerais State, Brazil.",$13.50/12 ounces,93.0
9.0,8.0,9.0,Medium,"Southern Province, Rwanda.",Price: $23.25/12 ounces,92.0
8.0,8.0,9.0,Medium,"El Paraiso Department, Honduras.",$19.25/12 ounces,91.0
8.0,8.0,9.0,Medium,"Kona growing region, ""Big Island"" of Hawaii.",$17.95/12 ounces,91.0
9.0,8.0,8.0,Medium-Light,"Loja Province, Ecuador",$13.75/12 ounces,90.0
8.0,8.0,9.0,Medium,"Yirgacheffe growing region, southern Ethiopia.",$23.00/500 grams (17.6 oz.),92.0
8.0,8.0,9.0,Medium,El Salvador,$14.95/12 ounces,92.0
7.0,6.0,8.0,,"Not specified, but most likely Ethiopia and either Java or Sumatra, Indonesia. All coffee of the Arabica species.",$5.65/16 oz. liquid concentrate,85.0
5.0,7.0,6.0,,Colombia. All coffee of the Arabica species.,$4.19/1.4 oz. instant,78.0
5.0,7.0,5.0,,Colombia. All coffee of the Arabica species.,$7.99/0.94 oz. instant,77.0
5.0,6.0,3.0,,Not disclosed. Contains coffee of the Robusta species.,$9.45/8 oz. instant,73.0
4.0,7.0,4.0,,Colombia. All coffee of the Arabica species.,$2.99/3.5 ounces instant,73.0
4.0,7.0,3.0,,Colombia. All coffee of the Arabica species.,$8.27/8 ounces instant,72.0
4.0,7.0,3.0,,Not disclosed. Contains coffee of the Robusta species.,$7.79/8 oz. instant,69.0
2.0,6.0,4.0,,Not disclosed. Composed entirely of coffees of the Arabica species.,$7.99/0.93 oz. instant,68.0
3.0,7.0,3.0,,Not disclosed.,$9.69/7 oz. instant,67.0
2.0,7.0,2.0,,Not disclosed. Contains coffee of the Robusta species.,$9.45/8 oz. instant,66.0
3.0,6.0,,,Not disclosed. Almost certainly contains coffee of the Robusta species.,$3.79/2 oz. instant,63.0
4.0,6.0,,,Not disclosed. Contains coffee of the Robusta species.,$5.29/4 oz. instant,52.0
8.0,9.0,9.0,Medium-Dark,Brazil; India,,92.0
8.0,7.0,8.0,Medium-Dark,Brazil; Ethiopia.,,90.0
8.0,8.0,8.0,Medium-Dark,Brazil; India.,,91.0
8.0,8.0,9.0,Medium-Dark,"Alta Mogiana growing region, Brazil.",$6.00/8 ounces,90.0
9.0,8.0,8.0,Medium-Dark,"Ethiopia; Sumatra, Indonesia",$12.00/12 ounces,90.0
8.0,8.0,8.0,Medium-Dark,Ethiopia,CAD $11.99/12 ounces,89.0
8.0,8.0,8.0,Medium,Not disclosed.,$10.75/12 ouncues,88.0
8.0,8.0,8.0,Medium-Dark,Dominican Republic,$16.95/16 ounces,88.0
8.0,7.0,8.0,Very Dark,Not disclosed.,$14.95/16 ounces,88.0
8.0,8.0,8.0,Medium-Dark,"Fazenda Cachoeira da Grama, Mogiana Region, Minas Gerais State.",$10.00/12 ounces,88.0
8.0,8.0,7.0,Medium-Dark,"Antioquia Department, central northwest Colombia",$14.45/16 ounces,87.0
8.0,7.0,8.0,Medium-Dark,"Antigua valley, Guatemala.",$13.25/16 ounces,88.0
8.0,8.0,9.0,Medium-Light,"Tres Rios growing region, Costa Rica",$11.95/12 ounces,90.0
8.0,8.0,9.0,Medium-Dark,"Boquete growing region, western Panama",$11.03/12 ounces,91.0
8.0,8.0,9.0,Medium,Rwanda,CAD $39.20/32 ounces,91.0
9.0,8.0,9.0,Medium-Dark,"Yirgacheffe growing region, southern Ethiopia.",$14.00/16 ounces,92.0
9.0,8.0,9.0,Medium,Not disclosed.,$8.49/12 ounces,91.0
7.0,8.0,8.0,Medium,Northern Thailand,CAD $15.99/16 ounces,89.0
8.0,7.0,8.0,Very Dark,Panama; Brazil.,$9.99/12 ounces,87.0
8.0,8.0,9.0,Medium,Dominican Republic,$18.95/12 ounces,91.0
9.0,8.0,8.0,Medium-Light,Not disclosed.,$15.78/16 ounces,91.0
8.0,8.0,9.0,Medium,South-central Kenya.,$17.50/12 ounces,91.0
8.0,8.0,9.0,Medium,"San Miguel Department, El Salvador.",$23.38/12 ounces,91.0
8.0,8.0,9.0,Medium,"Tarrazu growing region, central Costa Rica.",$16.00/12 ounces,91.0
8.0,8.0,9.0,Medium,"Southern Province, Rwanda.",$24.88/12 ounces,92.0
9.0,7.0,9.0,Medium,South-central Kenya.,$18.64/12 ounces,92.0
9.0,8.0,9.0,Medium,South-central Kenya.,$19.00/12 ounces.,95.0
8.0,8.0,9.0,Medium,"Huila Department, Colombia",$15.00/16 ounces,92.0
9.0,7.0,9.0,Medium,"Sidama growing region, southern Ethiopia.",$14.75/12 ounces,92.0
8.0,9.0,9.0,Medium-Light,Not disclosed.,NT$600/8 ounces,94.0
8.0,8.0,8.0,Medium,"Kona growing region, ""Big Island"" of Hawaii.",$27.00/16 ounces,89.0
8.0,8.0,9.0,Medium-Light,"Huila Department, Colombia",$10.50/250 grams (8.8 oz.),91.0
8.0,7.0,9.0,Medium,"Huila Department, Colombia",$20.00/500 grams (17.6 oz.),91.0
8.0,8.0,9.0,Medium,"Huila Department, Colombia",$20.00/500 grams (17.6 oz.),92.0
8.0,8.0,9.0,Medium-Light,"Huila Department, Colombia",$10.50/250 grams (8.8 oz.),92.0
9.0,7.0,8.0,Very Dark,Not disclosed.,$13.99/16 ounces,90.0
7.0,9.0,8.0,Medium,"Toraja growing region, southwestern Sulawesi, Indonesia",$15.75/12 ounces,90.0
8.0,9.0,8.0,Medium,Guatemala; Brazil; Ethiopia,CAD $35.25/32 ounces,92.0
9.0,9.0,9.0,Medium,"Yirgacheffe growing region, southern Ethiopia.",$15.95/12 ounces,95.0
9.0,8.0,10.0,Medium,"Yirgacheffe growing region, southern Ethiopia.",$11.95/12 ounces,93.0
9.0,8.0,8.0,Medium,"Yirgacheffe growing region, southern Ethiopia.",$13.50/12 ounces,92.0
9.0,8.0,9.0,Medium,"Sidama growing region, southern Ethiopia.",$14.75/12 ounces,92.0
9.0,8.0,9.0,Medium,"Yirgacheffe growing region, southern Ethiopia.",$11.99/12 ounces,91.0
8.0,8.0,9.0,Medium-Light,"Yirgacheffe growing region, southern Ethiopia.",$8.90/12 ounces,91.0
8.0,8.0,8.0,Medium,"Yirgacheffe growing region, southern Ethiopia.",$8.49/10 ounces,90.0
8.0,8.0,8.0,Medium-Dark,Southern Ethiopia,$12.75/12 ounces,90.0
8.0,8.0,8.0,Medium,"Sidama growing region, southern Ethiopia.",$10.95/12 ounces,90.0
8.0,8.0,9.0,Medium,"Yirgacheffe growing region, southern Ethiopia.",$13.00/16 ounces,90.0
9.0,8.0,8.0,Medium-Light,"Oromia growing region, southern Ethiopia",$12.00/12 ounces,90.0
9.0,8.0,9.0,Medium,"Antigua valley, Guatemala.",$15.95/12 ounces,93.0
9.0,8.0,10.0,Medium,"Murang'a, south-central Kenya",$21.00/12 ounces,95.0
8.0,8.0,8.0,Medium-Dark,"Caranavi growing region, Bolivia.",CAD $14.40/8 ounces,90.0
8.0,8.0,8.0,Medium,"Tarrazu growing region, central Costa Rica",CAD $13.60/8 ounces,89.0
7.0,8.0,8.0,Medium-Light,"Chalatenango Department, El Salvador",$19.00/12 ounces.,88.0
8.0,8.0,8.0,Medium-Dark,"Santa Barbara Department, Honduras.",$12.00/8 ounces,89.0
8.0,8.0,7.0,Very Dark,Not disclosed.,$19.45/24 K-Cups,88.0
8.0,8.0,8.0,Very Dark,Colombia,$19.45/24 K-Cups,90.0
9.0,8.0,9.0,Medium-Light,Northwestern El Salvador,$11.95/12 ounces,92.0
8.0,9.0,9.0,Medium-Light,Northwestern El Salvador,$11.95/12 ounces,93.0
9.0,8.0,9.0,Medium-Light,Northwestern El Salvador,$14.95/12 ounces,94.0
9.0,8.0,8.0,Medium-Light,"Kona, Hawaii; Sumatra; Ethiopia",$17.95/12 ounces,92.0
9.0,8.0,9.0,Medium,"Boquete growing region, western Panama",$43.95/10 ounces,95.0
8.0,8.0,8.0,Dark,Not disclosed.,CAD $44.07/1 kg. (2.2 lbs.),90.0
9.0,8.0,9.0,Medium,"Sidamo growing region, southern Ethiopia.",$37.95/12 ounces,94.0
9.0,8.0,9.0,Medium-Light,"Kona growing region, ""Big Island"" of Hawaii.",$45.19/12 ounces,94.0
8.0,8.0,9.0,Medium,"Santa Barbara Department, Honduras.",$20.00/500 grams (17.6 oz.),91.0
8.0,8.0,9.0,Medium,"Santa Barbara Department, Honduras.",$20.00/500 grams (17.6 oz.),92.0
9.0,8.0,8.0,Dark,Northern Thailand,CAD $15.00/16 oz.,90.0
8.0,8.0,8.0,Medium-Dark,Not disclosed.,$9.00/12 ounces,90.0
7.0,8.0,8.0,Dark,Not disclosed.,$10.99/16 ounces,87.0
8.0,7.0,7.0,Very Dark,"El Salvador; Guatemala; Sumatra, Indonesia.",$12.99/16 ounces,88.0
9.0,7.0,8.0,Dark,Not disclosed.,$12.99/16 ounces,89.0
8.0,8.0,8.0,Medium-Light,"Santa Ana Department, El Salvador.",$10.00/250 grams (8.8 oz.),90.0
8.0,7.0,8.0,Medium-Dark,"Usulutan Department, El Salvador.",$17.99/16 ounces,90.0
8.0,8.0,9.0,Medium-Dark,"Tarrazu growing region, central Costa Rica",$12.99/16 ounces,91.0
8.0,8.0,9.0,Medium-Dark,"Tarrazu growing region, central Costa Rica",$17.99/16 ounces,92.0
9.0,8.0,8.0,Medium,"Santa Ana Department, El Salvador.",$19.00/500 grams (17.6 oz.),92.0
9.0,8.0,9.0,Medium,"Huehuetenango growing region, Guatemala.",$12.99/16 ounces,92.0
9.0,8.0,9.0,Medium,Kenya,$16.99/16 ounces,93.0
9.0,8.0,9.0,Medium,South-central Kenya.,$19.25/16 ounces,93.0
8.0,8.0,9.0,Medium-Dark,Not disclosed.,$15.00/12 ounces,92.0
8.0,7.0,9.0,Dark,Not disclosed.,CAD $37.46/1 kg. (2.2 lbs.),89.0
9.0,9.0,9.0,Medium-Dark,Not disclosed.,CAD $44.07/1 kg. (2.2 lbs.),94.0
9.0,8.0,8.0,Medium,"Las Sabanas, Nicaragua",$11.95/12 oz.,91.0
8.0,8.0,8.0,Medium-Dark,"Aceh Province, northern Sumatra, Indonesia.",CAD $30.75/32 oz.,88.0
8.0,8.0,8.0,Medium,Northern Thailand.,CAD $55.00/50 g.,88.0
8.0,9.0,9.0,Medium,"Ka'u growing district, southwestern corner of the ""Big Island"" of Hawaii.",$27.00/8 oz.,95.0
8.0,8.0,9.0,Medium,"Sidamo growing region, southern Ethiopia.",$15.95/12 oz.,93.0
9.0,8.0,9.0,Medium,"Boquete growing region, western Panama",$17.84/16 oz.,93.0
9.0,8.0,9.0,Medium,"Kona growing region, ""Big Island"" of Hawaii.",$34.95/10 oz.,93.0
9.0,8.0,9.0,Medium-Light,"Sidamo growing region, southern Ethiopia.",CAD $17.00/16 oz.,92.0
9.0,8.0,9.0,Medium-Light,"Sidamo growing region, southern Ethiopia.",$7.50/8 oz.,92.0
8.0,9.0,8.0,Medium-Light,Southern Ethiopia,$12.95/12 oz.,92.0
9.0,8.0,9.0,Medium,"Sidamo growing region, southern Ethiopia.",$14.95/16 oz.,92.0
8.0,8.0,9.0,Medium,"Ka'u growing district, southwestern corner of the ""Big Island"" of Hawaii.","NT$3,000/16 oz.",92.0
8.0,8.0,9.0,Medium-Light,"Ahuachapan Department, El Salvador.",$14.95/16 oz.,91.0
8.0,8.0,8.0,Light,Costa Rica,$11.99/12 oz.,90.0
8.0,8.0,8.0,Medium-Dark,Nicaragua.,CAD $15.00/16 oz.,89.0
8.0,8.0,8.0,Light,Northern Thailand.,,90.0
9.0,8.0,9.0,Medium-Light,"Matagalpa, Nicaragua",$22.00/16 oz.,93.0
7.0,8.0,8.0,Medium-Dark,Not disclosed.,$8.49/12 oz.,87.0
8.0,7.0,8.0,Medium-Dark,"Java, Indonesia.",$9.95/12 oz.,87.0
7.0,8.0,8.0,Very Dark,Not disclosed.,$8.49/12 oz.,87.0
8.0,8.0,8.0,Medium-Dark,"Northern Sumatra, Indonesia",$8.49/10 oz.,88.0
8.0,7.0,9.0,Medium-Dark,"Ka'u, Hawaii; Costa Rica; Kenya.",NT$600/8 oz.,89.0
8.0,8.0,8.0,Medium-Dark,South-central Kenya.,$11.95/12 oz.,90.0
9.0,8.0,8.0,Medium,Ethiopia; Panama,NT$900/16 oz.,91.0
8.0,8.0,9.0,Medium,Central Kenya,$19.95/12 oz.,92.0
8.0,8.0,9.0,Dark,"Harrar region, northeastern Ethiopia.",$13.75/16 oz.,92.0
9.0,8.0,9.0,Medium,"Limu growing region, Ethiopia: Guatemala; northern Sumatra, Indonesia.",$12.75/12 oz.,91.0
8.0,8.0,9.0,Medium-Dark,Not disclosed.,$10.65/12 oz.,92.0
8.0,8.0,7.0,Very Dark,Northern Thailand.,CAD $15.99/16 oz.,87.0
8.0,8.0,8.0,Medium,Not disclosed.,$10.99/12 oz.,89.0
8.0,8.0,7.0,Very Dark,Northern Thailand.,CAD $15.99/16 oz.,87.0
9.0,7.0,8.0,Medium,Not disclosed.,$11.49/12 oz.,90.0
8.0,8.0,9.0,Medium,"West Valley growing region, Costa Rica.",$19.00/500 g. (17.6 oz.),92.0
8.0,7.0,9.0,Medium,"Jinotega growing region, north-central Nicaragua",$18.00/500 g (17.6 oz.),93.0
9.0,8.0,9.0,Medium-Light,Kenya,NT$600/8 oz.,94.0
9.0,8.0,8.0,Medium,"Paso Ancho growing region, Chiriqui Province, Panama.",$22.00/12 oz.,91.0
9.0,8.0,9.0,Medium-Light,"Sidamo growing region, southern Ethiopia.",$11.95/12 oz.,92.0
8.0,8.0,9.0,Medium-Light,South-central Kenya.,$17.00/12 oz.,92.0
8.0,9.0,9.0,Medium,"Palencia, Guatemala Department, Guatemala.",$17.00/12 oz.,92.0
10.0,9.0,10.0,Medium,"Antigua valley, central Guatemala",$15.00/12 oz.,97.0
9.0,8.0,9.0,Medium,"Palencia, Guatemala Department, Guatemala.",$9.80/12 oz.,93.0
9.0,8.0,9.0,Medium,"Antigua valley, Guatemala.",$12.50/12 oz.,93.0
8.0,8.0,9.0,Medium,"Huehuetenango growing region, Guatemala.",$12.00/12 oz.,93.0
8.0,8.0,9.0,Medium,"Antigua valley, Guatemala.",$16.95/16 oz.,92.0
9.0,9.0,9.0,Medium,Guatemala.,$49.00/19 oz. (incl. express shipping from Guatemala),92.0
9.0,9.0,8.0,Medium,"Huehuetenango growing region, Guatemala.",$11.75/12 oz.,92.0
8.0,8.0,9.0,Medium,"Palencia, Guatemala Department, Guatemala.",$14.00/16 oz.,91.0
8.0,8.0,9.0,Medium-Dark,"Antigua valley, Guatemala.",$14.00/12 oz.,91.0
9.0,7.0,8.0,Medium-Dark,Not disclosed.,$7.50/8 oz.,92.0
9.0,8.0,9.0,Medium-Dark,Not disclosed.,$12.99/12 oz.,92.0
9.0,8.0,9.0,Medium,Not disclosed.,$64.95/ 5 pounds,92.0
9.0,8.0,8.0,Medium,Not disclosed.,$11.95/pound,91.0
8.0,8.0,8.0,Medium-Dark,Guatemala; Sumatra; Nicaragua; Brazil; Honduras.,CAD $27.50/32 oz.,91.0
8.0,7.0,8.0,Medium-Dark,Not disclosed.,$17.00/pound,89.0
8.0,8.0,7.0,Medium-Dark,Brazil; Ethiopia; Sumatra; Indonesia.,CAD $9.99/12 oz.,89.0
9.0,8.0,8.0,Medium,Costa Rica; Brazil.,$8.50/8 oz.,89.0
7.0,8.0,8.0,Medium-Dark,Not disclosed.,$12.95/pound,88.0
9.0,8.0,9.0,Medium,"Chimaltenango Department, Guatemala.",$15.95/12 oz.,92.0
9.0,9.0,8.0,Medium-Dark,"Santa Ana Department, El Salvador.",$18.00/500 g (17.6 oz.),92.0
8.0,8.0,9.0,Medium,"Nyeri growing region, south-central Kenya.",$15.95/12 oz.,92.0
8.0,9.0,9.0,Medium,"El Quiche Department, south central Guatemala",$18.00/500 g (17.6 oz.),93.0
8.0,8.0,8.0,Very Dark,Colombia,$12.95/24 K-Cups,87.0
8.0,8.0,7.0,Very Dark,Not disclosed.,$8.49/10 oz.,87.0
8.0,8.0,8.0,Medium,"Ahuachapan Department, El Salvador.",$17.95/12 oz.,90.0
9.0,7.0,9.0,Medium,Southern Ethiopia,$11.95/12 oz.,91.0
9.0,9.0,9.0,Medium-Dark,"Sidamo growing region, southern Ethiopia.",$11.75/12 oz.,93.0
9.0,8.0,9.0,Medium-Dark,"Huehuetenango growing region, Guatemala.",$10.50/12 oz.,93.0
8.0,8.0,8.0,Medium-Dark,"Kona growing district, ""Big Island"" of Hawaii.",$29.00/pound,89.0
8.0,8.0,9.0,Medium,"Nyeri growing region, south-central Kenya.",$11.00/8.8 oz.,93.0
9.0,8.0,10.0,Medium,"Sidamo growing region, southern Ethiopia.",$37.95/12 oz.,96.0
9.0,8.0,9.0,Medium,"Santa Rosa Department, Guatemala.",$13.75/12 oz.,90.0
8.0,9.0,8.0,Medium-Dark,Ethiopia; Rwanda; Guatemala.,$12.95/16 oz.,90.0
9.0,8.0,9.0,Medium,"Boquete growing region, western Panama",$28.00/8 oz.,94.0
7.0,7.0,7.0,Very Dark,Not disclosed.,$13.95/22 K-Cups,85.0
7.0,7.0,7.0,Very Dark,Not disclosed.,$13.95/24 K-Cups,85.0
8.0,7.0,7.0,Very Dark,Not disclosed.,$13.95/22 K-Cups,87.0
8.0,8.0,8.0,Medium-Light,"Jinotega growing region, north-central Nicaragua",$9.50/250 g. (8.8 oz),90.0
9.0,8.0,8.0,Medium-Light,"Tres Rios growing region, central Costa Rica.",$12.95/12 oz.,90.0
9.0,8.0,9.0,Medium-Light,"Lempira and Copan departments, Honduras.",$10.00/250 g. (8.8 oz.),91.0
9.0,8.0,9.0,Medium,"West Valley growing region, Costa Rica.",$9.50/250 g. (8.8 oz),92.0
8.0,8.0,8.0,Medium-Dark,"Huila Department, southern Colombia.",$14.95/16 oz.,89.0
7.0,8.0,8.0,Medium-Dark,"Flores, Indonesia.",$13.50/12 oz.,88.0
8.0,8.0,7.0,Dark,Not disclosed.,$10.99/12 oz.,88.0
8.0,7.0,8.0,Medium-Dark,Not disclosed.,$11.75/12 oz.,88.0
7.0,7.0,8.0,Very Dark,Kenya,$12.45/16 oz.,87.0
8.0,7.0,8.0,Medium-Dark,Mexico,$9.49/10 oz.,87.0
8.0,8.0,8.0,Medium,"Huila Department, southern Colombia.",$11.95/12 oz.,89.0
8.0,8.0,8.0,Medium,"Matagalpa, Nicaragua",CAD $29.35 /32 oz.,90.0
9.0,8.0,9.0,Medium-Dark,Southern Ethiopia,CAD $38.37/32 oz.,93.0
9.0,8.0,8.0,Medium,Kenya,$18.00/12 oz.,90.0
9.0,8.0,8.0,Medium,"Santa Ana Department, El Salvador.",$15.00/12 oz.,90.0
8.0,8.0,8.0,Very Dark,Not disclosed.,$6.99/18 pods,88.0
9.0,7.0,9.0,Medium,El Salvador; Ethiopia.,$13.45/16 oz.,91.0
8.0,8.0,8.0,Medium-Light,Northwestern El Salvador,$11.95/12 oz.,90.0
8.0,8.0,8.0,Medium,"Santa Ana Department, El Salvador.",$9.25/8.8 oz.,90.0
9.0,8.0,9.0,Medium,Southern Ethiopia,$11.95/12 oz.,92.0
8.0,8.0,8.0,Light,"Sacatepequez Department, Guatemala",$11.95/12 oz.,90.0
8.0,8.0,9.0,Light,"Quiche Department, Guatemala.",$11.95/12 oz.,93.0
9.0,8.0,9.0,Medium-Light,"Aceh Province, northern Sumatra, Indonesia.",$11.95/12 oz.,94.0
9.0,8.0,9.0,Medium-Light,"Sidamo Province, southern Ethiopia",$12.95/12 oz.,95.0
8.0,8.0,8.0,Medium-Dark,"Huehuetenango growing region, Guatemala.",$6.00/8 oz.,89.0
9.0,8.0,9.0,Medium,South-central Kenya.,$18.00/12 oz.,92.0
8.0,8.0,8.0,Medium,"Huehuetenango growing region, Guatemala.",CAD $14.00/12 oz.,90.0
8.0,8.0,9.0,Medium-Light,"Santa Ana Department, El Salvador.",CAD $16 /12 oz.,93.0
9.0,9.0,9.0,Medium-Dark,"Thika growing district, central Kenya.",CAD $16 /12 oz.,93.0
8.0,9.0,9.0,Medium,"Near Patrocino, Cerrado growing region, Brazil",CAD $16 /12 oz.,93.0
8.0,8.0,8.0,Medium-Light,Not disclosed.,$11.95/12 oz.,90.0
9.0,8.0,,Medium-Dark,Not disclosed.,$11.95/12 oz.,91.0
8.0,7.0,8.0,Very Dark,"Lake Tawar basin, Aceh Province, northern Sumatra, Indonesia",$8.49/10 oz.,89.0
8.0,8.0,8.0,Very Dark,South America; East Africa,$8.49/10 oz.,90.0
8.0,8.0,9.0,Medium-Dark,"Chimaltenango Department, Guatemala.",$17.95/12 oz.,91.0
8.0,7.0,9.0,Medium-Light,"Huehuetenango growing region, Guatemala.",$12.95/12 oz.,91.0
8.0,8.0,9.0,Medium-Dark,Colombia; Ethiopia; Brazil,CAD $14.00/12 oz.,92.0
8.0,8.0,8.0,Medium-Dark,Colombia; Kenya; Sumatra,CAD $11.00/12 oz.,90.0
8.0,8.0,9.0,Medium,Ethiopia; El Salvador; Sumatra,CAD $13.00/12 oz.,90.0
9.0,8.0,8.0,Medium,"Waghi Valley, Western Highlands, Papua New Guinea",$12.95/pound,90.0
7.0,7.0,7.0,Very Dark,Not disclosed.,$13.95/22 K-Cups,85.0
7.0,8.0,7.0,Very Dark,Not disclosed.,$13.95/22 K-Cups,86.0
8.0,8.0,9.0,Medium-Dark,Kenya; Colombia; Brazil,$16.95/12 oz.,92.0
8.0,9.0,9.0,Medium,"La Paz Department, Bolivia",$17.10/12 oz.,93.0
9.0,8.0,9.0,Medium-Light,"Pichincha Province, Ecuador",$17.95/16 oz.,92.0
9.0,8.0,9.0,Medium,"La Paz Department, Bolivia",$15.99/8 oz.,92.0
8.0,8.0,9.0,Medium,"La Paz Department, Bolivia",$15.99/8 oz.,91.0
9.0,8.0,9.0,Medium,"Cajamarca growing region, Peru.",$12.99/12 oz.,91.0
9.0,8.0,9.0,Dark,"La Paz Department, Bolivia",$11.95/pound,91.0
8.0,8.0,9.0,Medium,"Loja Province, Ecuador",$13.75/12 oz.,90.0
9.0,8.0,8.0,Medium-Light,"La Paz Department, Bolivia",$21.00/8 oz.,90.0
9.0,8.0,8.0,Light,"La Paz Department, Bolivia",CAD $15.00/12 oz.,90.0
8.0,8.0,8.0,Medium,Colombia,$11.00/16 oz.,91.0
8.0,8.0,8.0,Medium-Dark,"San Marcos growing region, southwestern Guatemala.",$12.50/16 oz.,90.0
8.0,7.0,8.0,Medium-Dark,Central Zambia,$12.80/16 oz.,89.0
8.0,8.0,8.0,Very Dark,Not disclosed.,$7.75/12 oz.,89.0
8.0,8.0,7.0,Medium-Light,"Central Bali, Indonesia",$11.45/12 oz.,88.0
8.0,8.0,8.0,Dark,"Jinotega growing region, north-central Nicaragua",$12.27/pound,88.0
8.0,8.0,8.0,Medium-Dark,Burundi,$13.00/pound,87.0
9.0,8.0,9.0,Medium,"Ruvuma growing region, southwestern Tanzania.",CAD $35.20/32 oz.,94.0
8.0,8.0,8.0,Medium,"Tarrazu growing region, central Costa Rica",CAD $31.20/32 oz.,90.0
8.0,8.0,8.0,Medium,"San Marcos growing region, southwestern Guatemala.",CAD $30.50/32 oz.,89.0
8.0,8.0,9.0,Medium-Light,"Oaxaca State, Mexico",$7.50/16 oz.,91.0
9.0,8.0,9.0,Light,"Sidamo growing region, southern Ethiopia.",$29.95/pound,93.0
8.0,8.0,9.0,Medium,Zambia,$10.50/12 oz.,92.0
8.0,8.0,8.0,Medium,"Waghi Valley, Western Highlands, Papua New Guinea",$10.50/12 oz.,88.0
8.0,9.0,9.0,Medium,Brazil,$13.00/12 oz.,91.0
8.0,8.0,9.0,Medium,Colombia,$8.49/10 oz.,91.0
8.0,7.0,8.0,Medium-Light,"Yirgacheffe growing region, southern Ethiopia.",$9.25 / 250 g. (8.8 oz.),90.0
8.0,8.0,8.0,Medium-Light,"Patrocinio area, Minas Gerais State, Brazil.",$18.50 / 500 g. (17.6 oz.),90.0
8.0,8.0,8.0,Medium-Light,"Huila Department, Colombia",$18.50 / 500 g. (17.6 oz.),90.0
9.0,8.0,9.0,Medium-Light,"Yirgacheffe growing region, southern Ethiopia.",$18.50 / 500 g. (17.6 oz.),94.0
9.0,8.0,9.0,Medium,"Sidamo Province, southern Ethiopia",CAD $16 / 12 oz.,93.0
8.0,8.0,9.0,Medium-Dark,"Karnataka State, southern India.",$11.00/12 oz.,91.0
8.0,9.0,8.0,Very Dark,Ethiopia; Indonesia,$13.99/24 K-Cups,89.0
7.0,8.0,7.0,Very Dark,Not disclosed.,$13.99/24 K-Cups,87.0
7.0,7.0,7.0,Very Dark,Not disclosed.,$13.99/24 K-Cups,85.0
7.0,8.0,7.0,Very Dark,Not disclosed.,$13.99/24 K-Cups,86.0
7.0,7.0,7.0,Very Dark,Not disclosed.,$13.99/24 K-Cups,85.0
8.0,8.0,9.0,Medium-Dark,Costa Rica; Panama; Brazil; Ethiopia; El Salvador.,NT$300 / 8 oz.,90.0
9.0,8.0,10.0,Medium-Light,"Huila Department, Colombia",$16.95/12 oz.,95.0
9.0,8.0,9.0,Medium,"Yirgacheffe region, southern Ethiopia; eastern Java.",$12.95/16 oz.,93.0
9.0,8.0,9.0,Medium,"Kayanza Province, Burundi.",$11.95/12 oz.,93.0
9.0,9.0,9.0,Light,"Sidamo growing region, southern Ethiopia.",$13.95/12 oz.,93.0
8.0,8.0,8.0,Light,"Toraja growing region, southwestern Sulawesi, Indonesia",$14.95 / 12 oz.,91.0
9.0,8.0,9.0,Medium,"Lake Tawar basin, Aceh Province, northern Sumatra, Indonesia",$14.50 / 16 oz.,94.0
9.0,8.0,9.0,Medium-Light,"Lintong growing district, North Sumatra Province, Indonesia.",$13.95 / 16 oz.,93.0
9.0,8.0,9.0,Medium-Light,"Northern Sumatra, Indonesia",$12.00 / 12 oz.,92.0
8.0,8.0,9.0,Medium,"Mandheling growing region, northern Sumatra, Indonesia.",$11.33 / 16 oz.,92.0
9.0,8.0,9.0,Medium,"Lintong growing district, North Sumatra Province, Indonesia.",$12.00 / 12 oz.,91.0
9.0,8.0,8.0,Medium-Light,"Aceh Province, northern Sumatra, Indonesia.",$11.95 / 12 oz.,91.0
8.0,8.0,8.0,Medium,"Sidikalang growing district, northern Sumatra, Indonesia.",$12.50 /12 oz.,89.0
8.0,8.0,8.0,Medium,"Gayo growing region, Aceh Province, northern Sumatra, Indonesia.",CAD $9.99 / 12 oz.,89.0
8.0,8.0,8.0,Medium,"Sidikalang growing district, northern Sumatra, Indonesia.",CAD $11.50 / 16 oz.,89.0
8.0,8.0,8.0,Medium-Light,"Lintong growing district, North Sumatra Province, Indonesia.",$12.00 / 12 oz.,89.0
8.0,8.0,8.0,Dark,"Aceh Province, northern Sumatra, Indonesia.",$8.75 / 12 oz.,88.0
8.0,8.0,8.0,Medium-Dark,"Mandheling growing region, northern Sumatra, Indonesia.",$9.00 / 12 oz.,88.0
8.0,8.0,8.0,Medium,"Gayo growing region, Aceh Province, northern Sumatra, Indonesia.",$12.00 / 16 oz.,87.0
7.0,8.0,7.0,Medium-Dark,"Mandheling growing region, northern Sumatra, Indonesia.",$12.95 / 16 oz.,86.0
9.0,8.0,9.0,Medium-Light,"Sidamo growing region, southern Ethiopia.",$10.00 / 250 g. (8.8 oz.),95.0
8.0,8.0,9.0,Medium-Light,"Kona growing district, ""Big Island"" of Hawaii.",$25 / 16 oz.,91.0
8.0,8.0,9.0,Light,"Holualoa, North Kona growing district, Hawaii.",$79.95 / 16 oz.,91.0
8.0,8.0,8.0,Light,"Kaanapali district, near Lahaina, West Maui, Hawaii",$14.95 / 16 oz.,90.0
8.0,8.0,8.0,Medium-Dark,Dominican Republic,$11.99 / 16 oz.,90.0
8.0,8.0,8.0,Medium,"Kona growing district, ""Big Island"" of Hawaii.",,89.0
7.0,8.0,7.0,Medium,"Blue Mountain growing region, eastern Jamaica.",$45.99 / 16 oz.,88.0
8.0,7.0,8.0,Medium-Light,"Ranguitte, Haiti",$19.95 / 12 oz.,88.0
8.0,8.0,8.0,Medium-Dark,"Hamakua district, northeastern coast of the Big Island of Hawaii.",$30 / 16 oz.,88.0
7.0,8.0,8.0,Medium-Dark,Puerto Rico.,$14.99 / 12 oz.,87.0
9.0,8.0,9.0,Light,"Sidamo Province, southern Ethiopia.",$17.99 / 16 oz.,92.0
9.0,8.0,9.0,Dark,Not disclosed.,,91.0
8.0,7.0,7.0,Medium-Dark,Sumatra; Kenya; Brazil; Costa Rica; Burundi.,,88.0
8.0,8.0,8.0,Medium-Light,"San Antonio De La Balsa, Peru.",$14.63 / 12 oz.,89.0
8.0,8.0,8.0,Very Dark,Not disclosed.,$8.49 / 10 oz.,90.0
8.0,8.0,8.0,Medium,"Alajuela Province, Costa Rica.",$17.95 / 12 oz.,88.0
9.0,8.0,9.0,Medium-Light,"Yirgacheffe growing region, southern Ethiopia.",$13 / 12 oz.,94.0
9.0,8.0,9.0,Medium-Light,"Yirgacheffe growing region, Sidamo Province, southern Ethiopia.",,93.0
9.0,8.0,9.0,Medium-Dark,"Northern Sumatra, Indonesia",,94.0
9.0,8.0,9.0,Medium-Light,"Yirgacheffe growing region, southern Ethiopia.",,92.0
9.0,8.0,9.0,Light,Various Africa growing regions.,,93.0
8.0,8.0,8.0,Medium-Dark,Kenya and Guatemala.,,89.0
8.0,7.0,8.0,Medium-Dark,"Tarrazu growing region, Costa Rica.",,88.0
8.0,8.0,7.0,Medium-Dark,Not disclosed.,,88.0
9.0,8.0,9.0,Medium,"Toraja growing region, southwestern Sulawesi, Indonesia",,94.0
9.0,8.0,9.0,Light,"Central Bali, Indonesia",,92.0
8.0,8.0,8.0,Medium-Light,"Island of Flores, Indonesia.",,90.0
8.0,8.0,8.0,Medium-Light,"East Java, Indonesia.",,90.0
8.0,8.0,8.0,Medium-Light,"Island of Flores, Indonesia.",,90.0
8.0,8.0,8.0,Medium,"East Java, Indonesia.",,90.0
8.0,9.0,8.0,Medium-Light,"Bali, Indonesia.",,90.0
8.0,8.0,8.0,Medium-Dark,"Toraja growing region, southwestern Sulawesi, Indonesia",,90.0
8.0,8.0,8.0,Medium,"Sulawesi, Indonesia.",,89.0
9.0,8.0,9.0,Medium,South-central Kenya,,92.0
8.0,8.0,8.0,Medium,"Northern Sumatra, Indonesia",,90.0
9.0,8.0,9.0,Light,"Southwestern Ethiopia; northern Sumatra, Indonesia.",,94.0
9.0,8.0,9.0,Medium,"Central Yemen; eastern Java, Indonesia.",,92.0
8.0,7.0,9.0,Medium-Dark,"Yirgacheffe growing region, southern Ethiopia; Harrar region, eastern Ethiopia; central Yemen.",,92.0
8.0,8.0,9.0,Medium,"Central Yemen; northern Sumatra, Indonesia.",,91.0
9.0,8.0,8.0,Medium,"Harrar region, eastern Ethiopia; eastern Java, Indonesia.",,91.0
9.0,8.0,9.0,Medium,Southwestern Ethiopia; eastern Ethiopia; eastern Java.,,91.0
9.0,8.0,8.0,Medium,"Yirgacheffe region, southern Ethiopia; eastern Java.",,91.0
8.0,8.0,9.0,Light,"Yirgacheffe region, southern Ethiopia; Mandheling region, northern Sumatra, Indonesia.",,90.0
8.0,8.0,8.0,Medium,"Sidamo region, southern Ethiopia; Aceh Province, northern Sumatra, Indonesia.",,90.0
8.0,8.0,9.0,Medium-Dark,"Sidamo region, southern Ethiopia; northern Sumatra, Indonesia.",,90.0
8.0,7.0,8.0,Medium,"Sidamo region, southern Ethiopia; northern Sumatra, Indonesia.",,89.0
8.0,8.0,8.0,Medium-Dark,"Central Yemen; eastern Java, Indonesia.",,89.0
8.0,8.0,8.0,Dark,"Harrar region, eastern Ethiopia; northern Sumatra, Indonesia.",,89.0
7.0,7.0,8.0,Very Dark,"Sidamo region, southern Ethiopia; Mandheling region, northern Sumatra.",,88.0
8.0,8.0,9.0,Medium,"Chiapas State, Mexico",,92.0
8.0,8.0,9.0,Medium-Light,"Fondo Paez Cooperative, Valle de Cauca Department, western Colombia.",,92.0
9.0,8.0,9.0,Medium-Light,"Chimaltenango Department, Guatemala.",,92.0
8.0,8.0,9.0,Light,"Usulutan Department, El Salvador.",,92.0
8.0,8.0,9.0,Medium-Dark,"Ruvuma growing region, southwestern Tanzania.",,91.0
8.0,8.0,9.0,Medium,Colombia.,,91.0
8.0,8.0,9.0,Medium-Light,"Ahuachapan Department, El Salvador.",,91.0
9.0,9.0,9.0,Medium,Not disclosed.,,93.0
9.0,9.0,8.0,Medium,Not disclosed.,,92.0
8.0,7.0,7.0,Very Dark,Not disclosed.,,87.0
8.0,8.0,8.0,Dark,Not disclosed.,,90.0
7.0,7.0,7.0,Very Dark,Not disclosed.,,85.0
8.0,7.0,8.0,Medium-Dark,Not disclosed.,,87.0
7.0,7.0,7.0,Dark,Not disclosed.,,85.0
8.0,8.0,8.0,Medium-Dark,"Northern Sumatra, Indonesia",,89.0
8.0,7.0,8.0,Dark,"Sulawesi, Indonesia.",,87.0
8.0,8.0,9.0,Very Dark,Guatemala,,90.0
8.0,8.0,9.0,Medium,Kenya.,,91.0
8.0,9.0,8.0,Medium-Dark,Sumatra; Colombia; Brazil; Ethiopia; Costa Rica; Papua New Guinea,,91.0
8.0,9.0,9.0,Medium-Dark,Not disclosed.,,93.0
8.0,8.0,9.0,Medium,Not disclosed.,,91.0
9.0,8.0,9.0,Medium-Light,"Boquete growing region, western Panama",,95.0
8.0,8.0,9.0,Medium-Light,"Usulutan Department, El Salvador.",,92.0
8.0,8.0,9.0,Medium,South-central Kenya,,92.0
9.0,8.0,9.0,Medium-Light,South-central Kenya,,95.0
8.0,8.0,9.0,Light,"Nyeri growing region, south-central Kenya.",,92.0
9.0,8.0,9.0,Medium-Light,"Northern Sumatra, Indonesia",,94.0
8.0,8.0,8.0,Medium-Light,"Antigua valley, Guatemala.",,90.0
8.0,8.0,8.0,Medium-Dark,Northern Thailand.,,90.0
9.0,8.0,9.0,Medium-Light,"Boquete growing region, western Panama",,95.0
9.0,8.0,10.0,Medium-Light,"Yirgacheffe growing region, Sidamo Province, southern Ethiopia.",,97.0
9.0,8.0,10.0,Medium,Kenya,,96.0
9.0,8.0,9.0,Medium,"Northern Sumatra, Indonesia",,93.0
8.0,7.0,8.0,Very Dark,Not disclosed.,,88.0
7.0,8.0,7.0,Very Dark,Not disclosed.,,86.0
8.0,8.0,9.0,Light,South-central Kenya,,92.0
8.0,8.0,9.0,Light,"Fraijanes growing region, Guatemala.",,91.0
9.0,8.0,9.0,Medium,"Yirgacheffe growing region, Sidamo Province, southern Ethiopia.",,94.0
9.0,8.0,9.0,Medium,"Sidamo growing region, southern Ethiopia.",,93.0
8.0,8.0,9.0,Medium,"Yirgacheffe growing region, Sidamo Province, southern Ethiopia.",,92.0
8.0,8.0,9.0,Medium,"Fondo P?ez Cooperative, Valle de Cauca Department, western Colombia.",,92.0
8.0,8.0,9.0,Medium-Light,"Tarrazu growing region, central Costa Rica.",,91.0
8.0,8.0,8.0,Medium-Dark,"Huehuetenango growing region, Guatemala.",,90.0
8.0,8.0,8.0,Medium,Brazil.,,90.0
8.0,7.0,8.0,Medium-Light,"Aleta Wondo Valley, western Ethiopia.",,90.0
8.0,8.0,8.0,Dark,Kenya.,,89.0
8.0,7.0,8.0,Medium,"Yirgacheffe growing region, Sidamo Province, southern Ethiopia.",,89.0
8.0,8.0,8.0,Medium,Bolivia.,,89.0
8.0,7.0,8.0,Light,El Salvador.,,90.0
9.0,8.0,9.0,Light,Northwestern El Salvador,,92.0
8.0,7.0,8.0,Medium-Light,"Tarrazu growing region, central Costa Rica.",,90.0
9.0,8.0,9.0,Medium-Light,"Huila growing region, Colombia.",,93.0
8.0,8.0,9.0,Medium-Light,"Nilgiris, southern India.",,91.0
8.0,8.0,9.0,Medium-Light,"Karnataka State, southern India.",,91.0
8.0,8.0,8.0,Medium-Light,"Karnataka State, southern India.",,90.0
8.0,8.0,8.0,Medium,Southern India.,,89.0
8.0,9.0,8.0,Light,"Karnataka State, southern India.",,89.0
8.0,8.0,8.0,Medium-Light,Southern India.,,88.0
8.0,8.0,8.0,Medium,"Karnataka State, southern India.",,88.0
8.0,8.0,8.0,Medium,"Karnataka State, southern India.",,88.0
8.0,8.0,8.0,Medium,Southern India.,,87.0
9.0,8.0,8.0,Medium-Light,Southern India.,,87.0
9.0,8.0,9.0,Medium-Light,Guatemala,,92.0
8.0,8.0,9.0,Medium-Light,"Sidamo growing region, southern Ethiopia.",,91.0
7.0,7.0,7.0,Very Dark,"Lake Tawar basin, Aceh Province, northern Sumatra, Indonesia",,85.0
7.0,7.0,8.0,Medium-Dark,South-central Kenya,,92.0
8.0,8.0,8.0,Medium-Dark,"Matagalpa, Nicaragua",,91.0
8.0,7.0,7.0,Very Dark,Not disclosed.,,86.0
7.0,8.0,8.0,Dark,Not disclosed.,,87.0
7.0,7.0,8.0,Medium-Dark,Not disclosed.,,86.0
8.0,7.0,8.0,Medium,Not disclosed.,,88.0
7.0,7.0,7.0,Very Dark,"Northern Sumatra, Indonesia",,86.0
7.0,7.0,7.0,Very Dark,Not disclosed.,,85.0
8.0,9.0,10.0,Light,"Boquete growing region, western Panama",,96.0
9.0,8.0,9.0,Medium,"Boquete growing region, western Panama",,94.0
8.0,8.0,9.0,Medium,"Boquete growing region, western Panama",,93.0
9.0,8.0,9.0,Light,"Boquete growing region, western Panama",,93.0
8.0,8.0,9.0,Medium-Light,"Boquete growing region, western Panama",,92.0
9.0,9.0,9.0,Light,"Boquete growing region, western Panama",,92.0
8.0,8.0,9.0,Medium-Light,"Boquete growing region, western Panama",,91.0
8.0,8.0,9.0,Medium,"Tapachula, Chiapas, Mexico.",,92.0
9.0,7.0,9.0,Medium,"Santa Ana Department, El Salvador.",,92.0
9.0,8.0,8.0,Medium,"Huehuetenango growing region, Guatemala.",,92.0
8.0,8.0,8.0,Light,"Matagalpa, Nicaragua",,91.0
9.0,8.0,8.0,Medium-Light,"Mapastepec, Chiapas, Mexico.",,91.0
7.0,8.0,8.0,Medium-Light,"Caranavi growing region, Bolivia.",,90.0
8.0,7.0,8.0,Medium-Light,"Yirgacheffe growing region, Sidamo Province, southern Ethiopia.",,90.0
9.0,8.0,8.0,Light,"Yirgacheffe growing region, Sidamo Province, southern Ethiopia.",,90.0
8.0,8.0,8.0,Medium,"Antigua valley, Guatemala.",,90.0
8.0,8.0,8.0,Medium-Light,"Ahuachapan Department, El Salvador.",,89.0
8.0,8.0,8.0,Medium-Dark,"Eastern Java, Indonesia.",,89.0
9.0,8.0,9.0,Light,"Sidamo growing region, southern Ethiopia.",,92.0
8.0,8.0,8.0,Medium,"Kiambu growing region, south-central Kenya.",,91.0
9.0,8.0,9.0,Medium,"Northern Sumatra, Indonesia",,92.0
8.0,8.0,9.0,Light,"La Libertad Department, El Salvador.",,91.0
9.0,8.0,9.0,Light,"Ka'u growing district, southwestern corner of the ""Big Island"" of Hawaii.",,92.0
8.0,8.0,9.0,Light,South-central Kenya,,96.0
8.0,7.0,9.0,Medium-Light,"Holualoa, North Kona growing district, Hawaii.",,92.0
8.0,7.0,9.0,Medium-Dark,South-central Kenya,,92.0
8.0,7.0,8.0,Medium-Light,Northern Thailand.,,90.0
9.0,8.0,9.0,Medium,"Ka'u growing district, southwestern corner of the ""Big Island"" of Hawaii.",,95.0
8.0,8.0,9.0,Light,"Tarrazu growing region, central Costa Rica.",,93.0
8.0,8.0,9.0,Light,South-central Kenya,,93.0
8.0,9.0,9.0,Medium-Light,"Chalatenango Department, El Salvador",,93.0
9.0,8.0,8.0,Medium-Light,South-central Kenya,,92.0
7.0,8.0,8.0,Light,"Bucaramanga growing region, Santander Department, Colombia.",,90.0
8.0,8.0,8.0,Medium,"Tarrazu growing region, central Costa Rica.",,90.0
8.0,8.0,9.0,Light,"Usulutan Department, El Salvador.",,89.0
8.0,8.0,8.0,Medium-Light,"Santa Ana Department, El Salvador.",,89.0
9.0,7.0,8.0,Medium-Dark,South-central Kenya,,89.0
7.0,8.0,8.0,Medium,Nicaragua.,,89.0
9.0,8.0,7.0,Medium-Light,"Santa Ana Department, El Salvador.",,89.0
8.0,7.0,8.0,Medium-Dark,Not disclosed.,,90.0
8.0,7.0,8.0,Medium,"Lake Kivu Region, Rwanda",,88.0
8.0,8.0,8.0,Very Dark,Not disclosed.,,88.0
8.0,8.0,8.0,Medium-Dark,"Sidamo growing region, southern Ethiopia.",,92.0
8.0,8.0,9.0,Light,"Northern Sumatra, Indonesia",,92.0
9.0,8.0,8.0,Medium-Dark,"Cauca Department, south-western Colombia.",,90.0
8.0,7.0,8.0,Medium,"Ethiopia, Brazil, Costa Rica, Panama",,89.0
9.0,8.0,9.0,Medium-Light,"Kayanza Province, Burundi.",,95.0
9.0,8.0,9.0,Medium,"Mbeya Region, southwestern Tanzania.",,93.0
9.0,8.0,9.0,Medium,"Kayanza Province, Burundi.",,93.0
9.0,9.0,9.0,Medium-Dark,Rwanda.,,93.0
9.0,8.0,8.0,Medium,"Huye, South Province, Rwanda.",,92.0
9.0,8.0,9.0,Medium-Light,"Huye, South Province, Rwanda.",,92.0
7.0,8.0,8.0,Medium-Light,"Mbeya Region, southwestern Tanzania.",,91.0
8.0,8.0,8.0,Medium-Dark,"Nyamagabe, South Province, Rwanda.",,90.0
8.0,8.0,8.0,Medium-Light,"Kayanza Province, Burundi.",,90.0
8.0,7.0,8.0,Medium,Eastern Highlands of Papua New Guinea,,89.0
8.0,7.0,7.0,Very Dark,Highlands of Papua New Guinea,,88.0
8.0,7.0,7.0,Medium-Light,Eastern Highlands of Papua New Guinea,,86.0
8.0,8.0,8.0,Light,Southern India.,,90.0
9.0,8.0,9.0,Light,"Yirgacheffe growing region, Sidamo Province, southern Ethiopia.",,95.0
7.0,7.0,8.0,Very Dark,"South America, East Africa",,87.0
8.0,8.0,8.0,Medium-Dark,"Ethiopia, Brazil, Sumatra, Guatemala, Kenya.",,90.0
8.0,8.0,8.0,Medium-Dark,Not disclosed.,,90.0
8.0,8.0,7.0,Medium-Dark,"Harazi growing region, north-central Yemen.",,88.0
9.0,9.0,9.0,Medium-Dark,Not disclosed.,,94.0
9.0,8.0,8.0,Dark,Not disclosed.,,92.0
8.0,9.0,8.0,Medium-Dark,Sumatra; Brazil; El Salvador,,92.0
9.0,8.0,8.0,Very Dark,Not disclosed.,,91.0
7.0,8.0,8.0,Medium,Brazil; India; Ethiopia.,,91.0
8.0,8.0,8.0,Medium-Dark,Not disclosed.,,91.0
8.0,8.0,9.0,Medium-Dark,Not disclosed.,,91.0
9.0,8.0,9.0,Medium-Light,"Yirgacheffe growing region, Sidamo Province, southern Ethiopia.",,92.0
8.0,8.0,8.0,Medium,"Patrocinio area, Minas Gerais State, Brazil.",,92.0
8.0,8.0,9.0,Medium,"Huehuetenango growing region, Guatemala.",,91.0
7.0,8.0,9.0,Medium,"Ahuachapan Department, El Salvador.",,91.0
8.0,8.0,8.0,Medium,"Sacatepequez region, Guatemala",,90.0
8.0,8.0,8.0,Medium,"Yirgacheffe growing region, Sidamo Province, southern Ethiopia.",,90.0
8.0,8.0,8.0,Very Dark,Not disclosed.,,89.0
8.0,7.0,8.0,Medium-Dark,"Cerrado growing region, Minas Gerais State, Brazil.",,89.0
8.0,7.0,8.0,Medium-Dark,Not disclosed.,,89.0
8.0,8.0,8.0,Medium-Light,"Boquete growing region, western Panama",,91.0
9.0,8.0,9.0,Medium,South-central Kenya,,92.0
8.0,8.0,8.0,Medium-Dark,"Vitoria da Conquista, Bahia, Brazil",,90.0
8.0,7.0,8.0,Very Dark,"Rwanda, Mexico, and Colombia.",,92.0
8.0,8.0,8.0,Medium,Ethiopia; Sumatra; Colombia,,91.0
8.0,8.0,9.0,Medium-Light,South-central Kenya,,93.0
8.0,8.0,9.0,Medium,"Waghi Valley, Western Highlands, Papua New Guinea",,93.0
8.0,8.0,8.0,Medium,"Thika growing district, central Kenya.",,91.0
8.0,7.0,8.0,Medium-Light,"Ginkongoro and Butare Provinces, Rwanda.",,93.0
9.0,8.0,9.0,Medium,Yemen; undisclosed.,,95.0
8.0,8.0,9.0,Light,Not disclosed.,,92.0
8.0,7.0,9.0,Medium,Not disclosed.,,91.0
8.0,8.0,9.0,Medium-Light,Not disclosed.,,91.0
8.0,8.0,8.0,Medium,Central and South America.,,90.0
8.0,8.0,8.0,Medium-Dark,Guatemala; Ethiopia: Mexico,,89.0
8.0,8.0,8.0,Medium,Not disclosed.,,89.0
7.0,8.0,8.0,Medium,Not disclosed.,,89.0
8.0,7.0,8.0,Light,Central America.,$11.95/16 ounces,89.0
8.0,8.0,8.0,Medium-Dark,Central and South America; Indonesia.,,88.0
8.0,8.0,8.0,Medium-Dark,Rwanda; Nicaragua.,,88.0
8.0,7.0,8.0,Medium-Dark,"Africa, Latin America.",,88.0
8.0,8.0,8.0,Medium-Dark,"Cauca Department, southern Colombia.",,90.0
8.0,7.0,8.0,Medium-Light,"Yirgacheffe growing region, Sidamo Province, southern Ethiopia.",,90.0
7.0,7.0,7.0,Very Dark,Not disclosed.,,85.0
8.0,8.0,9.0,Very Dark,Not disclosed.,,91.0
9.0,8.0,8.0,Very Dark,"Brazil, Colombia, East Africa, Toto",,91.0
8.0,8.0,8.0,Very Dark,Not disclosed.,,90.0
8.0,8.0,8.0,Very Dark,Not disclosed.,,89.0
7.0,8.0,8.0,Very Dark,Not disclosed.,,89.0
8.0,8.0,8.0,Very Dark,South and Central America.,,89.0
9.0,7.0,8.0,Dark,Not disclosed.,,88.0
8.0,7.0,8.0,Very Dark,Not disclosed.,,88.0
8.0,7.0,8.0,Very Dark,"Brazil, other South America origins, Central Africa.",,88.0
8.0,7.0,7.0,Dark,Not disclosed.,,87.0
7.0,7.0,7.0,Medium-Dark,Not disclosed.,,87.0
7.0,8.0,7.0,Dark,Not disclosed.,,87.0
8.0,8.0,7.0,Very Dark,"Alta Mogiana growing region, Brazil.",,86.0
8.0,6.0,7.0,Very Dark,Not disclosed.,,84.0
7.0,6.0,7.0,Very Dark,Not disclosed.,,83.0
8.0,8.0,8.0,Medium,"Five origins including Ka'u growing district, southwestern corner of the ""Big Island"" of Hawaii.",,90.0
9.0,8.0,9.0,Light,South-central Kenya.,,92.0
8.0,9.0,9.0,Medium-Light,"Paso Ancho growing region, Chiriqui Province, Panama.",,93.0
8.0,8.0,8.0,Dark,Not disclosed.,,90.0
7.0,7.0,7.0,Very Dark,Not disclosed.,,85.0
7.0,7.0,7.0,Very Dark,Not disclosed.,,85.0
7.0,7.0,8.0,Very Dark,Not disclosed.,,86.0
7.0,7.0,8.0,Very Dark,Not disclosed.,,86.0
7.0,8.0,7.0,Very Dark,Not disclosed.,,86.0
8.0,7.0,8.0,Very Dark,Not disclosed.,,87.0
7.0,7.0,8.0,Very Dark,Not disclosed.,,87.0
7.0,8.0,8.0,Very Dark,Not disclosed.,,87.0
8.0,8.0,8.0,Very Dark,Not disclosed.,,89.0
7.0,8.0,8.0,Very Dark,Guatemala,,87.0
8.0,8.0,8.0,Very Dark,"Sumatra, Indonesia.",,90.0
8.0,7.0,8.0,Very Dark,Colombia.,,88.0
9.0,8.0,9.0,Light,"Holualoa, Hawaii",,97.0
9.0,8.0,9.0,Medium-Light,"Kirinyaga growing district, Central Kenya",,96.0
9.0,8.0,9.0,Medium,South-central Kenya.,,95.0
8.0,8.0,8.0,Medium-Light,Guatemala,,92.0
7.0,8.0,9.0,Light,"Yirgacheffe growing region, Sidamo Province, southern Ethiopia.",,92.0
8.0,8.0,8.0,Very Dark,Not disclosed.,,91.0
9.0,9.0,8.0,Medium-Dark,"Lintong growing region, North Sumatra Province, Indonesia.",,91.0
8.0,8.0,9.0,Medium-Light,"Yirgacheffe growing region, Sidamo Province, southern Ethiopia.",,91.0
8.0,8.0,9.0,Medium-Light,"Yirgacheffe growing region, Sidamo Province, southern Ethiopia.",,91.0
8.0,8.0,8.0,Medium,Not disclosed.,,90.0
8.0,8.0,8.0,Light,"Palencia, Guatemala Department, Guatemala.",,90.0
8.0,7.0,8.0,Medium-Light,"North Kona growing district, Big Island of Hawaii",,90.0
8.0,8.0,8.0,Very Dark,Not disclosed.,,90.0
8.0,7.0,7.0,Medium-Dark,"Mexico, India",,87.0
8.0,7.0,8.0,Medium,"Palencia, Guatemala Department, Guatemala.",,87.0
8.0,8.0,8.0,Light,El Salvador.,,91.0
7.0,8.0,8.0,Medium-Dark,"Usulutan Department, El Salvador.",,91.0
8.0,7.0,8.0,Medium-Light,"Santa Ana Department, El Salvador.",,90.0
7.0,8.0,9.0,Medium,Central El Salvador,,90.0
8.0,8.0,8.0,Light,"Usulutan Department, El Salvador.",,90.0
8.0,8.0,8.0,Medium,"Ahuachapan Department, El Salvador.",,89.0
8.0,8.0,8.0,Medium,"Marcala growing region, La Paz Department, Honduras.",,89.0
8.0,8.0,8.0,Medium,"Santa Ana Department, El Salvador.",,89.0
7.0,7.0,8.0,Light,"Copan Department, Honduras.",,88.0
9.0,8.0,9.0,Light,"Yirgacheffe growing region, Sidamo Province, southern Ethiopia.",,95.0
9.0,9.0,8.0,Medium-Light,"Huila growing region, Colombia.",,93.0
9.0,9.0,9.0,Medium-Light,"Lintong growing region, North Sumatra Province, Indonesia.",,94.0
9.0,8.0,8.0,Medium,"Huehuetenango growing region, Guatemala.",,91.0
8.0,8.0,9.0,Medium-Light,"Boquete growing region, western Panama",,95.0
9.0,8.0,8.0,Medium-Light,"Lake Toba region, North Sumatra Province, Sumatra, Indonesia",,94.0
8.0,8.0,8.0,Medium-Light,"Lake Kivu region, Rwanda.",,93.0
8.0,8.0,9.0,Medium,South-central Kenya.,,96.0
8.0,8.0,8.0,Medium-Light,"Cerrado growing region, Minas Gerais State, Brazil.",,89.0
7.0,8.0,8.0,Medium,"Karnataka State, southern India.",,88.0
8.0,7.0,8.0,Medium,"Huehuetenango growing region, Guatemala.",,88.0
8.0,7.0,8.0,Medium-Dark,Colombia.,,86.0
7.0,8.0,7.0,Medium,Colombia.,,86.0
7.0,7.0,7.0,Medium-Dark,"Sumatra, Indonesia.",,85.0
7.0,7.0,5.0,Very Dark,Southern Ethiopia.,,83.0
7.0,7.0,8.0,Medium-Light,"Yirgacheffe growing region, south-central Ethiopia.",,89.0
8.0,8.0,8.0,Medium,Guatemala,,88.0
8.0,8.0,9.0,Light,"Northern Sumatra, Indonesia",,92.0
8.0,8.0,8.0,Light,South-central Kenya.,,92.0
7.0,7.0,8.0,Medium,Colombia.,,88.0
8.0,8.0,8.0,Medium-Dark,South-central Kenya.,,90.0
8.0,8.0,8.0,Medium-Dark,"Alajuela growing region, Costa Rica.",,90.0
9.0,8.0,9.0,Light,"Santa Ana Department, El Salvador.",,95.0
8.0,8.0,8.0,Medium,"Santa Ana Department, El Salvador.",,94.0
9.0,8.0,9.0,Medium-Light,"Yirgacheffe growing region, southern Ethiopia.",,93.0
9.0,8.0,9.0,Light,"Boquete growing region, western Panama",,94.0
7.0,7.0,8.0,Medium-Dark,"Northern Sumatra, Indonesia",,87.0
7.0,7.0,8.0,Medium,Southern Colombia,,87.0
8.0,8.0,9.0,Medium,South-central Kenya.,,93.0
8.0,7.0,8.0,Very Dark,Not disclosed.,,87.0
9.0,8.0,8.0,Medium,Not disclosed.,,90.0
8.0,8.0,7.0,Medium-Dark,"Quiche Department, Guatemala.",,88.0
8.0,7.0,9.0,Medium-Dark,"Kigoma growing region, western Tanzania.",,91.0
7.0,7.0,8.0,Very Dark,Not disclosed.,,87.0
8.0,8.0,8.0,Medium,Not disclosed.,,89.0
8.0,8.0,9.0,Medium,"Yirgacheffe growing region, south-central Ethiopia.",,91.0
8.0,8.0,9.0,Medium-Light,"Narino Department, southern Colombia",,93.0
8.0,7.0,8.0,Medium,"Caranavi growing region, Bolivia.",,89.0
7.0,7.0,8.0,Very Dark,Southern Mexico,,86.0
8.0,8.0,8.0,Light,El Salvador.,,91.0
8.0,7.0,8.0,Medium-Light,South-central Kenya.,,90.0
8.0,8.0,9.0,Medium-Light,"Huila growing region, Colombia.",,92.0
8.0,9.0,9.0,Medium-Dark,Not disclosed.,,93.0
8.0,8.0,9.0,Medium,"Cerrado growing region, Minas Gerais State, Brazil.",,93.0
8.0,7.0,8.0,Medium-Dark,"Huehuetenango growing region, Guatemala.",,89.0
9.0,8.0,9.0,Light,Southern Ethiopia.,,94.0
8.0,8.0,9.0,Medium-Light,"Boquete growing region, western Panama",,95.0
8.0,8.0,9.0,Medium-Light,"Boquete growing region, western Panama",,94.0
8.0,8.0,8.0,Light,"Boquete growing region, western Panama",,93.0
9.0,6.0,9.0,Medium,"Cerrado growing region, Minas Gerais State, Brazil.",,92.0
8.0,8.0,8.0,Light,"Santa Rosa Department, Guatemala.",,92.0
9.0,8.0,8.0,Medium-Light,"Boquete growing region, western Panama",,91.0
8.0,7.0,9.0,Medium,"Sidamo growing region, southern Ethiopia.",,90.0
8.0,8.0,8.0,Medium-Light,"Sidamo growing region, southern Ethiopia.",,90.0
8.0,8.0,8.0,Dark,"Bucaramanga growing region, Colombia.",,89.0
8.0,8.0,8.0,Medium-Dark,"Cerrado growing region, Minas Gerais State, Brazil.",,89.0
8.0,8.0,8.0,Medium,"Huila growing region, Colombia.",,90.0
8.0,7.0,8.0,Medium-Light,Colombia.,,89.0
8.0,7.0,8.0,Medium,"Antigua valley, Guatemala.",,89.0
8.0,8.0,8.0,Medium-Dark,"Segovia growing region, Nicaragua.",,89.0
8.0,8.0,8.0,Dark,"Mt. Kilimanjaro region, northern Tanzania.",,88.0
7.0,8.0,8.0,Medium-Dark,"Quetzaltenango region, southwestern Guatemala",,88.0
8.0,7.0,8.0,Medium-Dark,Not disclosed.,,87.0
8.0,8.0,8.0,Medium,Cental Papua New Guinea,,89.0
8.0,7.0,8.0,Medium,"Toraja (formerly Kalossi) growing region, southwestern Celebes (now Sulawesi), Indonesia",,87.0
8.0,7.0,8.0,Medium-Light,Kenya,,90.0
8.0,8.0,8.0,Light,"Quiche Department, Guatemala.",,90.0
8.0,8.0,9.0,Light,Northeastern El Salvador.,,94.0
8.0,7.0,9.0,Medium,South-central Kenya.,,94.0
9.0,8.0,9.0,Light,South-central Kenya.,,93.0
8.0,7.0,9.0,Medium-Light,South-central Kenya.,,93.0
8.0,7.0,9.0,Medium-Light,South-central Kenya.,,93.0
8.0,7.0,8.0,Medium-Dark,"Coromandel growing region, Minas Gerais State, Brazil",,90.0
8.0,8.0,8.0,Medium-Dark,"Huehuetenango growing region, Guatemala.",,90.0
8.0,7.0,7.0,Medium-Light,"Wollega (also Welega) growing region, western Ethiopia",,88.0
7.0,8.0,8.0,Medium-Dark,"Northern Rivers region, New South Wales, Australia",,88.0
7.0,8.0,7.0,Medium-Dark,"Sud-Yungas region, Bolivia",,87.0
8.0,7.0,8.0,Medium-Light,"Ahuachapan region, El Salvador",,87.0
9.0,7.0,8.0,Medium-Dark,South-central Kenya.,,94.0
8.0,7.0,8.0,Medium-Light,"Gombe growing region, western Tanzania",,90.0
8.0,8.0,8.0,Medium,El Salvador.,,91.0
8.0,8.0,8.0,Medium-Light,"Limu growing region, southern Ethiopia.",,92.0
8.0,8.0,8.0,Medium-Light,"Tres Rios growing region, central Costa Rica.",,93.0
10.0,8.0,9.0,Medium-Light,"Sidamo growing region, southern Ethiopia.",,94.0
8.0,9.0,8.0,Medium,"Tarrazu growing region, central Costa Rica.",,92.0
9.0,8.0,8.0,Medium,"Ruvuma growing region, southwestern Tanzania.",,95.0
9.0,7.0,8.0,Medium-Dark,"Yirgacheffe growing region, south-central Ethiopia.",,91.0
8.0,8.0,8.0,Medium-Dark,Not disclosed.,,91.0
8.0,7.0,8.0,Medium,"Yirgacheffe growing region, Sidamo Province, southern Ethiopia.",,93.0
9.0,7.0,8.0,Medium-Dark,South-central Kenya.,,93.0
8.0,8.0,8.0,Medium,"Carmo de Minas growing region, Minas Gerais State, Brazil",,94.0
8.0,8.0,8.0,Medium,"Cerrado growing region, Minas Gerais State, Brazil.",,92.0
8.0,8.0,8.0,Medium,"Carmo de Minas growing region, Minas Gerais State, Brazil",,91.0
8.0,8.0,8.0,Medium,"Coromandel growing region, Minas Gerais State, Brazil",,92.0
8.0,8.0,8.0,Medium,"Mogiana growing region, Sao Paulo State, south-central Brazil.",,90.0
8.0,8.0,8.0,Medium,"Cerrado growing region, Minas Gerais State, Brazil.",,90.0
8.0,8.0,8.0,Medium,"Cerrado growing region, Minas Gerais State, Brazil.",,89.0
8.0,8.0,8.0,Medium-Light,"Cerrado growing region, Minas Gerais State, Brazil.",,89.0
8.0,7.0,8.0,Medium,"Cerrado growing region, Minas Gerais State, Brazil.",,88.0
7.0,8.0,8.0,Medium-Dark,"Cerrado growing region, Minas Gerais State, Brazil.",,88.0
8.0,8.0,8.0,Medium,"Cerrado growing region, Minas Gerais State, Brazil.",,88.0
8.0,7.0,8.0,Medium,"Carmo de Minas growing region, Minas Gerais State, Brazil",,88.0
9.0,8.0,9.0,Medium-Dark,South-central Kenya.,,96.0
8.0,8.0,7.0,Medium-Light,"Boquete growing region, western Panama",,90.0
8.0,8.0,8.0,Medium-Dark,Not disclosed.,,90.0
8.0,7.0,8.0,Medium,"Yirgacheffe growing region, Sidamo Province, southern Ethiopia.",,93.0
8.0,8.0,8.0,Medium,"Nari?o Department, Colombia.",,92.0
9.0,7.0,9.0,Medium-Light,"Huehuetenango growing region, Guatemala.",,94.0
10.0,7.0,10.0,Medium,South-central Kenya.,,97.0
8.0,7.0,8.0,Medium-Light,Northern Thailand,,93.0
8.0,9.0,9.0,Light,"Boquete growing region, western Panama",,95.0
9.0,8.0,9.0,Medium,"Yirgacheffe growing region, Sidamo Province, southern Ethiopia.",,94.0
8.0,8.0,8.0,Medium,"Huehuetenango growing region, Guatemala.",,92.0
8.0,8.0,9.0,Medium-Light,Colombia,,92.0
8.0,8.0,9.0,Medium-Light,"Caranavi growing region, Bolivia.",,92.0
9.0,7.0,9.0,Medium-Light,"Cauca Department, southern Colombia.",,91.0
8.0,8.0,8.0,Dark,Not disclosed.,,90.0
9.0,7.0,8.0,Medium,"North-central Yemen, wet of the capital city of Sana'a",,89.0
7.0,7.0,8.0,Medium,"Cerrado growing region, Minas Gerais State, Brazil.",,89.0
7.0,8.0,8.0,Dark,Rwanda.,,87.0
8.0,7.0,8.0,Medium,Northern Thailand,,90.0
9.0,7.0,8.0,Medium-Light,"Lake Toba region, North Sumatra Province, Sumatra, Indonesia",,96.0
7.0,8.0,8.0,,"Ethiopia, Guatemala, Mexico, Nicaragua, Peru.",,88.0
8.0,8.0,8.0,,"Huatusco, Vera Cruz, Mexico",,90.0
8.0,8.0,8.0,Medium-Dark,"Lake Tawar basin, Aceh Province, northern Sumatra, Indonesia",,92.0
7.0,7.0,8.0,Dark,Mexico,,90.0
8.0,7.0,9.0,Medium-Dark,"Yirgacheffe growing region, Sidamo Province, southern Ethiopia.",,90.0
7.0,7.0,8.0,Medium,Costa Rica.,,88.0
8.0,7.0,8.0,Very Dark,"Northern Sumatra, Indonesia",,88.0
8.0,7.0,8.0,Medium-Dark,Peru,,88.0
8.0,8.0,7.0,Medium-Dark,Southern Colombia,,88.0
7.0,8.0,7.0,Very Dark,South-central Kenya.,,86.0
8.0,8.0,8.0,Medium,Not disclosed.,,92.0
9.0,8.0,8.0,Medium-Dark,Not disclosed.,,92.0
8.0,7.0,7.0,Very Dark,Not disclosed.,,86.0
7.0,7.0,7.0,Very Dark,Not disclosed.,,86.0
6.0,8.0,7.0,Very Dark,Colombia,,83.0
6.0,8.0,6.0,Very Dark,"Brazil, Central America, Colombia",,82.0
7.0,7.0,6.0,Very Dark,Rwanda.,,80.0
8.0,7.0,9.0,Medium-Light,"Boquete growing region, western Panama",,94.0
8.0,8.0,7.0,Medium-Dark,"Lintong growing region, North Sumatra Province, Indonesia.",,92.0
8.0,7.0,8.0,Medium-Light,"Puntarenas Province, southeastern Costa Rica",,90.0
8.0,7.0,8.0,Medium-Dark,"Puntarenas Province, southeastern Costa Rica",,88.0
8.0,7.0,9.0,Medium,"Fondo Paez Cooperative, Valle de Cauca Department, western Colombia.",,95.0
9.0,8.0,10.0,Medium,"Tolima Department, east-central Colombia",,95.0
8.0,7.0,8.0,Medium-Light,"Valle de Cauca Department, western Colombia",,94.0
8.0,7.0,8.0,Medium-Light,"Huila Department, Colombia.",,93.0
8.0,8.0,9.0,Medium,"Huila Department, Colombia.",,93.0
8.0,8.0,8.0,Medium-Light,"Narino Department, southern Colombia",,93.0
9.0,8.0,8.0,Medium-Light,"Valle de Cauca Department, western Colombia",,93.0
8.0,8.0,8.0,Medium,"Valle de Cauca Department, western Colombia",,92.0
9.0,8.0,8.0,Medium,Colombia,,92.0
8.0,8.0,8.0,Medium-Light,"Sumatra, Indonesia.",,89.0
8.0,8.0,8.0,Medium,Southern India.,,89.0
8.0,8.0,7.0,Medium-Dark,"Northern Sumatra, Indonesia",,87.0
8.0,8.0,7.0,Medium-Dark,"Sumatra, Indonesia.",,87.0
8.0,7.0,8.0,Very Dark,"Sumatra, Indonesia.",,87.0
8.0,7.0,8.0,Very Dark,"Sumatra, Indonesia.",,84.0
8.0,8.0,8.0,Medium-Dark,"Boquete growing region, western Panama",,89.0
8.0,8.0,8.0,Medium-Light,"Chalatenango Department, El Salvador",,90.0
8.0,8.0,8.0,Medium,Rwanda.,,92.0
9.0,7.0,8.0,Medium,El Salvador.,,93.0
8.0,8.0,8.0,Medium-Light,"Tarrazu growing region, central Costa Rica.",,94.0
8.0,8.0,8.0,Medium-Dark,"Blue Mountain growing region, eastern Jamaica.",,89.0
9.0,8.0,7.0,Medium-Dark,Not disclosed.,,92.0
8.0,7.0,8.0,Medium-Dark,"Northern Sumatra, Indonesia",,88.0
7.0,7.0,7.0,Medium,Brazil.,,87.0
7.0,7.0,8.0,Medium-Dark,"Mt. Kilimanjaro region, northern Tanzania.",,86.0
9.0,8.0,8.0,Light,Ethiopia,,89.0
8.0,8.0,7.0,Medium-Dark,"Central north Yemen, probably near Sana'a.",,87.0
8.0,8.0,8.0,Medium-Light,Western El Salvador,,90.0
8.0,8.0,7.0,Medium,Not disclosed.,,90.0
8.0,8.0,8.0,Medium,South-central Kenya.,,94.0
8.0,8.0,8.0,Medium-Light,"Boquete growing region, western Panama",,94.0
8.0,7.0,8.0,Dark,"Boquete growing region, western Panama",,87.0
7.0,7.0,7.0,Very Dark,Not disclosed.,,87.0
8.0,7.0,7.0,Very Dark,Rwanda.,,87.0
8.0,8.0,8.0,Very Dark,"Lake Tawar basin, Aceh Province, northern Sumatra, Indonesia",,89.0
9.0,7.0,8.0,Dark,South-central Kenya.,,90.0
8.0,7.0,8.0,Medium-Light,"Adjuntas region, west-cental Puerto Rico.",,90.0
9.0,7.0,9.0,Medium,"Kiambu growing region, south-central Kenya.",,95.0
8.0,7.0,8.0,Medium-Light,Not disclosed.,,89.0
8.0,7.0,8.0,Medium,Not disclosed.,,90.0
8.0,8.0,8.0,Medium,Not disclosed.,,93.0
9.0,8.0,9.0,Medium-Light,"Huila Department, Colombia.",,91.0
8.0,8.0,8.0,Medium,"Boquete growing region, western Panama",,90.0
7.0,8.0,7.0,Medium,"Blue Mountain growing region, eastern Jamaica.",,87.0
8.0,7.0,8.0,Dark,"Lake Tawar basin, Aceh Province, northern Sumatra, Indonesia",,89.0
8.0,8.0,8.0,Medium-Light,South-central Kenya.,,92.0
9.0,7.0,8.0,Medium,"Lake Tawar basin, Aceh Province, northern Sumatra, Indonesia",,95.0
9.0,8.0,9.0,Medium-Dark,South-central Kenya.,,96.0
10.0,7.0,9.0,Medium-Light,"Lintong growing district of the Lake Toba region, North Sumatra Province, Sumatra, Indonesia.",,93.0
8.0,7.0,8.0,Medium,"Lintong growing district of the Lake Toba region, North Sumatra Province, Sumatra, Indonesia.",,90.0
8.0,8.0,8.0,Medium,Honduras,,90.0
9.0,8.0,9.0,Medium-Light,"Yirgacheffe growing region, Sidamo Province, southern Ethiopia.",,93.0
10.0,8.0,8.0,Light,Southwestern Ethiopia.,,93.0
9.0,8.0,9.0,Medium-Light,"Yirgacheffe growing region, Sidamo Province, southern Ethiopia.",,93.0
9.0,8.0,8.0,Light,"Yirgacheffe growing region, Sidamo Province, southern Ethiopia.",,93.0
10.0,7.0,9.0,Medium,"Yirgacheffe growing region, Sidamo Province, southern Ethiopia.",,92.0
8.0,8.0,9.0,Medium-Light,"Yirgacheffe growing region, Sidamo Province, southern Ethiopia.",,91.0
7.0,8.0,8.0,,"San Juan del Rio Coco, northern Nicaragua",,90.0
8.0,7.0,8.0,Medium-Light,Not disclosed.,,90.0
8.0,8.0,8.0,Medium-Light,"Minas Gerais State, Brazil.",,90.0
8.0,8.0,7.0,Dark,Bolivia.,,89.0
8.0,8.0,8.0,Medium-Light,"Huehuetenango growing region, Guatemala.",,89.0
8.0,7.0,7.0,Very Dark,Costa Rica.,,88.0
7.0,8.0,7.0,,"Sidamo Province, southern Ethiopia.",,88.0
8.0,8.0,8.0,Medium-Light,"Yirgacheffe growing region, Sidamo Province, southern Ethiopia.",,92.0
8.0,8.0,9.0,Medium-Dark,Not disclosed.,,91.0
8.0,8.0,9.0,Medium,"Boquete growing region, western Panama",,94.0
8.0,8.0,8.0,Medium,Not disclosed.,,89.0
9.0,8.0,10.0,Medium,"Boquete growing region, western Panama",,97.0
9.0,8.0,8.0,Medium-Light,"Chalatenango Department, El Salvador",,93.0
8.0,8.0,9.0,Medium,"Sacatepequez region, Guatemala",,93.0
8.0,8.0,8.0,Medium,"Sacatepequez region, Guatemala",,92.0
9.0,8.0,8.0,Medium-Light,"Nueva Segovia growing region, Nicaragua.",,91.0
7.0,7.0,7.0,Dark,Not disclosed.,,83.0
7.0,8.0,8.0,,Northern Sumatra.,,88.0
8.0,8.0,8.0,Medium-Dark,El Salvador.,,88.0
8.0,7.0,8.0,Medium-Dark,Latin America.,,89.0
8.0,8.0,8.0,Medium,"Sul de Minas growing region, southern Minas Gerais State, Brazil.",,92.0
9.0,8.0,8.0,Medium-Light,"Ka'u growing district, southwestern corner of the ""Big Island"" of Hawaii.",,92.0
8.0,8.0,8.0,Medium-Light,"Tres Rios growing region, central Costa Rica.",,93.0
9.0,7.0,10.0,Medium,"Boquete growing region, western Panama",,96.0
9.0,8.0,10.0,Medium,"Boquete growing region, western Panama",,97.0
8.0,9.0,9.0,Medium,South-central Kenya.,,97.0
8.0,7.0,8.0,Medium,"Yirgacheffe growing region, Sidamo Province, southern Ethiopia.",,92.0
9.0,8.0,9.0,Medium-Light,"Cerrado growing region, Minas Gerais State, Brazil.",,93.0
9.0,9.0,8.0,Medium-Light,Not disclosed.,,93.0
9.0,8.0,9.0,Medium-Light,South-central Kenya.,,96.0
8.0,9.0,9.0,Medium-Light,Rwanda.,,96.0
8.0,9.0,8.0,Medium-Light,South-central Kenya.,,93.0
8.0,7.0,7.0,Medium,Haiti.,,87.0
8.0,6.0,7.0,Medium-Light,Central Jamaica.,,87.0
7.0,8.0,7.0,Light,"Yauco growing region, central Puerto Rico.",,85.0
8.0,8.0,8.0,Medium-Dark,Not disclosed.,,89.0
10.0,7.0,9.0,Light,"Yirgacheffe growing district, southern Ethiopia.",,95.0
9.0,7.0,8.0,Medium-Light,"Waghi Valley, Western Highlands, Papua New Guinea",,90.0
8.0,7.0,8.0,Medium-Light,"Lintong growing district of the Lake Toba region, North Sumatra Province, Sumatra, Indonesia.",,92.0
10.0,8.0,8.0,Medium-Light,"Yirgacheffe growing district, southern Ethiopia.",,95.0
8.0,7.0,8.0,Dark,Northern Sumatra.,,89.0
8.0,10.0,9.0,Medium,Not disclosed.,,93.0
7.0,8.0,8.0,Medium,Not disclosed.,,92.0
7.0,7.0,8.0,Medium,Not disclosed.,,90.0
8.0,7.0,8.0,Medium,Not disclosed.,,89.0
9.0,7.0,8.0,Dark,Not disclosed.,,89.0
8.0,8.0,7.0,Medium,Not disclosed.,,88.0
8.0,7.0,8.0,Medium-Dark,Central America; South America.,,88.0
8.0,8.0,8.0,Medium-Light,Eastern Zimbabwe,,90.0
8.0,7.0,8.0,Medium-Dark,"Mt. Kilimanjaro region, northern Tanzania",,89.0
8.0,8.0,8.0,Medium,Rwanda.,,89.0
7.0,7.0,8.0,Medium,"Chipinge growing region, eastern Zimbabwe",,89.0
8.0,7.0,8.0,Medium-Dark,Rwanda.,,88.0
7.0,8.0,8.0,Medium,Northern Tanzania.,,88.0
8.0,8.0,8.0,Medium,"Eastern Highlands, Zimbabwe",,88.0
8.0,7.0,7.0,Medium-Dark,"Indonesia, South America",,87.0
7.0,7.0,8.0,Medium-Dark,Guatemala; Ethiopia; Brazil; Colombia,,88.0
9.0,8.0,8.0,Very Dark,Not disclosed.,,91.0
8.0,8.0,8.0,Medium,Not disclosed.,,88.0
8.0,7.0,8.0,Dark,Costa Rica,,89.0
9.0,8.0,8.0,Medium-Dark,Southern Ethiopia,,92.0
8.0,8.0,8.0,Medium,"Antigua valley, Guatemala",,93.0
9.0,9.0,8.0,Medium,South-central Kenya.,,95.0
8.0,8.0,8.0,Medium,"Tarrazu growing region, central Costa Rica.",,92.0
8.0,7.0,8.0,Very Dark,South-central Kenya.,,88.0
9.0,8.0,8.0,Medium,"Northern Sumatra, Indonesia",,92.0
9.0,8.0,8.0,Medium,"Sidamo growing region, southern Ethiopia.",,93.0
8.0,7.0,9.0,Light,"Coorg growing region, southern India",,95.0
8.0,8.0,8.0,Medium,"Sul de Minas growing region, southern Minas Gerais State, Brazil.",,90.0
8.0,8.0,8.0,Medium,"Northern Sumatra, Indonesia",,90.0
8.0,9.0,8.0,Medium-Dark,"Northern Sumatra, Indonesia",,90.0
7.0,8.0,8.0,Medium,"Sul de Minas growing region, southern Minas Gerais State, Brazil.",,88.0
7.0,7.0,8.0,Medium-Dark,"Mandheling growing region, northern Sumatra, Indonesia.",,88.0
8.0,7.0,7.0,Medium-Dark,Not disclosed.,,85.0
7.0,7.0,7.0,Very Dark,Not disclosed.,,84.0
7.0,7.0,6.0,Medium-Dark,Guatemala,,83.0
6.0,7.0,5.0,Dark,Not disclosed.,,78.0
9.0,9.0,9.0,Medium-Light,Southern Ethiopia,,97.0
8.0,8.0,8.0,Medium-Dark,Not disclosed.,,91.0
9.0,8.0,9.0,Medium,Rwanda.,,92.0
9.0,8.0,8.0,Medium,"Northern Sumatra, Indonesia",,93.0
8.0,8.0,8.0,Medium,East Timor.,,92.0
7.0,8.0,8.0,Medium-Light,"Central Bali, Indonesia",,92.0
8.0,8.0,8.0,Medium,East Timor.,,90.0
9.0,7.0,8.0,Medium,"East Java, Indonesia.",,90.0
8.0,8.0,8.0,Medium-Dark,"East Java, Indonesia.",,89.0
8.0,8.0,8.0,Medium-Dark,"Toraja (formerly Kalossi) growing region, southwestern Celebes (now Sulawesi), Indonesia",,88.0
8.0,7.0,8.0,Medium-Dark,"East Java, Indonesia.",,88.0
8.0,7.0,7.0,Medium,"East Java, Indonesia.",,88.0
9.0,9.0,9.0,Medium-Dark,"Toraja (formerly Kalossi) growing region, southwestern Celebes (now Sulawesi), Indonesia",,88.0
8.0,7.0,8.0,Medium-Dark,"East Java, Indonesia.",,88.0
7.0,8.0,7.0,Dark,"Toraja (formerly Kalossi) growing region, southwestern Celebes (now Sulawesi), Indonesia",,86.0
8.0,8.0,7.0,,"Tarrazu growing region, central Costa Rica",,88.0
9.0,8.0,7.0,Very Dark,Not disclosed.,,89.0
7.0,7.0,7.0,Very Dark,"Chiapas State, southeastern Mexico",,85.0
7.0,8.0,8.0,,Colombia,,87.0
9.0,7.0,7.0,Very Dark,Guatemala and the Yirgacheffe growing region of southern Ethiopia,,92.0
8.0,8.0,8.0,Medium-Dark,Costa Rica,,92.0
8.0,7.0,8.0,Dark,Not disclosed,,91.0
8.0,8.0,8.0,Dark,Guatemala,,91.0
9.0,8.0,7.0,Medium-Dark,Not disclosed.,,90.0
8.0,8.0,8.0,Very Dark,Latin America and Indonesia,,89.0
8.0,8.0,8.0,Dark,Not disclosed.,,90.0
8.0,7.0,8.0,Medium-Dark,Not disclosed.,,89.0
7.0,8.0,7.0,Dark,Not disclosed.,,89.0
8.0,7.0,8.0,Very Dark,Not disclosed.,,88.0
8.0,7.0,7.0,Dark,Not disclosed.,,88.0
9.0,8.0,8.0,Medium,"Huila Department, southern Colombia.",,94.0
8.0,8.0,8.0,Medium,El Salvador,,95.0
8.0,6.0,7.0,Very Dark,Northern Thailand,,85.0
7.0,8.0,7.0,Dark,Northern Thailand,,89.0
8.0,9.0,8.0,Medium,"South Kona growing district, ""Big Island"" of Hawaii",,90.0
10.0,8.0,8.0,Medium,"Tolima growing region, south-central Colombia",,96.0
8.0,9.0,8.0,Medium-Light,"Huila Department, southern Colombia.",,94.0
8.0,8.0,8.0,Medium,"Cauca Department, southern Colombia.",,94.0
8.0,8.0,8.0,Medium-Dark,"Cauca Department, southern Colombia.",,94.0
8.0,8.0,8.0,Medium,"Narino Department, southern Colombia",,94.0
8.0,8.0,8.0,Medium-Light,"Tolima growing region, south-central Colombia",,93.0
8.0,7.0,9.0,Medium-Light,"San Agust?n growing region, Huila Department, southern Colombia",,93.0
8.0,8.0,8.0,Medium-Light,"Southern Tolima Department, south-central Colombia",,92.0
8.0,9.0,8.0,Medium,"San Agustin growing region, Huila Department, southern Colombia",,92.0
8.0,8.0,8.0,Light,"Narino Department, southern Colombia",,91.0
7.0,7.0,8.0,Medium-Dark,"Quillabamba region, south-central Peru",,91.0
8.0,9.0,8.0,Medium-Dark,"Valle de Cauca Department, western Colombia",,90.0
7.0,7.0,8.0,,"Huila Department, southern Colombia.",,90.0
7.0,7.0,8.0,Medium,"Caranavi region, north of La Paz, Bolivia",,89.0
9.0,7.0,8.0,Medium-Dark,Bolivia,,89.0
8.0,8.0,7.0,Medium,Colombia,,88.0
9.0,8.0,8.0,Medium,"Boquete growing region, western Panama",,92.0
8.0,8.0,9.0,Medium-Light,Central Kenya,,96.0
8.0,7.0,7.0,Medium,"Yirgacheffe growing district, southern Ethiopia.",,86.0
8.0,7.0,8.0,Very Dark,Colombia,,88.0
7.0,8.0,8.0,Very Dark,Not disclosed.,,87.0
8.0,8.0,7.0,Very Dark,Not disclosed.,,87.0
8.0,7.0,8.0,Very Dark,East Africa.,,87.0
7.0,8.0,7.0,Very Dark,The Kona growing region of the Big Island of Hawaii and other undisclosed origins.,,85.0
8.0,8.0,6.0,Very Dark,Colombia,,84.0
8.0,7.0,7.0,Very Dark,"Northern Sumatra, Indonesia",,84.0
7.0,8.0,8.0,Very Dark,"Brazil, Central America, Colombia",,84.0
7.0,7.0,6.0,Very Dark,Not disclosed.,,82.0
5.0,8.0,5.0,Very Dark,Not disclosed.,,79.0
7.0,8.0,6.0,Very Dark,Not disclosed.,,81.0
5.0,8.0,5.0,Very Dark,Not disclosed.,,78.0
5.0,7.0,4.0,Very Dark,Not disclosed.,,76.0
9.0,8.0,8.0,Medium,"Kefa (Kaffa) Province, southwestern Ethiopia",,92.0
9.0,7.0,8.0,Medium,"Nyeri growing region, south-central Kenya",,90.0
9.0,8.0,8.0,Medium,Not disclosed.,,90.0
7.0,7.0,8.0,Dark,Not disclosed.,,88.0
7.0,7.0,8.0,Medium-Dark,Not disclosed.,,88.0
7.0,8.0,8.0,Medium-Dark,Not disclosed.,,87.0
8.0,7.0,7.0,Medium-Dark,Not disclosed.,,86.0
8.0,7.0,8.0,Medium-Light,"Boquete growing region, western Panama",,89.0
8.0,8.0,8.0,Medium-Dark,"Toraja growing region, southwestern Sulawesi, Indonesia",,89.0
8.0,8.0,8.0,Medium-Dark,"North Kona growing district, Big Island of Hawaii",,88.0
8.0,7.0,7.0,Medium,"Jinotega growing region, north-central Nicaragua",,86.0
9.0,9.0,9.0,Medium-Light,El Salvador,,96.0
9.0,8.0,10.0,Medium,El Salvador,,95.0
10.0,8.0,10.0,Medium-Light,"Boquete growing region, western Panama",,95.0
9.0,9.0,10.0,Medium-Light,"Nueva Segovia growing region, Nicaragua.",,95.0
8.0,8.0,10.0,Medium,El Salvador,,92.0
8.0,8.0,8.0,Medium-Dark,Not disclosed.,,91.0
9.0,7.0,8.0,Medium,"Yirgacheffe growing region, southern Ethiopia.",,90.0
8.0,7.0,8.0,Dark,Not disclosed.,,90.0
8.0,7.0,7.0,Medium-Dark,Not disclosed.,,90.0
8.0,8.0,7.0,Very Dark,Not disclosed.,,90.0
8.0,8.0,8.0,Medium-Dark,Not disclosed.,,90.0
8.0,8.0,8.0,Medium-Dark,Not disclosed,,90.0
8.0,8.0,8.0,Medium,"Sidamo Province, southern Ethiopia",,89.0
8.0,7.0,7.0,Medium-Dark,Not disclosed.,,89.0
7.0,7.0,8.0,Dark,Not disclosed.,,88.0
8.0,8.0,7.0,Medium-Dark,Not disclosed.,,88.0
8.0,7.0,7.0,Medium-Dark,South-Central Brazil,,86.0
8.0,8.0,7.0,Medium,"Ribeirao do Pinhal region, State of Parana, Brazil",,87.0
7.0,7.0,7.0,Medium-Light,"Ribeirao do Pinhal region, State of Parana, Brazil.",,86.0
8.0,7.0,8.0,Dark,Not disclosed.,,87.0
8.0,8.0,8.0,Dark,Not disclosed.,,87.0
7.0,8.0,8.0,Very Dark,Not disclosed.,,89.0
7.0,8.0,7.0,Medium-Dark,Not disclosed.,,87.0
7.0,7.0,7.0,Very Dark,,,86.0
7.0,8.0,7.0,Very Dark,Not disclosed.,,85.0
7.0,8.0,7.0,Very Dark,Not disclosed.,,85.0
7.0,7.0,6.0,Medium-Dark,Not disclosed.,,84.0
7.0,7.0,6.0,Very Dark,"Coffee component from the Yirgacheffe growing region, southern Ethiopia.",,82.0
7.0,8.0,5.0,Very Dark,"Coffee component from the Yirgacheffe growing region, southern Ethiopia.",,81.0
6.0,8.0,4.0,Medium,Not disclosed.,,80.0
7.0,7.0,5.0,Very Dark,Not disclosed.,,78.0
8.0,8.0,7.0,Medium-Dark,"Huehuetenango growing region, Guatemala.",,87.0
7.0,8.0,8.0,Very Dark,Northern Sumatra,,87.0
8.0,7.0,8.0,Very Dark,Not disclosed.,,87.0
8.0,8.0,7.0,Very Dark,Not disclosed.,,88.0
8.0,8.0,7.0,Very Dark,Not disclosed.,,88.0
7.0,8.0,7.0,Very Dark,Not disclosed.,,85.0
7.0,7.0,8.0,Medium-Light,Not disclosed.,,86.0
7.0,7.0,7.0,Medium,Not disclosed.,,85.0
8.0,8.0,7.0,Medium-Dark,Central and South America.,,85.0
8.0,7.0,7.0,Medium-Dark,Not disclosed.,,85.0
8.0,7.0,8.0,Medium-Dark,"San Agustin growing region, Huila Department, southern Colombia",,88.0
7.0,7.0,7.0,Medium-Dark,Thailand,,87.0
10.0,8.0,8.0,Medium-Dark,"Lake Tawar basin, Aceh Province, northern Sumatra, Indonesia",,94.0
8.0,8.0,9.0,Medium-Dark,"Lake Tawar basin, Aceh Province, northern Sumatra, Indonesia",,94.0
9.0,7.0,9.0,Medium-Light,"Nyeri growing region, south-central Kenya",,93.0
9.0,8.0,9.0,Medium-Light,"Sidamo Province, southern Ethiopia",,91.0
8.0,8.0,9.0,Medium-Dark,South-Central Kenya,,91.0
9.0,8.0,8.0,Medium,"Huila Department, southern Colombia.",,91.0
9.0,7.0,9.0,Medium-Light,"Boquete growing region, western Panama",,91.0
8.0,7.0,9.0,Light,"Cauca growing region, southern Colombia.",,91.0
9.0,7.0,8.0,Medium,Central Costa Rica,,90.0
8.0,7.0,8.0,Medium,"Neuva Segovia growing region, Nicaragua",,89.0
8.0,7.0,8.0,Medium,South-Central Brazil,,88.0
8.0,8.0,7.0,Dark,"Sul de Minas growing region, southern Minas Gerais State, Brazil",,87.0
8.0,7.0,7.0,Medium,South-Central Brazil,,86.0
8.0,8.0,8.0,Medium,"Carrasco growing region, Bolivia",,93.0
8.0,8.0,8.0,Medium,"Antigua valley, central Guatemala",,90.0
9.0,8.0,8.0,Medium-Dark,"Sidamo Province, southern Ethiopia",,90.0
9.0,8.0,8.0,Medium-Dark,"Yirgacheffe growing region, southern Ethiopia.",,89.0
9.0,7.0,8.0,Medium,"Tolima Department, Colombia",,88.0
7.0,7.0,8.0,Medium-Dark,Blend,,88.0
8.0,7.0,8.0,Medium-Dark,Guatemala,,88.0
7.0,8.0,8.0,Dark,"Tarrazu growing region, central Costa Rica",,88.0
7.0,7.0,8.0,Very Dark,Indonesia,,87.0
8.0,6.0,7.0,Very Dark,"Toraja growing region, southwestern Sulawesi, Indonesia",,86.0
8.0,7.0,8.0,Very Dark,"Northern Sumatra, probably Aceh Province",,86.0
8.0,8.0,8.0,Medium-Light,Not disclosed.,,91.0
8.0,7.0,8.0,Medium,Not disclosed.,,90.0
8.0,8.0,8.0,Medium-Light,"Kona growing district, ""Big Island"" of Hawaii.",,87.0
7.0,7.0,7.0,Medium-Dark,"South Kona growing district, ""Big Island"" of Hawaii",,85.0
9.0,7.0,8.0,Medium-Light,"Kaanapali district, near Lahaina, West Maui, Hawaii",,85.0
7.0,8.0,7.0,Medium,"Kona growing district, ""Big Island"" of Hawaii.",,85.0
7.0,7.0,7.0,Medium,"Kona growing district, ""Big Island"" of Hawaii.",,84.0
9.0,8.0,8.0,Medium-Dark,"Indonesia, India, Guatemala, Brazil, Ethiopia",,94.0
8.0,9.0,8.0,Medium,Southern India,,94.0
10.0,8.0,7.0,Medium-Dark,Not disclosed.,,92.0
8.0,8.0,8.0,Medium-Light,"Madriz, Nicaragua",,92.0
8.0,7.0,8.0,Medium-Dark,"Yirgacheffe growing region, Sidamo Province, southern Ethiopia.",,92.0
9.0,7.0,7.0,Medium,"Sumatra, Ethiopia",,91.0
8.0,7.0,8.0,Medium,Not disclosed.,,91.0
9.0,8.0,7.0,Medium,"Mogiana growing region, Sao Paulo State, south-central Brazil.",,90.0
8.0,8.0,7.0,Medium-Dark,Not disclosed,,90.0
9.0,7.0,8.0,Medium,"Ethiopia, Mexico",,90.0
8.0,8.0,8.0,Dark,Not disclosed.,,90.0
8.0,8.0,8.0,Medium-Light,"Wahgi Valley, Western Highlands Province, Papua New Guinea",,91.0
7.0,7.0,8.0,Medium,Highlands of Papua New Guinea,,91.0
8.0,7.0,8.0,Medium,"Kainantu district, Eastern Highlands Province, Papua New Guinea",,90.0
8.0,8.0,8.0,Medium-Dark,"Okapa Valley, Eastern Highlands Province, Papua New Guinea",,90.0
8.0,8.0,8.0,Medium-Light,Highlands of Papua New Guinea,,89.0
8.0,8.0,8.0,Medium,Highlands of Papua New Guinea,,88.0
8.0,7.0,8.0,Medium,Highlands of Papua New Guinea,,88.0
8.0,7.0,8.0,Medium,Highlands of Papua New Guinea,,88.0
7.0,7.0,7.0,Medium-Light,Highlands of Papua New Guinea,,87.0
8.0,8.0,8.0,Medium,Highlands of Papua New Guinea,,86.0
7.0,6.0,7.0,Very Dark,Central and South America,,85.0
8.0,7.0,8.0,Very Dark,Blend,,87.0
7.0,7.0,7.0,Very Dark,Blend,,85.0
8.0,8.0,8.0,Very Dark,Lake Atitlan region of west-central Guatemala; northern Sumatra; southern Mexico,,90.0
8.0,8.0,8.0,Medium-Light,"South Kona growing district, ""Big Island"" of Hawaii",,92.0
8.0,7.0,9.0,Medium-Light,20% Kona; other blend components not disclosed.,,91.0
9.0,7.0,8.0,Medium,"San Augustin growing region, Huila Department, southern Colombia",,94.0
8.0,6.0,8.0,Medium-Light,"Tolima growing region, south-central Colombia",,93.0
8.0,7.0,9.0,Medium,"Valle de Cauca Department, western Colombia",,93.0
9.0,8.0,9.0,Medium-Light,Colombia,,92.0
8.0,7.0,9.0,Medium,"San Agustin growing region, Huila Department, southern Colombia",,92.0
9.0,8.0,9.0,Medium-Light,"Valle de Cauca Department, western Colombia",,92.0
8.0,8.0,8.0,Medium,Colombia,,91.0
8.0,7.0,8.0,Medium,"Valle de Cauca Department, western Colombia",,91.0
9.0,6.0,8.0,Medium,"Narino Department, southern Colombia",,91.0
8.0,8.0,8.0,Medium-Light,"Huila Department, southern Colombia",,90.0
9.0,7.0,8.0,Medium,Colombia,,90.0
9.0,8.0,8.0,Medium,Colombia,,90.0
8.0,8.0,8.0,Medium-Dark,Colombia,,88.0
8.0,7.0,7.0,Dark,"Narino Department, southern Colombia",,87.0
7.0,7.0,7.0,Dark,Colombia,,85.0
8.0,7.0,8.0,Very Dark,Not Disclosed,,90.0
7.0,7.0,7.0,,South-central Kenya,,83.0
7.0,5.0,7.0,,Not Disclosed,,82.0
6.0,6.0,6.0,,Northern Sumatra,,81.0
6.0,7.0,6.0,,Colombia,,81.0
7.0,6.0,6.0,,"Antigua Valley, Guatemala",,81.0
6.0,7.0,5.0,,Colombia,,79.0
6.0,6.0,5.0,,Colombia,,75.0
6.0,6.0,5.0,,Colombia,,73.0
9.0,8.0,9.0,Medium-Light,"Yirgacheffe growing region, south-central Ethiopia",,95.0
10.0,7.0,8.0,Medium-Light,"Valle de Cauca Department, western Colombia",,93.0
8.0,8.0,8.0,Dark,"Tres Rios growing region, near San Jose, central Costa Rica",,91.0
8.0,7.0,8.0,Medium,"Northern Sumatra, Indonesia",,90.0
9.0,8.0,8.0,Medium,Not Disclosed,,89.0
8.0,8.0,9.0,Medium-Dark,Central Papua New Guinea,,89.0
9.0,7.0,8.0,Medium-Dark,Not Disclosed,,89.0
8.0,8.0,8.0,Dark,South-central Kenya,,89.0
8.0,7.0,8.0,Medium-Dark,"Huehuetenango growing region, northwestern Guatemala",,90.0
8.0,8.0,7.0,Medium-Light,"Huehuetenango growing region, northwestern Guatemala",,89.0
8.0,8.0,8.0,Medium,"Sierra Madre Mountains, southeastern Chiapas State, Mexico",,89.0
8.0,7.0,8.0,Medium,Southern Mexico,,88.0
8.0,7.0,8.0,Medium-Light,"Antigua Valley, Guatemala",,88.0
8.0,8.0,8.0,Medium-Dark,"Huehuetenango growing region, northwestern Guatemala",,87.0
8.0,7.0,8.0,Medium-Light,Lake Atitlan region of west-central Guatemala; northern Sumatra; southern Mexico,,87.0
8.0,8.0,9.0,Medium,"Mandheling growing region, North Sumatra Province, Sumatra, Indonesia.",,94.0
8.0,8.0,9.0,Medium-Light,South-central Kenya,,93.0
8.0,8.0,8.0,Medium-Light,"Nyeri growing district, South-central Kenya",,93.0
7.0,6.0,8.0,,Not Disclosed,,86.0
7.0,7.0,8.0,,Not Disclosed,,86.0
8.0,8.0,7.0,,Colombia,,86.0
7.0,7.0,7.0,,South-central Brazil,,85.0
7.0,8.0,6.0,,Not Disclosed,,84.0
8.0,6.0,7.0,,Not Disclosed,,84.0
9.0,7.0,8.0,Medium-Light,Peru,,88.0
8.0,7.0,9.0,Light,"Boquete growing district, western Panama",,92.0
8.0,7.0,8.0,Medium-Light,"Finca El Mirador, El Paraiso Department, Honduras",,91.0
9.0,8.0,8.0,Medium-Dark,"Finca Esmeralda, Boquete growing district, western Panama",,91.0
7.0,8.0,8.0,Medium-Light,"El Paraiso Department, Honduras",,91.0
9.0,7.0,8.0,Medium-Light,"Esteli Department, Nicaragua",,90.0
8.0,8.0,8.0,Medium-Dark,"Huehuetenango growing region, Guatemala",,90.0
8.0,8.0,8.0,Medium-Dark,"Rosario Entre Rios growing region, Bolivia",,89.0
8.0,8.0,8.0,Medium,"Esteli Department, Nicaragua",,89.0
8.0,8.0,8.0,Medium-Light,"La Paz Department, Honduras",,88.0
8.0,8.0,7.0,Medium,"La Paz Department, Honduras",,88.0
8.0,8.0,7.0,Medium,"Pitalito growing region, Huila State, Colombia",,87.0
9.0,6.0,8.0,Medium-Dark,Not Disclosed,,88.0
9.0,7.0,8.0,Medium-Light,"Yirgacheffe growing region, south-central Ethiopia",,91.0
7.0,8.0,8.0,Medium-Dark,"South Kona growing district, Big Island of Hawaii",,88.0
8.0,8.0,9.0,Medium,"Antigua growing region, south-central Guatemala",,94.0
8.0,7.0,8.0,Medium,"Boquete growing district, western Panama",,90.0
8.0,7.0,8.0,Dark,"Tarrazu growing region, Central Costa Rica",,88.0
7.0,8.0,8.0,Medium,"Boquete growing district, western Panama",,88.0
8.0,7.0,7.0,Medium,"West Central Valley growing region, Costa Rica",,87.0
7.0,8.0,8.0,Medium,"Tarrazu growing region, Central Costa Rica",,87.0
7.0,7.0,7.0,Medium,"La Amistad growing region, southeastern Costa Rica",,85.0
7.0,6.0,7.0,Medium-Dark,"Tarrazu growing region, Central Costa Rica",,84.0
9.0,9.0,9.0,Medium,"Cerrado growing region, Minas Gerais State, Brazil",,93.0
8.0,9.0,9.0,Medium-Dark,Not Disclosed,,92.0
8.0,9.0,9.0,Medium-Dark,Not Disclosed,,92.0
8.0,8.0,8.0,Medium-Dark,"Costa Rica; Mexico; Ethiopia; Sumatra, Indonesia",,91.0
8.0,8.0,8.0,Medium-Dark,Not Disclosed,,91.0
7.0,8.0,8.0,Medium-Dark,Not Disclosed,,90.0
8.0,7.0,8.0,Medium-Dark,India; Indonesia,,89.0
8.0,8.0,8.0,Dark,Not Disclosed,,88.0
8.0,7.0,7.0,Medium-Dark,Not Disclosed,,87.0
7.0,9.0,6.0,Very Dark,"Indonesia, probably northern Sumatra or southwestern Sulawesi",,85.0
6.0,7.0,7.0,Dark,Not Disclosed,,85.0
7.0,6.0,7.0,Medium-Dark,"Oaxaca State, Mexico",,84.0
7.0,8.0,7.0,Medium-Dark,Not Disclosed,,92.0
9.0,7.0,9.0,Dark,Kenya,,94.0
8.0,8.0,8.0,Medium-Dark,"Gikongoro Province, southwestern Rwanda",,93.0
8.0,8.0,8.0,Medium,"Yemen or Harrar region of Ethiopia; Java, Indonesia",,92.0
9.0,7.0,8.0,Medium,Kenya,,92.0
7.0,7.0,8.0,Medium,Papua New Guinea,,91.0
8.0,8.0,8.0,Medium,Not Disclosed,,90.0
7.0,8.0,8.0,Medium-Light,"Kona from the ""Big Island"" of Hawaii plus other coffees not disclosed",,89.0
8.0,7.0,8.0,Medium,Kenya,,89.0
7.0,8.0,7.0,Medium,Not Disclosed,,88.0
8.0,7.0,8.0,Medium-Dark,Colombia,,88.0
7.0,7.0,8.0,Medium,Hawaii,,86.0
7.0,6.0,8.0,Medium-Dark,"Yirgacheffe growing region, Sidamo Province, south-central Ethiopia",,85.0
7.0,7.0,7.0,Very Dark,"Cerrado growing region, Minas Gerais State, Brazil",,84.0
6.0,7.0,6.0,Very Dark,"Cerrado growing region, Minas Gerais State, Brazil",,82.0
6.0,6.0,6.0,Very Dark,"Sul de Minas growing region, southern Minas Gerais State, Brazil",,80.0
8.0,7.0,8.0,Medium,"Aceh Province, northern Sumatra, Indonesia",,88.0
9.0,7.0,7.0,Dark,Not Disclosed,,87.0
8.0,8.0,7.0,Very Dark,Not Disclosed,,86.0
7.0,7.0,7.0,Medium,Not Disclosed,,86.0
7.0,6.0,7.0,Medium-Dark,Not Disclosed,,85.0
7.0,6.0,7.0,Dark,Not Disclosed,,84.0
6.0,7.0,7.0,Medium-Dark,Honduras,,84.0
6.0,7.0,7.0,Medium-Dark,Honduras,,84.0
5.0,8.0,6.0,Very Dark,Not Disclosed,,83.0
7.0,6.0,6.0,Very Dark,Colombia,,80.0
8.0,7.0,8.0,Medium,Colombia,,91.0
8.0,7.0,7.0,Medium,Colombia,,90.0
8.0,8.0,8.0,Medium-Dark,Colombia,,89.0
9.0,8.0,9.0,Dark,Not Disclosed,,93.0
8.0,7.0,8.0,Very Dark,Not Disclosed,,92.0
9.0,8.0,7.0,Medium-Dark,Not Disclosed,,89.0
8.0,7.0,8.0,Medium-Dark,Not Disclosed,,89.0
7.0,7.0,8.0,Very Dark,Not Disclosed,,88.0
8.0,7.0,7.0,Dark,Not Disclosed,,87.0
8.0,7.0,7.0,Dark,Not Disclosed,,87.0
7.0,8.0,7.0,Dark,Not Disclosed,,85.0
8.0,6.0,7.0,Very Dark,Not Disclosed,,85.0
7.0,7.0,7.0,Dark,Not Disclosed,,84.0
7.0,6.0,6.0,Very Dark,Not Disclosed,,82.0
8.0,8.0,7.0,Dark,Not Disclosed,,87.0
8.0,7.0,8.0,Medium-Dark,"Cerrado growing region, Minas Gerais State, Brazil",,92.0
8.0,7.0,8.0,Medium-Dark,"Minas Gerais State, Brazil",,91.0
7.0,7.0,8.0,Medium-Light,"Cerrado growing region, Minas Gerais State, Brazil",,91.0
9.0,7.0,8.0,Medium-Dark,"Sul de Minas growing region, southern Minas Gerais State, Brazil",,88.0
8.0,7.0,8.0,Dark,"Northern provinces of Sumatra, Indonesia",,87.0
7.0,8.0,8.0,Very Dark,"Northern provinces of Sumatra, Indonesia",,87.0
7.0,7.0,8.0,Dark,"Northern provinces of Sumatra, Indonesia",,85.0
7.0,7.0,7.0,Very Dark,"Northern provinces of Sumatra, Indonesia",,84.0
7.0,7.0,6.0,Medium-Dark,"Northern provinces of Sumatra, Indonesia",,83.0
8.0,8.0,8.0,Medium-Dark,"Armenia growing region, Quindio Department, Colombia",,91.0
8.0,8.0,8.0,Medium,"Tanzania, probably the Mt. Kilimanjaro region in the north",,93.0
9.0,7.0,9.0,Medium,"Rwanda, Central Africa",,91.0
8.0,9.0,8.0,Medium,"Tanzania, probably the Mt. Kilimanjaro region in the north",,91.0
8.0,8.0,8.0,Medium-Dark,"Rwanda, Central Africa",,90.0
8.0,8.0,8.0,Medium,"Chipinge growing region, eastern Zimbabwe",,89.0
7.0,8.0,7.0,Medium,Zambia,,88.0
7.0,7.0,8.0,Medium,Tanzania,,87.0
7.0,8.0,8.0,Medium-Dark,"East, Central, and southern Africa",,87.0
7.0,7.0,7.0,Medium-Dark,"Tanzania, probably the Mt. Kilimanjaro region in the north",,86.0
8.0,7.0,7.0,Dark,"Tanzania, probably the Mt. Kilimanjaro region in the north",,84.0
8.0,8.0,8.0,Medium-Light,"San Augustin growing region, Huila Department, Colombia",,90.0
8.0,7.0,8.0,Medium,"Sul de Minas growing region, southern Minas Gerais State, Brazil",,90.0
8.0,7.0,8.0,Medium-Light,"Fraijanes growing region, Guatemala",,89.0
7.0,7.0,7.0,Medium,"Oaxaca State, Mexico",,88.0
7.0,7.0,8.0,Medium,"Caldas Department, Colombia",,87.0
8.0,7.0,7.0,Medium,"Minas Gerais State, Brazil",,87.0
8.0,8.0,8.0,Medium,"Puno, Peru",,87.0
8.0,7.0,8.0,Medium-Dark,El Salvador,,87.0
8.0,8.0,7.0,Medium,"Kona growing region, Big Island of Hawaii",,86.0
7.0,7.0,7.0,Very Dark,"Oaxaca State, Mexico; Puno, Peru; Esteli Nicaragua",,83.0
9.0,7.0,9.0,Medium-Dark,Not Disclosed,,92.0
8.0,7.0,8.0,Medium,Not Disclosed,,92.0
6.0,8.0,7.0,Medium,Not Disclosed,,87.0
9.0,8.0,8.0,Medium-Light,"Mandheling growing region, North Sumatra Province, Sumatra, Indonesia",,92.0
9.0,8.0,8.0,Very Dark,"Northern provinces of Sumatra, Indonesia",,90.0
7.0,8.0,8.0,Dark,"Mandheling growing region, North Sumatra Province, Sumatra, Indonesia",,89.0
8.0,8.0,8.0,Medium-Light,"Oromio Cooperative, Yirgacheffe growing region, Sidamo Province, southern Ethiopia",,90.0
8.0,8.0,8.0,Medium-Dark,South-central Kenya,,89.0
8.0,8.0,8.0,Medium-Dark,"Sidamo Province, southern Ethiopia",,88.0
8.0,8.0,8.0,Medium-Dark,South-central Kenya,,89.0
8.0,8.0,8.0,Medium,Tanzania,,88.0
8.0,7.0,8.0,Medium-Dark,Papua New Guinea,,91.0
9.0,7.0,8.0,Medium-Light,South-central Kenya,,93.0
8.0,7.0,9.0,Medium-Light,El Salvador,,94.0
9.0,9.0,9.0,Medium,El Salvador,,94.0
8.0,8.0,9.0,Medium-Light,"Mardriz Department, Nicaragua",,93.0
8.0,8.0,8.0,Medium-Light,"El Salvador, Honduras, Nicaragua",,92.0
8.0,8.0,9.0,Medium,"Las Nubitas Farm, El Salvador",,92.0
8.0,8.0,8.0,Medium,"Las Nubitas Farm, El Salvador",,92.0
8.0,8.0,8.0,Medium,"Esteli Department, Nicaragua",,91.0
9.0,8.0,8.0,Medium,El Salvador,,90.0
7.0,9.0,8.0,Medium,"Los Naranjos Farm, El Salvador",,90.0
8.0,7.0,8.0,Medium-Dark,"Segovia growing region, Nicaragua",,86.0
9.0,8.0,8.0,Medium-Dark,Eastern Java,,90.0
9.0,7.0,8.0,Medium-Light,"Nyeri growing region, south-cental Kenya",,92.0
9.0,6.0,9.0,Medium-Dark,"Yirgacheffe growing region, Sidamo Province, southern Ethiopia",,90.0
8.0,8.0,8.0,Medium,"Cerrado region, Minas Gerais State, Brazil",,92.0
7.0,8.0,8.0,Medium,Not disclosed,,90.0
8.0,7.0,8.0,Medium,"Yirgacheffe growing region, Sidamo Province, southern Ethiopia.",,88.0
8.0,7.0,8.0,Medium-Dark,"Aceh Province, northern Sumatra",,88.0
8.0,8.0,7.0,Dark,"Harrar growing region, eastern Ethiopia",,88.0
8.0,8.0,8.0,Dark,Southern Ethiopia,,87.0
8.0,8.0,7.0,Very Dark,Not disclosed,,87.0
8.0,7.0,7.0,Very Dark,"Yirgacheffe growing region, Sidamo Province, southern Ethiopia",,86.0
7.0,7.0,8.0,Very Dark,"Oaxaca State, south-central Mexico",,86.0
8.0,7.0,7.0,Very Dark,"Gayo Mountain growing region, Aceh Province, northern Sumatra",,86.0
8.0,8.0,7.0,Medium,"Blue Mountain growing region, Jamaica",,86.0
9.0,8.0,9.0,Medium-Dark,"Yirgacheffe growing region, Sidamo Province, southern Ethiopia",,91.0
8.0,8.0,10.0,Medium-Dark,Not disclosed,,92.0
9.0,7.0,8.0,Medium-Light,Southern India,,90.0
7.0,8.0,8.0,Medium-Light,Southern India,,92.0
8.0,7.0,8.0,Light,"Karnataka Estate, southern India",,89.0
8.0,8.0,8.0,Medium-Dark,Southern India,,88.0
8.0,7.0,8.0,Medium-Dark,Southern India,,87.0
7.0,8.0,7.0,Medium-Dark,Southern India,,87.0
8.0,7.0,7.0,Medium,Southern India,,87.0
7.0,7.0,8.0,Medium-Light,Southern India,,86.0
7.0,7.0,7.0,Medium-Light,Southern India,,85.0
7.0,8.0,7.0,Medium-Dark,Southern India,,83.0
8.0,8.0,9.0,Medium-Dark,"Aranjuez, Nicaragua",,94.0
9.0,8.0,8.0,Medium,"Matagalpa growing region, Nicaragua",,91.0
8.0,7.0,8.0,Medium-Dark,Nicaragua,,88.0
7.0,7.0,8.0,Medium-Dark,"Jinotega growing region, central Nicaragua",,87.0
,,,Medium,"Matagalpa growing region, Nicaragua",,87.0
8.0,7.0,7.0,Medium,Not disclosed,,85.0
8.0,8.0,7.0,Light,"East Africa, Central and South America",,85.0
7.0,6.0,6.0,Very Dark,Not disclosed,,81.0
7.0,6.0,7.0,Dark,Not disclosed,,81.0
7.0,6.0,5.0,Light,Not disclosed,,79.0
6.0,6.0,6.0,Medium-Dark,Not disclosed,,78.0
6.0,6.0,5.0,Medium,"Northern Sumatra, Indonesia",,77.0
9.0,7.0,8.0,,"Yirgacheffe growing region, Ethiopia",,93.0
8.0,8.0,9.0,Medium,Not disclosed,,93.0
8.0,8.0,8.0,Medium-Dark,Not disclosed,,91.0
8.0,8.0,9.0,Dark,Not disclosed,,90.0
8.0,8.0,8.0,Medium-Dark,The Americas,,90.0
8.0,8.0,8.0,Very Dark,Not disclosed,,90.0
9.0,7.0,7.0,Medium-Dark,Not disclosed,,89.0
8.0,7.0,8.0,Very Dark,"Huila Department, south-central Colombia",,89.0
8.0,8.0,7.0,Medium-Dark,Not disclosed,,88.0
7.0,8.0,8.0,Very Dark,Brazil and others,,87.0
7.0,6.0,7.0,Very Dark,Not disclosed,,86.0
8.0,7.0,7.0,Very Dark,Not disclosed,,85.0
8.0,8.0,7.0,Very Dark,Not disclosed,,83.0
7.0,6.0,7.0,Medium,Kona region of Hawaii and other unnamed origins,,82.0
6.0,6.0,7.0,Very Dark,Not disclosed,,81.0
7.0,6.0,6.0,Dark,Not disclosed,,80.0
8.0,8.0,8.0,Medium-Light,"Popayan growing region, Colombia",,92.0
9.0,8.0,9.0,Medium,South-central Kenya,,95.0
7.0,8.0,9.0,Medium,"Jinotega growing region, central Nicaragua",,90.0
8.0,8.0,8.0,Medium,"South Kona growing district, Big Island of Hawaii",,92.0
7.0,7.0,8.0,Medium-Dark,Not disclosed,,90.0
8.0,8.0,7.0,Medium-Dark,Central Costa Rica,,88.0
8.0,7.0,8.0,Medium-Dark,Not disclosed,,88.0
8.0,7.0,8.0,Medium,"Huila growing region, southern Colombia",,88.0
9.0,7.0,7.0,Medium-Light,"Lake Atitlan basin, south-central Guatemala",,88.0
7.0,8.0,8.0,Medium,"Caranavi region, north of La Paz, Bolivia",,89.0
8.0,8.0,8.0,Medium-Dark,"Loja Province, Ecuador.",,88.0
8.0,7.0,8.0,Dark,"Quillabamba region, south-central Peru.",,88.0
9.0,7.0,8.0,Medium,"Gikongoro Province, southwestern Rwanda.",,90.0
8.0,7.0,7.0,Medium-Dark,"Gikongoro Province, southwestern Rwanda.",,88.0
8.0,7.0,7.0,Medium,"Cusco Province, south-central Peru.",,86.0
8.0,7.0,7.0,Medium-Dark,Northern Peru,,85.0
8.0,7.0,7.0,Medium-Dark,"Chanchamayo growing region, south-central Peru.",,85.0
8.0,6.0,7.0,Dark,"Quillabamba region, south-central Peru.",,85.0
6.0,7.0,7.0,Medium-Dark,"Chiclayo Province, northwestern Peru.",,81.0
7.0,7.0,9.0,Medium-Dark,Papua New Guinea,,90.0
9.0,8.0,8.0,Medium-Dark,Western El Salvador,,92.0
9.0,7.0,9.0,Medium,Central Kenya,,94.0
8.0,6.0,9.0,Medium-Dark,Not disclosed,,90.0
7.0,7.0,8.0,Medium,"Honaunau, South Kona, Hawaii",,88.0
8.0,8.0,8.0,Medium-Dark,Not disclosed,,88.0
8.0,7.0,6.0,Dark,Not disclosed,,85.0
7.0,7.0,7.0,Very Dark,Not disclosed,,85.0
8.0,7.0,6.0,Medium,"Antigua valley, central Guatemala",,85.0
6.0,6.0,8.0,Medium-Dark,Not disclosed,,84.0
7.0,6.0,7.0,Medium-Dark,Harrar region of eastern Ethiopia,,83.0
7.0,6.0,7.0,Very Dark,Not disclosed,,82.0
7.0,8.0,7.0,Dark,"Aceh Province, northern Sumatra",,82.0
6.0,6.0,7.0,,Sumatra,,80.0
8.0,8.0,7.0,Medium-Dark,Not disclosed,,90.0
8.0,8.0,8.0,Medium-Dark,Espresso Blend,,90.0
8.0,9.0,8.0,Medium,Not disclosed,,89.0
8.0,7.0,7.0,Dark,Not disclosed,,87.0
8.0,6.0,7.0,Medium-Dark,Not disclosed,,85.0
8.0,8.0,6.0,Very Dark,Not disclosed,,85.0
6.0,7.0,7.0,Medium-Dark,Central America; South America; IndonesiaCentral America; South America; Indonesia,,85.0
7.0,7.0,7.0,Very Dark,Not disclosed,,84.0
6.0,5.0,6.0,Very Dark,Not disclosed,,81.0
6.0,6.0,6.0,Very Dark,"Presumably, Sidamo Province, southern Ethiopia",,80.0
6.0,5.0,6.0,Very Dark,Not disclosed,,80.0
6.0,8.0,5.0,Very Dark,Colombia,,79.0
6.0,6.0,5.0,Very Dark,Central and South America,,78.0
5.0,6.0,7.0,Very Dark,Northern Sumatra,,78.0
5.0,6.0,5.0,Very Dark,South-central Kenya,,78.0
5.0,7.0,5.0,Very Dark,Not disclosed,,72.0
8.0,7.0,8.0,Very Dark,Harrar region of eastern Ethiopia,,91.0
9.0,7.0,8.0,Medium-Dark,Not disclosed,,90.0
8.0,8.0,8.0,Medium-Dark,Not disclosed,,90.0
8.0,7.0,8.0,Medium-Dark,"Bouquete growing region, western Panama",,89.0
9.0,7.0,8.0,Dark,Not disclosed,,88.0
8.0,6.0,8.0,Medium-Dark,Not disclosed,,88.0
8.0,6.0,8.0,Dark,Central Guatemala,,87.0
7.0,7.0,8.0,Dark,Not disclosed,,86.0
9.0,7.0,10.0,Medium-Dark,"Wahgi Valley, Papua New Guinea",,93.0
8.0,8.0,8.0,Medium,Papua New Guinea,,92.0
8.0,6.0,9.0,Medium-Dark,East Timor,,90.0
7.0,7.0,8.0,Medium-Dark,Not disclosed,,89.0
8.0,7.0,8.0,Medium,"Toraja (or Kalossi) growing region, southwestern Sulawesi (Celebes), Indonesia.",,89.0
8.0,7.0,8.0,Medium-Dark,"Lake Toba region, northern Sumatra, Indonesia.",,88.0
7.0,7.0,7.0,Medium-Light,East Timor,,87.0
7.0,8.0,8.0,Very Dark,"Lake Toba region, northern Sumatra, Indonesia.",,86.0
7.0,7.0,7.0,Dark,Not disclosed,,86.0
7.0,8.0,8.0,Medium-Dark,Papua New Guinea,,87.0
8.0,7.0,8.0,Very Dark,"Caldas Department, west-central Colombia",,90.0
8.0,7.0,8.0,Very Dark,Colombia,,87.0
7.0,7.0,8.0,Very Dark,Not disclosed,,85.0
7.0,7.0,7.0,Very Dark,Colombia,,85.0
6.0,7.0,7.0,Very Dark,Not disclosed,,85.0
6.0,7.0,8.0,Very Dark,Not disclosed,,85.0
8.0,7.0,7.0,Medium,"Huehuetenango growing region, north-central Guatemala",,87.0
8.0,7.0,8.0,Medium-Dark,"Fraijanes growing region, south-central Guatemala",,86.0
8.0,8.0,7.0,Medium,"San Marcos growing region, southwestern Guatemala",,85.0
8.0,7.0,7.0,Dark,"Huehuetenango growing region, western Guatemala",,85.0
7.0,7.0,7.0,Medium-Dark,"Lake Atitlan growing region, south-central Guatemala",,85.0
8.0,7.0,7.0,Medium-Dark,"Southern slopes of Mt. Kilimanjaro, northern Tanzania",,88.0
8.0,7.0,8.0,Medium,"Southern slopes of Mt. Kilimanjaro, northern Tanzania",,87.0
8.0,6.0,7.0,Medium-Dark,"Southern slopes of Mt. Kilimanjaro, northern Tanzania",,86.0
9.0,8.0,8.0,Medium-Dark,South-central Kenya,,94.0
8.0,8.0,8.0,Medium-Dark,"Tarrazu growing region, central Costa Rica",,90.0
7.0,8.0,8.0,Medium,El Salvador,,89.0
9.0,7.0,8.0,Medium-Dark,Not disclosed,,88.0
8.0,8.0,7.0,Medium-Light,"Blue Mountain growing region, Jamaica",,88.0
8.0,6.0,8.0,Medium,"Kona growing region, Big Island of Hawaii",,87.0
8.0,7.0,8.0,Medium-Light,"Blue Mountain growing region, Jamaica",,87.0
8.0,7.0,7.0,Very Dark,"Kona growing region, Big Island of Hawaii",,86.0
7.0,6.0,6.0,Very Dark,"Agalta Mountain, northeastern Honduras",,80.0
9.0,8.0,7.0,Very Dark,North-central Yemen,,92.0
8.0,8.0,8.0,Dark,East Timor,,91.0
8.0,7.0,8.0,,"Cachoeira Farm, South America, Southern Minas Gerais State, Brazil",,89.0
9.0,8.0,8.0,Dark,"Southern Minas Gerais State, Brazil",,89.0
8.0,8.0,8.0,Very Dark,Colombia,,88.0
8.0,7.0,7.0,Very Dark,"Bouquete growing region, western Panama",,86.0
8.0,7.0,7.0,Medium-Dark,Southern Mexico,,87.0
9.0,7.0,6.0,Medium-Dark,Southern India,,85.0
8.0,7.0,7.0,Very Dark,Papua New Guinea,,85.0
7.0,6.0,6.0,Very Dark,"Lake Tawar basin, Aceh Province, northern Sumatra, Indonesia",,82.0
8.0,6.0,6.0,Medium-Dark,"Southern Minas Gerais State and northern Sao Paulo State, Brazil",,81.0
7.0,8.0,6.0,Dark,West-central Costa Rica,,80.0
8.0,6.0,8.0,Medium-Dark,"Western slopes of Volcan Fuego, south-central Guatemala, Central America",,90.0
8.0,8.0,8.0,Dark,"San Marcos growing region, southwestern Guatemala, Central America",,90.0
8.0,8.0,8.0,Medium-Dark,"Huehuetenango growing region, north-central Guatemala",,88.0
7.0,7.0,7.0,Medium,Not disclosed,,84.0
7.0,7.0,7.0,Medium,Not disclosed,,84.0
7.0,8.0,6.0,Medium,"Northwestern Sumatra, Indonesia",,84.0
7.0,8.0,6.0,Very Dark,Not disclosed,,82.0
7.0,8.0,7.0,Medium,Not disclosed,,82.0
6.0,7.0,6.0,Dark,Not disclosed,,80.0
6.0,7.0,6.0,Medium-Dark,Colombia,,78.0
4.0,7.0,2.0,Medium,Not disclosed,,65.0
8.0,8.0,8.0,Medium,"Santa Ana growing region, El Salvador",,91.0
8.0,7.0,8.0,Medium-Dark,"Intibuca growing region, Honduras",,90.0
7.0,7.0,8.0,Medium,"Santa Adelaida cooperative, El Salvador",,88.0
,,,Medium,El Salvador,,88.0
8.0,7.0,7.0,Medium,Honduras,,88.0
8.0,7.0,7.0,,"Santa Ana growing region, El Salvador",,87.0
7.0,7.0,8.0,Medium,"Ocatepeque growing region, Honduras",,87.0
8.0,7.0,7.0,Dark,Honduras,,86.0
8.0,7.0,8.0,,Blend of East African coffees,,91.0
8.0,6.0,9.0,Medium,South-central Kenya,,90.0
7.0,7.0,8.0,Medium,"Chanchamayo growing region, south-central Peru",,87.0
8.0,7.0,8.0,Medium-Dark,Central Yemen,,86.0
7.0,7.0,7.0,Medium-Dark,South and Central America,,85.0
7.0,7.0,7.0,Medium-Light,Not disclosed,,85.0
8.0,7.0,8.0,Medium-Dark,"Chanchamayo growing region, south-central Peru",,84.0
7.0,8.0,7.0,Medium,Colombia,,83.0
6.0,7.0,6.0,Medium-Dark,Cameroon,,80.0
7.0,7.0,4.0,Dark,"Harrar growing region, east-central Ethiopia",,78.0
9.0,8.0,10.0,Very Dark,"Huehuetenango growing region, north-central Guatemala",,94.0
8.0,8.0,8.0,Medium,South-central Kenya,,91.0
8.0,7.0,8.0,Medium,South-central Kenya,,89.0
8.0,7.0,7.0,Medium,"Cauca Department, southwestern Colombia",,87.0
8.0,8.0,7.0,Medium,Colombia,,89.0
7.0,6.0,8.0,Medium,"Antigua Valley, Guatemala",,87.0
8.0,8.0,8.0,Very Dark,"Papua New Guinea; Timor; western Java and north-central Sumatra, Indonesia.",,90.0
8.0,8.0,8.0,Light,,,90.0
8.0,8.0,8.0,Medium-Light,Central Nicaragua.,,89.0
8.0,6.0,8.0,Medium-Dark,South-central Kenya.,,89.0
8.0,8.0,8.0,Medium-Dark,Not disclosed.,,89.0
7.0,7.0,8.0,Medium-Dark,"San Cristobal, Galapagos Islands",,88.0
7.0,7.0,8.0,Very Dark,Not disclosed.,,88.0
8.0,8.0,8.0,Medium,Central Costa Rica.,,88.0
8.0,7.0,8.0,Very Dark,"Sulawesi, Indonesia; Kenya; Colombia.",,86.0
8.0,7.0,7.0,Medium,West-central Costa Rica.,,86.0
8.0,7.0,8.0,Medium,"Blue Mountain growing region, eastern Jamaica.",,90.0
8.0,7.0,8.0,Medium,"Blue Mountain growing region, eastern Jamaica.",,89.0
7.0,7.0,8.0,Medium-Dark,"Blue Mountain growing region, eastern Jamaica.",,88.0
7.0,8.0,8.0,Medium,"Blue Mountain growing region, eastern Jamaica.",,87.0
8.0,8.0,7.0,Medium-Dark,South-central Puerto Rico.,,87.0
8.0,7.0,8.0,Medium-Dark,"Blue Mountain growing region, eastern Jamaica.",,87.0
8.0,7.0,8.0,Very Dark,Not disclosed.,,87.0
7.0,7.0,7.0,Medium-Dark,"Bouquete region of Panama, near the Costa Rican border.",,86.0
7.0,8.0,7.0,Very Dark,Colombia,,84.0
7.0,7.0,7.0,Medium-Dark,Not disclosed.,,84.0
7.0,7.0,7.0,Medium-Dark,"Antigua Valley, Guatemala.",,84.0
8.0,7.0,9.0,Light,"Blue Mountain district, eastern Jamaica.",,91.0
8.0,8.0,6.0,Dark,Not disclosed.,,90.0
8.0,8.0,8.0,Medium-Dark,Colombia; Costa Rica; Papua New Guinea.,,90.0
8.0,7.0,8.0,Medium-Light,Central America; East Africa; South America.,,89.0
8.0,8.0,7.0,Medium-Dark,Indonesia; South America; Central America.,,89.0
8.0,7.0,7.0,Light,Not disclosed.,,87.0
7.0,7.0,8.0,Light,Colombia.,,87.0
8.0,7.0,8.0,,"Toraja/Kalossi growing district, southwestern Sulawesi, Indonesia.",,87.0
8.0,8.0,6.0,Very Dark,Colombia; Costa Rica; Papua New Guinea.,,87.0
6.0,7.0,7.0,,Not disclosed.,,87.0
7.0,6.0,7.0,Medium-Dark,,,85.0
7.0,6.0,8.0,Very Dark,"Sidamo Province and growing region, southern Ethiopia.",,83.0
7.0,6.0,7.0,Very Dark,"Northern Sumatra, Indonesia.",,82.0
6.0,7.0,6.0,Very Dark,"Northern Sumatra; San Marcos region, northwestern Guatemala.",,81.0
7.0,6.0,7.0,Dark,"East Java, Indonesia; central Yemen.",,78.0
8.0,8.0,8.0,Dark,"Lake Tawar basin, Aceh Province, northern Sumatra, Indonesia.",,89.0
8.0,7.0,8.0,Medium,"Lintong growing region, North Sumatra Province, Sumatra, Indonesia.",,89.0
8.0,8.0,8.0,Medium-Dark,"Lake Tawar basin, Aceh Province, northern Sumatra, Indonesia.",,89.0
8.0,7.0,7.0,Medium-Dark,"Lake Tawar basin, Aceh Province, northern Sumatra, Indonesia.",,86.0
8.0,7.0,7.0,Medium-Dark,"Mandheling growing region, North Sumatra Province, Sumatra, Indonesia.",,85.0
8.0,7.0,7.0,Very Dark,"Mandheling growing region, North Sumatra Province, Sumatra, Indonesia.",,85.0
8.0,7.0,7.0,Medium-Dark,"Lake Tawar basin, Aceh Province, northern Sumatra, Indonesia.",,85.0
7.0,7.0,7.0,Dark,"Lake Tawar basin, Aceh Province, northern Sumatra, Indonesia.",,83.0
7.0,7.0,7.0,Medium-Dark,"Lake Tawar basin, Aceh Province, northern Sumatra, Indonesia.",,83.0
8.0,7.0,7.0,Very Dark,"Lake Tawar basin, Aceh Province, northern Sumatra, Indonesia.",,83.0
9.0,9.0,9.0,Medium-Light,Nicaragua,,94.0
9.0,7.0,8.0,Medium-Light,East Africa,,90.0
7.0,7.0,7.0,Very Dark,,,85.0
7.0,7.0,8.0,Very Dark,,,85.0
7.0,8.0,7.0,Very Dark,,,85.0
8.0,7.0,7.0,Very Dark,,,84.0
7.0,8.0,7.0,Very Dark,,,81.0
9.0,8.0,8.0,Medium,,,93.0
8.0,8.0,7.0,Medium,South-central Kenya,,90.0
7.0,8.0,7.0,Medium-Light,,,87.0
7.0,6.0,7.0,Dark,,,87.0
7.0,7.0,7.0,Dark,"Limu growing region, west-central Ethiopia",,85.0
7.0,8.0,7.0,Medium-Dark,,,86.0
9.0,7.0,7.0,Dark,"Yirgacheffe growing region, southern Ethiopia",,86.0
8.0,7.0,7.0,Dark,,,85.0
8.0,7.0,6.0,Medium-Dark,,,84.0
7.0,6.0,6.0,Very Dark,"Sidamo growing region, southern Ethiopia",,82.0
9.0,7.0,8.0,Dark,,,91.0
7.0,7.0,8.0,Medium-Dark,"Tres Rios growing region, Costa Rica.",,86.0
7.0,7.0,7.0,Very Dark,"La Luna Estate, Tarrazu growing region, Costa Rica.",,86.0
7.0,7.0,7.0,Very Dark,,,85.0
7.0,7.0,7.0,Medium-Dark,,,84.0
7.0,8.0,6.0,Medium-Dark,"Tarrazu growing region, Costa Rica",,82.0
7.0,8.0,8.0,Medium-Dark,"Lake Toba region, North Sumatra Province, Sumatra, Indonesia.",,92.0
8.0,7.0,8.0,,,,89.0
8.0,7.0,8.0,,,,88.0
7.0,7.0,7.0,Medium-Dark,,,88.0
7.0,7.0,8.0,,,,88.0
7.0,8.0,7.0,,,,87.0
8.0,7.0,7.0,,Mexico,,87.0
8.0,7.0,7.0,,"Kenya, Colombia, Sumatra",,87.0
6.0,8.0,8.0,,Not disclosed,,86.0
8.0,7.0,7.0,,,,86.0
7.0,6.0,8.0,,,,83.0
8.0,7.0,6.0,Medium-Dark,Not disclosed.,,90.0
7.0,8.0,9.0,Medium-Dark,,,87.0
8.0,7.0,8.0,Dark,Not disclosed,,89.0
8.0,8.0,7.0,Dark,Not disclosed,,90.0
5.0,8.0,7.0,Very Dark,,,82.0
6.0,7.0,7.0,Medium,,,84.0
6.0,6.0,7.0,Dark,,,84.0
7.0,6.0,7.0,Dark,,,84.0
7.0,7.0,7.0,Medium-Dark,,,85.0
6.0,6.0,7.0,Medium-Dark,,,86.0
7.0,8.0,8.0,Medium,,,87.0
8.0,8.0,7.0,Medium,,,87.0
8.0,7.0,8.0,Medium,,,88.0
8.0,7.0,8.0,Medium,,,88.0
7.0,7.0,7.0,Medium,"Sul de Minas growing region, Minas Gerais State, Brazil",,89.0
8.0,8.0,8.0,Medium,Costa Rica,,90.0
5.0,7.0,5.0,Very Dark,,,78.0
6.0,7.0,5.0,Very Dark,,,78.0
6.0,7.0,7.0,Medium-Dark,,,79.0
6.0,7.0,6.0,Very Dark,,,80.0
6.0,7.0,7.0,Dark,,,81.0
7.0,7.0,7.0,Very Dark,,,83.0
5.0,7.0,7.0,Very Dark,,,84.0
5.0,6.0,8.0,Medium,,,85.0
6.0,8.0,7.0,Very Dark,,,85.0
7.0,8.0,7.0,Medium-Dark,,,86.0
8.0,7.0,8.0,Medium,,,87.0
7.0,8.0,8.0,Very Dark,,,89.0
8.0,6.0,7.0,Dark,Not disclosed.,,82.0
7.0,8.0,7.0,Very Dark,Not disclosed.,,85.0
7.0,6.0,7.0,Dark,"Island of Molokai, Hawaii",,87.0
8.0,7.0,7.0,Dark,Not disclosed.,,88.0
7.0,6.0,7.0,Medium,,,88.0
7.0,9.0,7.0,Medium-Dark,"Marcala growing region, Honduras",,90.0
6.0,8.0,5.0,Medium-Dark,,,78.0
6.0,7.0,6.0,Dark,,,80.0
7.0,7.0,7.0,Dark,,,85.0
9.0,8.0,7.0,Dark,,,85.0
8.0,8.0,8.0,Dark,"Island of Kauai, Hawaii",,87.0
6.0,7.0,9.0,Dark,,,87.0
7.0,7.0,8.0,Medium-Dark,,,87.0
8.0,8.0,8.0,Medium-Dark,,,88.0
7.0,7.0,8.0,Medium,,,88.0
8.0,8.0,8.0,Medium-Dark,"Kona growing region, Big Island of Hawaii, Hawaii",,90.0
10.0,7.0,10.0,Medium-Dark,"Kona growing region, Big Island of Hawaii, Hawaii",,91.0
9.0,8.0,9.0,Medium-Dark,"Kona growing region, Big Island of Hawaii, Hawaii",,92.0
5.0,7.0,6.0,Very Dark,,,72.0
6.0,7.0,5.0,Very Dark,,,73.0
7.0,8.0,8.0,,"San Juan Laguna, Lake Atitlan growing region, Guatemala.",,86.0
6.0,7.0,8.0,,,,86.0
8.0,8.0,8.0,,,,87.0
7.0,8.0,7.0,,,,85.0
7.0,7.0,7.0,,"San Marcos growing region, southwestern Guatemala.",,86.0
6.0,6.0,7.0,,Northern Peru.,,81.0
7.0,7.0,8.0,,,,87.0
8.0,6.0,8.0,,"Oaxaca State, Mexico.",,86.0
7.0,7.0,7.0,,"Gayo Mountain growing region, Aceh Province, northern Sumatra, Indonesia.",,85.0
5.0,6.0,7.0,,"Aceh Province, northern Sumatra.",,81.0
8.0,7.0,8.0,,Costa Rica,,87.0
7.0,8.0,8.0,,"San Juan Laguna, Lake Atitlan growing region, Guatemala.",,88.0
7.0,8.0,6.0,Dark,Mexico,,81.0
7.0,7.0,7.0,Dark,"Segovia growing region, Nicaragua",,82.0
6.0,7.0,7.0,Medium-Dark,,,84.0
7.0,8.0,7.0,Medium-Dark,,,85.0
9.0,8.0,7.0,,,,85.0
7.0,9.0,7.0,,,,86.0
7.0,8.0,8.0,,,,87.0
8.0,9.0,7.0,,,,88.0
7.0,8.0,8.0,,,,90.0
7.0,9.0,9.0,,,,90.0
7.0,8.0,8.0,,,,92.0
,7.0,9.0,,"Boquete Valley, Chiriqui Province, Panama",,89.0
7.0,8.0,8.0,,,,86.0
7.0,7.0,7.0,,,,84.0
6.0,6.0,7.0,,,,84.0
8.0,7.0,7.0,,,,85.0
6.0,7.0,7.0,,,,85.0
7.0,8.0,7.0,,,,85.0
7.0,6.0,7.0,,,,86.0
7.0,7.0,7.0,,Not disclosed,,86.0
7.0,6.0,7.0,,,,84.0
5.0,7.0,6.0,,,,80.0
5.0,8.0,7.0,,,,82.0
6.0,7.0,7.0,,,,84.0
8.0,7.0,7.0,,,,86.0
7.0,7.0,8.0,,,,86.0
7.0,7.0,8.0,,,,88.0
8.0,8.0,7.0,,,,88.0
8.0,8.0,7.0,,,,88.0
,7.0,6.0,,,,83.0
7.0,7.0,6.0,,,,83.0
7.0,6.0,5.0,,,,83.0
7.0,7.0,6.0,,,,85.0
8.0,8.0,7.0,,,,85.0
5.0,8.0,3.0,,,,70.0
7.0,7.0,6.0,,,,80.0
7.0,6.0,7.0,,,,84.0
6.0,6.0,7.0,,,,83.0
6.0,6.0,8.0,,,,85.0
7.0,8.0,7.0,,"Matagalpa, Nicaragua",,85.0
7.0,7.0,7.0,,,,88.0
8.0,7.0,9.0,,,,90.0
8.0,8.0,8.0,,,,90.0
9.0,7.0,8.0,,,,90.0
8.0,7.0,8.0,,,,91.0
8.0,8.0,9.0,,"Boquete, Panama",,92.0
9.0,7.0,9.0,,,,95.0
7.0,7.0,7.0,,,,85.0
8.0,8.0,6.0,,,,86.0
9.0,6.0,6.0,,,,86.0
8.0,7.0,6.0,,,,86.0
7.0,9.0,8.0,,,,87.0
6.0,8.0,7.0,,,,86.0
8.0,7.0,8.0,,,,85.0
7.0,7.0,7.0,,,,84.0
7.0,6.0,6.0,,,,84.0
7.0,7.0,7.0,,,,84.0
6.0,6.0,7.0,,,,85.0
7.0,7.0,7.0,,,,86.0
7.0,8.0,7.0,,,,86.0
7.0,8.0,8.0,,,,88.0
7.0,6.0,8.0,,,,88.0
6.0,7.0,6.0,,,,82.0
5.0,7.0,7.0,,,,85.0
7.0,6.0,7.0,,,,86.0
8.0,8.0,7.0,,,,87.0
7.0,6.0,8.0,,,,87.0
7.0,6.0,8.0,,"Lake Atitlan basin, south central Guatemala.",,88.0
8.0,7.0,6.0,,,,82.0
7.0,7.0,6.0,,,,83.0
7.0,5.0,8.0,,,,86.0
5.0,7.0,3.0,,,,71.0
4.0,7.0,3.0,,,,72.0
7.0,5.0,5.0,,,,77.0
4.0,7.0,6.0,,,,78.0
7.0,6.0,6.0,,,,81.0
7.0,6.0,6.0,,,,82.0
7.0,7.0,7.0,,,,87.0
7.0,6.0,7.0,,,,82.0
6.0,5.0,5.0,,,,78.0
6.0,7.0,6.0,,,,79.0
6.0,7.0,7.0,,,,82.0
7.0,7.0,7.0,,,,85.0
6.0,5.0,5.0,,,,76.0
7.0,8.0,8.0,,,,86.0
6.0,8.0,7.0,,,,86.0
8.0,7.0,7.0,,Not disclosed,,86.0
8.0,6.0,8.0,,,,87.0
8.0,7.0,8.0,,,,89.0
8.0,8.0,9.0,,,,90.0
8.0,7.0,8.0,,,,89.0
8.0,7.0,8.0,,,,85.0
7.0,8.0,8.0,,,,88.0
7.0,7.0,8.0,,,,87.0
8.0,8.0,8.0,,,,89.0
9.0,8.0,9.0,,,,93.0
8.0,7.0,9.0,,,,92.0
7.0,6.0,7.0,,"Pluma Hidalgo village, Oaxaca State, Mexico.",,86.0
6.0,5.0,6.0,,,,78.0
6.0,6.0,7.0,,,,79.0
7.0,6.0,7.0,,,,82.0
6.0,6.0,6.0,,,,82.0
5.0,7.0,7.0,,,,83.0
8.0,6.0,7.0,,,,88.0
6.0,8.0,7.0,,,,84.0
7.0,8.0,8.0,,,,89.0
7.0,7.0,9.0,,,,85.0
8.0,6.0,8.0,,,,94.0
8.0,8.0,8.0,,,,86.0
9.0,6.0,7.0,,,,81.0
6.0,6.0,7.0,,,,85.0
5.0,6.0,8.0,,,,87.0
8.0,8.0,9.0,,,,89.0
7.0,6.0,6.0,,,,79.0
6.0,7.0,6.0,,,,80.0
7.0,8.0,6.0,,,,83.0
7.0,6.0,7.0,Very Dark,,,80.0
6.0,7.0,5.0,Very Dark,,,80.0
7.0,6.0,8.0,Very Dark,Kenya,,88.0
8.0,6.0,8.0,Very Dark,,,88.0
7.0,5.0,6.0,Very Dark,,,85.0
8.0,7.0,7.0,Dark,,,85.0
7.0,7.0,8.0,Very Dark,,,88.0
7.0,6.0,7.0,Dark,,,84.0
8.0,8.0,7.0,Dark,Nicaragua,,84.0
6.0,7.0,8.0,Dark,,,89.0
6.0,7.0,7.0,Medium-Dark,,,83.0
7.0,7.0,6.0,Dark,,,80.0
9.0,7.0,9.0,Medium-Dark,,,93.0
8.0,8.0,7.0,Medium-Dark,,,86.0
6.0,7.0,7.0,Medium-Dark,,,84.0
7.0,7.0,8.0,Medium-Dark,,,89.0
8.0,6.0,7.0,Medium-Dark,,,84.0
8.0,6.0,8.0,Medium-Dark,,,86.0
6.0,7.0,5.0,Dark,,,80.0
8.0,7.0,8.0,,,,85.0
7.0,7.0,7.0,,,,88.0
7.0,6.0,6.0,,,,91.0
8.0,8.0,8.0,Dark,,,88.0
8.0,6.0,8.0,,,,84.0
9.0,7.0,8.0,,,,88.0
9.0,5.0,7.0,,"Honomalino Estate, Kona, Big Island, Hawaii",,87.0
8.0,7.0,8.0,,"Honomalino Estate, Kona, Big Island, Hawaii",,88.0
8.0,8.0,7.0,,,,87.0
8.0,6.0,8.0,Very Dark,,,90.0
8.0,8.0,8.0,,,,85.0
8.0,8.0,7.0,,,,86.0
8.0,5.0,8.0,,,,87.0
,,,,"La Lucie Estate, Zimbabwe",,80.0
6.0,7.0,7.0,,,,86.0
7.0,7.0,7.0,,,,85.0
7.0,7.0,8.0,,,,89.0
6.0,6.0,7.0,,,,82.0
7.0,7.0,7.0,,,,85.0
8.0,7.0,8.0,,,,88.0
8.0,7.0,7.0,,,,85.0
7.0,6.0,7.0,,,,83.0
7.0,6.0,7.0,,,,83.0
5.0,6.0,7.0,,,,82.0
8.0,7.0,7.0,Medium-Dark,,,87.0
6.0,7.0,8.0,Medium-Dark,,,88.0
5.0,6.0,5.0,Medium-Dark,,,76.0
7.0,7.0,5.0,Dark,,,78.0
7.0,6.0,5.0,Medium-Dark,,,80.0
6.0,6.0,8.0,Medium-Dark,,,83.0
7.0,7.0,6.0,Dark,,,84.0
5.0,9.0,7.0,Medium,,,85.0
8.0,7.0,8.0,Medium-Dark,,,89.0
7.0,7.0,5.0,,,,77.0
7.0,7.0,5.0,,,,77.0
7.0,6.0,8.0,,,,88.0
9.0,7.0,5.0,,,,78.0
7.0,5.0,5.0,,,,78.0
7.0,6.0,6.0,,,,79.0
9.0,5.0,5.0,,,,79.0
7.0,6.0,6.0,,,,80.0
7.0,8.0,6.0,,,,84.0
9.0,6.0,7.0,,,,85.0
6.0,7.0,5.0,,,,79.0
6.0,6.0,5.0,,,,72.0
9.0,5.0,8.0,Medium-Dark,,,89.0
8.0,7.0,8.0,,,,93.0
8.0,7.0,5.0,Dark,,,78.0
8.0,6.0,5.0,Dark,,,78.0
9.0,7.0,7.0,,,,83.0
7.0,7.0,4.0,Dark,,,73.0
8.0,6.0,5.0,Medium-Dark,,,79.0
7.0,7.0,6.0,Medium-Dark,,,79.0
6.0,7.0,6.0,Very Dark,,,80.0
6.0,6.0,5.0,Very Dark,,,80.0
8.0,8.0,7.0,Dark,,,84.0
7.0,7.0,7.0,Medium,,,85.0
6.0,7.0,7.0,,,,86.0
7.0,8.0,7.0,,,,87.0
3.0,7.0,5.0,Medium,,,70.0
6.0,6.0,4.0,Dark,,,73.0
7.0,7.0,8.0,,,,92.0
,7.0,6.0,Medium-Dark,,,79.0
6.0,7.0,7.0,Medium-Dark,,,84.0
7.0,5.0,7.0,Medium-Dark,,,84.0
6.0,7.0,6.0,Dark,,,
7.0,6.0,7.0,Dark,,,86.0
7.0,5.0,8.0,Medium-Dark,,,89.0
6.0,6.0,5.0,Medium-Dark,,,
7.0,5.0,7.0,Medium-Dark,,,
8.0,6.0,7.0,Medium-Dark,,,85.0
7.0,6.0,7.0,Medium-Dark,,,85.0
8.0,7.0,7.0,,Mexico,,88.0
6.0,7.0,6.0,Very Dark,,,78.0
7.0,6.0,6.0,Medium-Dark,,,79.0
9.0,6.0,6.0,Medium,,,80.0
8.0,7.0,7.0,Medium-Dark,,,81.0
6.0,6.0,6.0,,,,76.0
6.0,5.0,5.0,,,,75.0
5.0,6.0,5.0,,,,74.0
6.0,6.0,7.0,,,,80.0
8.0,6.0,7.0,Medium,,,87.0
6.0,7.0,5.0,Medium,,,80.0
8.0,6.0,7.0,Medium-Dark,Blend,,85.0
7.0,8.0,8.0,Medium-Dark,,,86.0
7.0,6.0,8.0,Medium,,,91.0
8.0,7.0,7.0,Medium-Dark,,,86.0
8.0,4.0,8.0,Medium-Dark,,,89.0
8.0,8.0,7.0,Dark,Nicaragua,,87.0
8.0,5.0,7.0,,,,84.0
8.0,8.0,7.0,,,,86.0
6.0,5.0,7.0,,,,86.0
9.0,6.0,7.0,,Guatemala,,88.0
4.0,7.0,7.0,,,,80.0
8.0,7.0,6.0,,,,87.0
8.0,6.0,7.0,,,,90.0
7.0,7.0,5.0,Medium,,,78.0
6.0,6.0,6.0,Dark,,,78.0
8.0,7.0,6.0,Medium-Dark,,,79.0
9.0,7.0,5.0,Medium,,,79.0
8.0,6.0,6.0,Medium,,,80.0
7.0,7.0,5.0,Medium,,,81.0
7.0,8.0,6.0,Medium,,,81.0
8.0,6.0,6.0,Medium-Dark,,,82.0
7.0,7.0,5.0,Medium-Dark,,,83.0
7.0,6.0,7.0,Medium,,,84.0
6.0,5.0,7.0,Medium-Dark,,,85.0
8.0,6.0,7.0,Medium,,,86.0
7.0,6.0,7.0,Dark,,,87.0
6.0,8.0,5.0,Medium,,,82.0
7.0,8.0,6.0,Dark,,,84.0
8.0,7.0,6.0,Medium-Dark,,,87.0
8.0,7.0,8.0,Medium,,,93.0
5.0,6.0,6.0,,,,79.0
6.0,6.0,7.0,,,,81.0
6.0,6.0,7.0,,,,84.0
5.0,6.0,6.0,,,,80.0
6.0,5.0,6.0,,,,79.0
5.0,6.0,5.0,,,,76.0
,,,,,,
4.0,6.0,5.0,,,,79.0
4.0,4.0,4.0,,,,71.0
8.0,7.0,8.0,,,,90.0
8.0,5.0,4.0,,,,76.0
3.0,5.0,7.0,,,,77.0
7.0,8.0,5.0,Medium,,,82.0
6.0,4.0,5.0,Medium-Light,,,84.0
8.0,6.0,5.0,Medium-Dark,,,78.0
7.0,5.0,7.0,Medium-Light,,,86.0
7.0,5.0,8.0,Medium-Dark,,,88.0
5.0,5.0,4.0,,,,73.0
5.0,5.0,4.0,,,,73.0
6.0,5.0,5.0,,,,75.0
6.0,5.0,5.0,,,,77.0
5.0,5.0,5.0,,,,76.0
5.0,6.0,6.0,,,,80.0
5.0,5.0,5.0,,,,77.0
4.0,7.0,4.0,Medium-Dark,,,78.0
5.0,7.0,5.0,Medium-Dark,,,78.0
7.0,6.0,6.0,Medium-Dark,,,80.0
7.0,8.0,5.0,Dark,,,80.0
7.0,5.0,7.0,Medium,,,87.0
8.0,7.0,7.0,,Costa Rica,,87.0
8.0,5.0,7.0,Medium-Dark,,,88.0
6.0,7.0,5.0,Dark,,,76.0
7.0,7.0,5.0,Medium-Dark,,,77.0
5.0,5.0,5.0,Medium-Light,,,78.0
7.0,5.0,5.0,Dark,,,78.0
6.0,6.0,6.0,Dark,,,79.0
5.0,6.0,6.0,Medium-Dark,,,80.0
5.0,7.0,6.0,Medium-Dark,,,80.0
5.0,6.0,6.0,Medium-Dark,,,80.0
6.0,6.0,5.0,Medium,,,82.0
8.0,6.0,6.0,Medium-Dark,,,82.0
7.0,6.0,6.0,Medium,,,83.0
6.0,7.0,7.0,Medium,,,86.0
4.0,4.0,3.0,Very Dark,,,72.0
5.0,5.0,5.0,Medium-Dark,Blend,,75.0
6.0,5.0,4.0,Medium-Dark,,,77.0
6.0,5.0,4.0,Dark,,,77.0
6.0,5.0,5.0,Very Dark,Blend,,77.0
5.0,6.0,4.0,Dark,,,78.0
5.0,5.0,5.0,Dark,,,79.0
6.0,6.0,6.0,Medium-Dark,Blend,,80.0
6.0,6.0,6.0,Medium-Dark,Blend,,81.0
6.0,5.0,6.0,Medium,,,82.0
9.0,6.0,6.0,Medium-Dark,,,80.0
5.0,5.0,4.0,Medium-Dark,,,72.0
6.0,6.0,5.0,Medium,,,78.0
6.0,8.0,5.0,Medium,,,79.0
8.0,4.0,6.0,Medium-Dark,,,79.0
4.0,6.0,7.0,Medium,,,81.0
7.0,8.0,6.0,Medium,,,81.0
8.0,6.0,5.0,Medium-Dark,,,83.0
5.0,5.0,4.0,Very Dark,,,73.0
6.0,5.0,6.0,Medium-Dark,,,78.0
9.0,8.0,5.0,Dark,,,79.0
7.0,5.0,4.0,Very Dark,,,80.0
6.0,7.0,7.0,Dark,,,83.0
6.0,8.0,7.0,Medium-Dark,,,84.0
8.0,6.0,7.0,Dark,,,84.0
6.0,6.0,6.0,,,,76.0
5.0,5.0,5.0,,,,68.0
6.0,5.0,6.0,,,,75.0
6.0,6.0,6.0,,,,76.0
7.0,6.0,7.0,,,,79.0
5.0,6.0,6.0,,,,71.0
6.0,5.0,5.0,,,,73.0
6.0,6.0,6.0,,,,74.0
5.0,5.0,4.0,Medium,,,70.0
6.0,6.0,5.0,Medium-Light,,,71.0
4.0,8.0,5.0,Medium-Light,,,71.0
8.0,5.0,5.0,Medium,,,73.0
7.0,7.0,6.0,Medium,,,74.0
6.0,7.0,,Medium,,,77.0
7.0,7.0,7.0,Medium,,,82.0
7.0,8.0,8.0,Medium,,,89.0
4.0,7.0,5.0,Medium-Light,,,79.0
,,,Medium-Dark,,,79.0
5.0,6.0,6.0,Medium-Dark,,,77.0
5.0,5.0,6.0,Medium-Dark,Guatemala,,78.0
6.0,6.0,6.0,Medium-Dark,,,80.0
5.0,6.0,6.0,Medium-Dark,,,79.0
6.0,5.0,5.0,Medium-Dark,,,76.0
5.0,5.0,4.0,Medium-Dark,,,71.0
7.0,5.0,7.0,Medium-Dark,,,89.0
7.0,7.0,8.0,Medium-Dark,,,89.0
8.0,6.0,8.0,Medium-Dark,,,90.0
7.0,7.0,8.0,Medium-Dark,,,90.0
8.0,7.0,8.0,Medium,,,91.0
8.0,7.0,7.0,Medium-Dark,Kenya,,93.0
6.0,8.0,5.0,Dark,,,77.0
8.0,7.0,6.0,Dark,Java,,79.0
7.0,6.0,6.0,Very Dark,,,80.0
9.0,8.0,7.0,Very Dark,,,81.0
6.0,8.0,7.0,Dark,Sumatra,,83.0
8.0,7.0,7.0,Dark,,,84.0
8.0,7.0,7.0,Dark,,,85.0
8.0,8.0,7.0,Medium-Dark,,,86.0
8.0,7.0,8.0,Dark,,,89.0
8.0,8.0,8.0,Dark,,,90.0
5.0,4.0,5.0,Medium-Dark,,,68.0
7.0,6.0,6.0,Light,,,74.0
6.0,6.0,5.0,Medium,,,75.0
7.0,6.0,8.0,Dark,,,81.0
8.0,7.0,7.0,Medium-Light,,,83.0
7.0,6.0,7.0,Medium-Dark,,,83.0
7.0,7.0,8.0,Medium,,,84.0
7.0,7.0,7.0,Dark,,,84.0
7.0,5.0,8.0,Medium-Dark,Colombia,,85.0
7.0,8.0,8.0,Medium-Dark,"Indonesia, Central and South America",,88.0
7.0,7.0,8.0,Medium,,,90.0
8.0,6.0,7.0,Medium-Dark,,,77.0
6.0,6.0,5.0,Dark,,,74.0
8.0,6.0,5.0,Medium-Dark,,,79.0
6.0,6.0,6.0,Dark,Kenya,,81.0
7.0,6.0,6.0,Dark,Ethiopia,,81.0
7.0,7.0,6.0,Dark,,,84.0
8.0,7.0,7.0,Medium-Dark,,,87.0
9.0,7.0,8.0,Dark,,,90.0
6.0,5.0,4.0,Medium-Light,,,60.0
4.0,7.0,4.0,Medium-Light,,,65.0
6.0,7.0,,Light,,,68.0
6.0,6.0,6.0,Medium-Dark,,,78.0
6.0,6.0,6.0,Medium-Dark,,,76.0
4.0,8.0,7.0,Medium-Dark,Guatemala,,81.0
7.0,5.0,7.0,Medium-Dark,,,83.0
6.0,5.0,5.0,,,,71.0
6.0,6.0,6.0,,,,77.0
7.0,5.0,7.0,,,,86.0
5.0,6.0,6.0,Very Dark,Various,,90.0
6.0,6.0,7.0,Medium-Dark,Nicaragua,,81.0
6.0,5.0,7.0,Medium-Dark,,,82.0
6.0,5.0,7.0,Medium,,,84.0
8.0,4.0,7.0,Medium-Dark,,,84.0
5.0,6.0,6.0,Medium-Dark,Blend,,78.0
7.0,7.0,6.0,Medium,,,79.0
5.0,5.0,5.0,Medium-Dark,,,79.0
7.0,6.0,5.0,Dark,,,79.0
6.0,8.0,6.0,Dark,,,80.0
7.0,7.0,5.0,Very Dark,,,80.0
8.0,8.0,6.0,Medium,,,81.0
6.0,8.0,6.0,Dark,,,81.0
5.0,5.0,5.0,,,,78.0
7.0,5.0,6.0,,,,79.0
7.0,6.0,4.0,,,,79.0
6.0,6.0,7.0,,,,79.0
6.0,6.0,6.0,,,,78.0
4.0,4.0,4.0,,,,68.0
6.0,6.0,7.0,,,,77.0
6.0,6.0,6.0,,,,76.0
8.0,6.0,7.0,,,,89.0
8.0,5.0,8.0,,,,89.0
6.0,6.0,8.0,,,,91.0
9.0,5.0,8.0,,,,91.0
6.0,7.0,6.0,Medium-Dark,,,81.0
7.0,6.0,6.0,Medium-Dark,,,82.0
7.0,5.0,8.0,Medium-Dark,,,84.0
7.0,8.0,7.0,Dark,,,85.0
7.0,7.0,6.0,Medium-Dark,,,78.0
6.0,8.0,5.0,Dark,,,78.0
7.0,6.0,6.0,Medium-Dark,,,78.0
6.0,6.0,6.0,Medium-Dark,,,79.0
4.0,5.0,4.0,,,,70.0
7.0,7.0,7.0,,,,85.0
8.0,7.0,8.0,,,,88.0
8.0,7.0,7.0,,,,85.0
6.0,6.0,6.0,Medium-Dark,,,80.0
8.0,6.0,7.0,Medium-Dark,,,81.0
6.0,5.0,6.0,Medium-Dark,,,81.0
7.0,6.0,6.0,Medium,,,82.0
9.0,6.0,8.0,,,,85.0
7.0,8.0,7.0,,,,87.0
7.0,6.0,6.0,Very Dark,Various,,81.0
7.0,5.0,6.0,Very Dark,,,80.0
6.0,8.0,6.0,Very Dark,,,84.0
7.0,7.0,6.0,Dark,,,81.0
8.0,5.0,8.0,Dark,,,87.0
6.0,6.0,6.0,Very Dark,,,79.0
7.0,7.0,8.0,,,,85.0
7.0,7.0,8.0,,,,85.0
8.0,7.0,7.0,,,,85.0
7.0,7.0,6.0,,,,83.0
6.0,7.0,3.0,,,,73.0
4.0,8.0,4.0,,,,74.0
6.0,8.0,4.0,,,,76.0
5.0,6.0,6.0,,,,81.0
6.0,6.0,6.0,,,,78.0
6.0,6.0,6.0,,,,81.0
6.0,7.0,6.0,,,,81.0
8.0,6.0,6.0,,,,81.0
7.0,8.0,8.0,,"Morobe Province, Papua New Guinea.",,89.0
8.0,7.0,8.0,,,,91.0
9.0,7.0,8.0,,,,91.0
8.0,8.0,10.0,,,,93.0
7.0,7.0,8.0,,,,87.0
8.0,7.0,8.0,,,,89.0
9.0,8.0,8.0,,,,90.0
7.0,7.0,7.0,,,,84.0
6.0,5.0,6.0,,,,81.0
7.0,8.0,8.0,,"Cerrado region, Brazil",,86.0
6.0,8.0,7.0,,,,85.0
8.0,8.0,7.0,,,,84.0
7.0,9.0,7.0,,,,87.0
7.0,6.0,8.0,,,,88.0
7.0,7.0,8.0,,,,89.0
9.0,7.0,8.0,,,,93.0
8.0,8.0,7.0,Medium-Dark,,,86.0
8.0,8.0,7.0,Medium-Dark,,,86.0
7.0,8.0,7.0,Medium,,,87.0
7.0,7.0,7.0,Medium,,,87.0
5.0,8.0,5.0,Very Dark,,,73.0
5.0,6.0,5.0,Very Dark,,,74.0
5.0,7.0,5.0,Very Dark,,,77.0
3.0,7.0,5.0,Dark,,,78.0
7.0,8.0,6.0,Medium,A blend of coffees from southern India.,,88.0
7.0,8.0,8.0,Medium-Dark,"Mogiana growing region, Sao Paulo State, Brazil",,88.0
9.0,7.0,7.0,Very Dark,Not disclosed.,,88.0
8.0,7.0,7.0,Dark,Not disclosed.,,88.0
8.0,8.0,7.0,Medium-Dark,"Tres Rios growing region, Costa Rica.",,88.0
8.0,7.0,8.0,Medium-Dark,,,88.0
7.0,7.0,8.0,Medium-Dark,,,88.0
8.0,7.0,8.0,Medium-Dark,,,87.0
9.0,7.0,9.0,Medium-Dark,"Chikmagalur growing region, southern India",,92.0
8.0,6.0,8.0,Medium-Dark,"Coorg growing region, southern India.",,90.0
8.0,8.0,8.0,Very Dark,,,86.0
7.0,8.0,7.0,Very Dark,,,86.0
7.0,6.0,8.0,Dark,,,87.0
7.0,7.0,8.0,Very Dark,,,86.0
9.0,7.0,8.0,Dark,,,84.0
7.0,7.0,7.0,Very Dark,,,83.0
8.0,7.0,8.0,Medium-Dark,South-central Kenya.,,89.0
8.0,7.0,7.0,Medium-Dark,Not disclosed.,,87.0
8.0,7.0,7.0,Medium-Dark,Not disclosed.,,87.0
7.0,7.0,8.0,Dark,Not disclosed.,,86.0
8.0,7.0,8.0,Medium,Papua New Guinea.,,91.0
9.0,8.0,9.0,Medium,"Yirgacheffe growing region, south-central Ethiopia.",,91.0
8.0,6.0,8.0,Medium,South-central Kenya.,,90.0
8.0,7.0,9.0,Medium,"Bouquete growing region, western Panama.",,90.0
6.0,8.0,7.0,Medium,"Blue Mountain growing region, eastern Jamaica.",,85.0
6.0,7.0,7.0,Medium,Southwestern Puerto Rico.,,84.0
6.0,7.0,6.0,Medium,Southwestern Puerto Rico.,,81.0
8.0,7.0,8.0,Medium-Light,"Antigua Valley, Guatemala",,93.0
7.0,7.0,7.0,Medium-Dark,South-central Kenya,,87.0
7.0,7.0,8.0,Medium-Dark,Colombia,,86.0
7.0,8.0,8.0,Medium,"Colombia, Central America, Kona, Hawaii",,85.0
7.0,8.0,7.0,Light,Southern India,,85.0
7.0,7.0,7.0,Medium-Light,El Salvador,,86.0
7.0,5.0,7.0,Medium-Dark,"Santa Ana growing region, western El Salvador",,84.0
7.0,7.0,7.0,Dark,"Comayagua growing region, Honduras",,83.0
7.0,6.0,7.0,Dark,"Santa Ana growing region, western El Salvador",,81.0
8.0,8.0,8.0,Medium-Dark,"Lake Atitlan growing region, south-central Guatemala",,87.0
8.0,7.0,8.0,Medium-Dark,"Huehuetenango growing region, north-central Guatemala",,87.0
8.0,7.0,8.0,Medium-Dark,"Lake Atitlan basin, south-central Guatemala",,87.0
8.0,7.0,8.0,Medium-Dark,"Huehuetenango growing region, north-central Guatemala",,87.0
8.0,6.0,7.0,Dark,Not disclosed,,86.0
7.0,7.0,7.0,Medium-Dark,Central and South America,,85.0
7.0,7.0,8.0,Very Dark,Not disclosed,,87.0
8.0,8.0,9.0,Medium-Dark,Papua New Guinea,,89.0
8.0,7.0,7.0,Very Dark,"East Africa, South America",,83.0
7.0,7.0,7.0,Very Dark,Not disclosed,,83.0
8.0,7.0,6.0,Very Dark,"Tarrazu growing region, central Costa Rica",,82.0
4.0,6.0,7.0,Very Dark,Central and South America,,81.0
7.0,7.0,7.0,Medium-Dark,Not disclosed,,86.0
7.0,7.0,7.0,Medium-Dark,Either Yemen or Ethiopia; Indonesia,,85.0
7.0,6.0,7.0,Dark,Not disclosed,,85.0
7.0,7.0,7.0,Medium-Dark,Not disclosed,,85.0
7.0,8.0,6.0,Dark,Not disclosed,,84.0
7.0,7.0,6.0,Medium-Dark,Not disclosed,,82.0
7.0,7.0,7.0,Very Dark,Not disclosed,,82.0
6.0,7.0,7.0,Medium-Dark,Not disclosed,,81.0
7.0,7.0,8.0,Very Dark,Not disclosed,,88.0
8.0,7.0,8.0,Very Dark,Not disclosed,,88.0
8.0,7.0,8.0,Dark,Not disclosed,,88.0
7.0,7.0,8.0,Medium-Dark,Not disclosed,,88.0
7.0,7.0,8.0,Medium,"Antigua valley, central Guatemala",,87.0
8.0,7.0,7.0,Medium,"Lake Tawar basin, Aceh Province, northern Sumatra",,87.0
7.0,7.0,7.0,Dark,East Africa,,87.0
7.0,6.0,8.0,Very Dark,Not disclosed,,86.0
7.0,7.0,8.0,Dark,Not disclosed,,88.0
8.0,7.0,8.0,Medium,Not disclosed,,88.0
8.0,7.0,7.0,Medium-Dark,Not disclosed,,87.0
6.0,6.0,7.0,Dark,Not disclosed,,84.0
6.0,6.0,8.0,Dark,"Jinotega growing region, central Nicaragua",,87.0
7.0,7.0,8.0,Medium-Dark,"Segovia growing region, Nicaragua",,87.0
8.0,7.0,8.0,Medium,"San Juan de Rio Coco region, Nicaragua",,87.0
8.0,8.0,7.0,Medium-Light,"Segovia growing region, Nicaragua",,87.0
8.0,8.0,8.0,Medium-Light,"Yirgacheffe growing region, Sidamo Province, southern Ethiopia",,90.0
8.0,8.0,8.0,Medium-Dark,South-central Kenya,,90.0
9.0,8.0,8.0,Medium,"Yirgacheffe growing region, Sidamo Province, southern Ethiopia",,91.0
8.0,8.0,8.0,Medium-Light,"Nyeri growing region, south-cental Kenya",,90.0
7.0,8.0,8.0,Medium,"Nueva Segovia growing region, Nicaragua",,88.0
7.0,8.0,7.0,Medium,"Tutule growing region, La Paz Department, southwestern Honduras",,87.0
7.0,7.0,6.0,Medium-Dark,"Matagalpa growing region, Nicaragua",,82.0
8.0,7.0,8.0,Medium,"Norte de Santander Department, Colombia",,90.0
9.0,8.0,7.0,Medium-Dark,"Mandheling growing region, North Sumatra Province, Sumatra, Indonesia",,88.0
9.0,7.0,8.0,Very Dark,"Toraja (also Kalosi) growing region, southwestern Sulawesi, Indonesia",,88.0
8.0,7.0,8.0,Dark,"Gayo growing region, Aceh Province, northern Sumatra, Indonesia",,87.0
8.0,7.0,8.0,Very Dark,"Gayo growing region, Aceh Province, northern Sumatra, Indonesia",,87.0
5.0,8.0,6.0,Medium,"Chipinge growing region, eastern Zimbabwe",,83.0
9.0,8.0,7.0,Medium,Not Disclosed,,92.0
10.0,8.0,9.0,Medium,"Finca Esmeralda, Boquete growing district, western Panama",,93.0
8.0,8.0,8.0,Medium,Not Disclosed,,93.0
8.0,7.0,8.0,Medium,"Probably the Mogiana growing region, Sao Paulo State, Brazil",,87.0
7.0,7.0,7.0,Medium,"Matas de Minas growing region, Minas Gerais State, Brazil",,87.0
7.0,7.0,7.0,Medium,"Cerrado growing region, Minas Gerais State, Brazil",,87.0
8.0,8.0,7.0,Medium,Brazil,,85.0
8.0,7.0,8.0,Medium-Dark,"Pluma growing region, southern Oaxaca State, Mexico",,88.0
8.0,8.0,7.0,Dark,"Chanchamayo Valley, south-central Peru",,88.0
7.0,7.0,8.0,Medium-Dark,Not Disclosed,,87.0
7.0,7.0,7.0,Dark,Not Disclosed,,86.0
7.0,6.0,7.0,Very Dark,Not Disclosed,,84.0
9.0,7.0,9.0,Medium,"Boquete growing district, western Panama",,92.0
8.0,8.0,8.0,Medium-Dark,"Boquete growing district, western Panama",,91.0
8.0,8.0,8.0,Medium,Costa Rica,,90.0
7.0,8.0,7.0,Medium-Dark,Not Disclosed,,86.0
8.0,7.0,6.0,Dark,Not Disclosed,,82.0
6.0,7.0,6.0,Dark,Not Disclosed,,80.0
8.0,7.0,8.0,Medium,"Mogiana growing region, Sao Paulo State, and Cerrado growing region, Minas Gerais State. Brazil.",,90.0
8.0,8.0,8.0,Medium-Light,"Huehuetenango growing region, northwestern Guatemala",,92.0
9.0,8.0,8.0,Medium,"Huehuetenango growing region, northwestern Guatemala",,91.0
8.0,7.0,8.0,Medium-Light,"San Marcos growing region, western Guatemala",,90.0
9.0,7.0,8.0,Medium,"Huehuetenango growing region, northwestern Guatemala",,90.0
7.0,7.0,7.0,,Ethiopia,,84.0
6.0,7.0,7.0,,South-central Kenya,,84.0
6.0,6.0,7.0,,Colombia,,83.0
6.0,7.0,6.0,,Colombia,,83.0
8.0,7.0,8.0,Medium-Light,"Cerrado growing region, Minas Gerais State, Brazil",,89.0
8.0,8.0,8.0,Medium-Light,"Toraja (formerly Kalosi) growing region, southwestern Sulawesi (formerly Celebes), Indonesia",,88.0
9.0,8.0,9.0,Medium-Dark,"Yirgacheffe growing region, Sidamo Province, south-central Ethiopia",,88.0
8.0,6.0,7.0,Medium-Dark,"Mandheling growing region near Lake Toba, North Sumatra Province, Sumatra, Indonesia",,87.0
9.0,8.0,8.0,Medium,"Colombia, Guatemala, Brazil",,90.0
8.0,7.0,7.0,Medium-Dark,Not Disclosed,,88.0
9.0,7.0,8.0,Medium,"Calama growing region, Bolivia.",,90.0
8.0,7.0,9.0,Medium-Light,"Wahgi Valley, Western Highlands Province, Papua New Guinea",,93.0
8.0,8.0,7.0,Medium-Light,"Kona growing district, ""Big Island"" of Hawaii.",,88.0
8.0,7.0,8.0,Medium,"Kona growing district, ""Big Island"" of Hawaii.",,88.0
7.0,8.0,7.0,Medium-Light,"Kona growing district, ""Big Island"" of Hawaii.",,87.0
7.0,7.0,8.0,Medium-Light,"Kona growing district, ""Big Island"" of Hawaii.",,87.0
7.0,8.0,8.0,Medium-Dark,Not disclosed.,,89.0
7.0,8.0,8.0,Medium,"Brazil, Ethiopia",,89.0
7.0,7.0,7.0,Very Dark,South-Central Brazil,,88.0
7.0,7.0,8.0,Medium-Dark,South-Central Brazil,,88.0
9.0,8.0,8.0,Medium,Not disclosed.,,90.0
8.0,7.0,8.0,Medium,Not disclosed.,,89.0
8.0,7.0,8.0,Medium-Dark,Not disclosed.,,88.0
8.0,7.0,8.0,Medium,East Africa.,,86.0
10.0,8.0,8.0,Medium,"Sidamo Province, southern Ethiopia",,89.0
7.0,7.0,8.0,Medium,"Chiapas State, Mexico",,88.0
7.0,7.0,7.0,Dark,"Toraja growing region, southwestern Sulawesi, Indonesia",,86.0
8.0,8.0,8.0,Dark,Not disclosed.,,90.0
7.0,8.0,8.0,Very Dark,Not disclosed.,,87.0
7.0,7.0,7.0,Very Dark,Not disclosed.,,85.0
8.0,8.0,9.0,Medium-Dark,Not disclosed.,,91.0
8.0,7.0,8.0,Medium-Dark,Not disclosed.,,91.0
8.0,7.0,8.0,Medium-Dark,Not disclosed.,,88.0
7.0,8.0,7.0,Dark,Not disclosed.,,87.0
9.0,7.0,9.0,Medium,"Kirinyaga growing district, Central Kenya",,96.0
7.0,8.0,8.0,Medium,Not disclosed.,,93.0
8.0,9.0,9.0,Medium-Light,"Madriz growing region, Nicaragua",,91.0
8.0,9.0,9.0,Medium,"Madriz growing region, Nicaragua",,91.0
8.0,8.0,9.0,Medium-Light,El Salvador,,91.0
8.0,8.0,9.0,Medium,El Salvador,,90.0
5.0,7.0,4.0,Very Dark,Not disclosed.,,75.0
9.0,7.0,8.0,Medium-Light,South-Central Kenya,,92.0
8.0,7.0,8.0,Medium,"Yemen or Harrar region of Ethiopia; Java, Indonesia",,92.0
7.0,8.0,7.0,Medium,"Chiapas State, southeastern Mexico",,87.0
8.0,8.0,9.0,Medium-Light,South-central Kenya,,93.0
9.0,8.0,7.0,Dark,Not disclosed.,,94.0
9.0,7.0,8.0,Medium-Dark,Not disclosed.,,94.0
9.0,8.0,8.0,Medium,Central America and Africa,,93.0
9.0,8.0,7.0,Medium-Dark,Costa Rica; Guatemala; Ethiopia; Brazil; Java,,89.0
8.0,7.0,7.0,Medium-Dark,"Tarrazu growing region, central Costa Rica",,88.0
9.0,7.0,7.0,Medium,"Gikongoro Province, southwestern Rwanda, Central Africa",,90.0
8.0,8.0,8.0,Medium-Dark,Not disclosed.,,88.0
8.0,7.0,8.0,Very Dark,Not disclosed.,,86.0
8.0,8.0,7.0,,"Colombia; Brazil; Sumatra, Indonesia",,86.0
8.0,7.0,8.0,Very Dark,"Kona growing district, ""Big Island"" of Hawaii; other undisclosed growing regions.",,87.0
8.0,8.0,7.0,,Colombia,,86.0
8.0,8.0,8.0,Medium,Rwanda.,,92.0
9.0,8.0,8.0,Medium,Rwanda.,,92.0
8.0,7.0,9.0,Medium-Light,"Mt. Meru region, Northern Tanzania",,90.0
8.0,7.0,8.0,Medium-Dark,"Kigoma growing region, western Tanzania.",,90.0
8.0,7.0,8.0,Medium,"Blue Mountain growing region, eastern Jamaica",,91.0
9.0,8.0,8.0,Medium-Light,"Blue Mountain growing region, eastern Jamaica.",,89.0
8.0,8.0,7.0,Very Dark,"Jamaica, other unspecified origins.",,88.0
7.0,7.0,8.0,Medium-Light,"Blue Mountain growing region, eastern Jamaica.",,87.0
8.0,8.0,8.0,Medium,Not disclosed.,,88.0
8.0,7.0,7.0,Medium-Light,Not disclosed.,,87.0
7.0,7.0,7.0,Medium,Not disclosed.,,86.0
8.0,7.0,7.0,Very Dark,Not disclosed.,,85.0
8.0,7.0,9.0,Medium-Light,"Yirgacheffe growing region, Sidamo Province, southern Ethiopia.",,93.0
8.0,8.0,8.0,Medium,Rwanda.,,91.0
9.0,7.0,8.0,Medium-Light,Rwanda,,91.0
9.0,7.0,8.0,Medium-Dark,"Northern Sumatra, probably Aceh Province",,90.0
8.0,8.0,8.0,Medium,"Chalatenango Department, El Salvador",,91.0
7.0,8.0,8.0,Medium,"Boquete growing region, western Panama",,90.0
8.0,8.0,8.0,Medium,"Boquete growing region, western Panama",,90.0
8.0,9.0,8.0,Medium-Dark,"Nueva Segovia growing region, Nicaragua.",,90.0
9.0,7.0,9.0,Medium-Light,"Yirgacheffe growing region, Sidamo Province, southern Ethiopia.",,91.0
8.0,9.0,8.0,Medium,"Yirgacheffe growing region, Sidamo Province, southern Ethiopia.",,91.0
9.0,8.0,8.0,Medium,"Yirgacheffe growing region, Sidamo Province, southern Ethiopia.",,90.0
8.0,7.0,8.0,Medium,"Boquete growing region, western Panama",,89.0
8.0,8.0,8.0,Medium-Dark,"Northern Sumatra, Indonesia",,92.0
8.0,7.0,8.0,Medium,Southern India.,,91.0
8.0,8.0,8.0,Medium-Dark,"Northern Sumatra, Indonesia",,90.0
9.0,7.0,8.0,Medium-Light,"Sumatra, Indonesia.",,89.0
7.0,8.0,7.0,Medium,Brazil.,,86.0
6.0,7.0,7.0,Very Dark,Guatemala; Papua New Guinea.,,85.0
7.0,8.0,7.0,Very Dark,Not disclosed.,,84.0
7.0,7.0,7.0,Medium-Dark,"Northern Sumatra, Indonesia",,84.0
9.0,7.0,8.0,Medium-Dark,Colombia,,91.0
8.0,7.0,8.0,Medium,"Huila Department, Colombia.",,90.0
8.0,7.0,8.0,Medium-Light,"Antioquia Department, central northwest Colombia",,90.0
8.0,8.0,8.0,Medium,"Huila Department, Colombia.",,90.0
7.0,7.0,7.0,Very Dark,Not disclosed.,,86.0
8.0,7.0,7.0,Medium-Dark,Not disclosed.,,88.0
8.0,7.0,8.0,Medium,Not disclosed.,,89.0
8.0,8.0,8.0,Medium,"Harrar region of eastern Ethiopia; east Java, Indonesia.",,89.0
8.0,8.0,8.0,Medium-Light,"Tarrazu growing region, central Costa Rica",,90.0
8.0,7.0,8.0,Dark,"Guatemala, Sumatra, Kenya",,90.0
9.0,8.0,8.0,Medium,"Yirgacheffe growing region, Sidamo Province, southern Ethiopia.",,91.0
8.0,8.0,7.0,Medium-Dark,"Ethiopia, Indonesia",,88.0
8.0,8.0,8.0,Medium,"Eastern Highlands, Zimbabwe",,91.0
8.0,9.0,8.0,Medium,"Matas de Minas growing region, Minas Gerais State, Brazil",,91.0
8.0,7.0,8.0,Medium-Dark,"Harrar (or Harar) growing region, eastern Ethiopia",,90.0
8.0,8.0,8.0,Medium,"Citala region, El Salvador.",,90.0
8.0,8.0,8.0,Medium,Southern Ethiopia.,,91.0
8.0,8.0,8.0,Medium-Dark,Brazil.,,90.0
8.0,7.0,8.0,Medium-Light,"Yirgacheffe growing region, south-central Ethiopia.",,90.0
8.0,9.0,8.0,Medium-Dark,Not disclosed.,,90.0
9.0,8.0,8.0,Medium-Light,"Nyeri growing region, south-central Kenya.",,92.0
9.0,7.0,9.0,Medium,South-central Kenya.,,92.0
9.0,8.0,9.0,Medium-Light,South-central Kenya.,,91.0
8.0,8.0,8.0,Medium-Light,South-central Kenya.,,91.0
8.0,7.0,8.0,Medium,Northwestern El Salvador,,89.0
8.0,7.0,8.0,Medium-Light,"Matagalpa, Nicaragua",,88.0
6.0,6.0,6.0,Very Dark,Not disclosed.,,81.0
8.0,8.0,8.0,Medium-Dark,"Yirgacheffe growing region, south-central Ethiopia.",,89.0
8.0,8.0,9.0,Medium-Light,Rwanda.,,91.0
8.0,8.0,8.0,Medium,Colombia.,,90.0
8.0,8.0,8.0,Medium-Dark,"Yirgacheffe growing region, south-central Ethiopia.",,90.0
7.0,8.0,8.0,Medium-Light,"Central Bali, Indonesia",,90.0
,,,Medium-Light,"Ahuachapan Department, El Salvador.",,92.0
8.0,8.0,9.0,Light,"Chalatenango Department, El Salvador",,92.0
8.0,8.0,8.0,Light,"Usulutan Department, El Salvador.",,92.0
8.0,8.0,8.0,Light,"La Libertad Department, El Salvador.",,91.0
8.0,8.0,8.0,Medium-Dark,"Sidamo growing region, southern Ethiopia.",,92.0
8.0,8.0,8.0,Medium-Light,"Usulutan Department, El Salvador.",,91.0
8.0,8.0,9.0,Medium-Light,"Sidamo growing region, southern Ethiopia.",,93.0
8.0,8.0,8.0,Medium-Dark,"Guatemala; Costa Rica, Colombia; Panama; Sumatra; Yemen; Papua New Guinea.",,91.0
9.0,8.0,9.0,Medium,South-central Kenya.,,95.0
8.0,8.0,8.0,Medium,"Antigua valley, Guatemala.",,91.0
8.0,8.0,8.0,Medium,"Yirgacheffe growing region, Sidamo Province, southern Ethiopia.",,90.0
8.0,7.0,9.0,Medium-Light,"Yirgacheffe growing region, Sidamo Province, southern Ethiopia.",,92.0
7.0,7.0,7.0,Very Dark,Not disclosed.,,85.0
8.0,7.0,8.0,Medium-Dark,Not disclosed.,,90.0
8.0,7.0,8.0,Medium-Dark,Not disclosed.,,88.0
7.0,7.0,7.0,Very Dark,Not disclosed.,,85.0
8.0,6.0,7.0,Very Dark,"Indonesia, Central and South America.",,85.0
8.0,7.0,8.0,Medium,"Flores, Indonesia.",,88.0
8.0,8.0,8.0,Medium,"Aleta Wondo Valley, western Ethiopia.",,90.0
8.0,8.0,8.0,Medium-Dark,Not disclosed.,,90.0
9.0,8.0,8.0,Light,Central north Yemen.,,92.0
9.0,8.0,8.0,Medium,"Yirgacheffe growing region, Sidamo Province, southern Ethiopia.",,93.0
8.0,8.0,8.0,Medium,"Boquete growing region, western Panama",,93.0
8.0,8.0,9.0,Medium,"Yirgacheffe growing region, Sidamo Province, southern Ethiopia.",,93.0
8.0,8.0,9.0,Medium-Light,Eastern Highlands of Papua New Guinea,,91.0
8.0,8.0,8.0,Medium,"Western Highlands, Papua New Guinea",,91.0
8.0,7.0,7.0,Medium-Dark,Eastern Highlands of Papua New Guinea,,89.0
8.0,8.0,8.0,Medium,Highlands of Papua New Guinea,,89.0
8.0,8.0,8.0,Medium-Dark,"Cerrado growing region, Minas Gerais State, Brazil.",,91.0
9.0,7.0,8.0,Medium,Not disclosed.,,91.0
9.0,8.0,8.0,Medium-Dark,Not disclosed,,91.0
8.0,7.0,9.0,Medium-Dark,Not disclosed.,,90.0
8.0,8.0,8.0,Medium,"Kayanza Province, Burundi.",,90.0
8.0,8.0,8.0,Medium,Rwanda,,90.0
8.0,8.0,8.0,Medium-Light,"Butare, southern Rwanda.",,90.0
8.0,8.0,9.0,Medium,South-central Kenya,,92.0
8.0,8.0,9.0,Medium-Light,"Yirgacheffe growing region, Sidamo Province, southern Ethiopia.",,92.0
9.0,8.0,9.0,Medium-Light,"Sidamo growing region, southern Ethiopia.",,92.0
8.0,8.0,9.0,Light,"Palencia, Guatemala Department, Guatemala.",,91.0
8.0,8.0,9.0,Medium-Light,"Sul de Minas growing region, southern Minas Gerais State, Brazil.",,92.0
8.0,7.0,8.0,Dark,"Kenya, Guatemala Antigua, Papua New Guinea",,90.0
9.0,8.0,8.0,Medium,"San Marcos growing region, southwestern Guatemala.",,90.0
8.0,7.0,8.0,Medium-Dark,"Gombe growing region, western Tanzania",,90.0
7.0,8.0,8.0,Very Dark,Southern Mexico,,88.0
8.0,8.0,9.0,Light,"Boquete growing region, western Panama",,91.0
8.0,8.0,8.0,Light,"Boquete growing region, western Panama",,91.0
8.0,8.0,8.0,Medium-Light,"Boquete growing region, western Panama",,91.0
8.0,8.0,8.0,Medium-Light,"Boquete growing region, western Panama",,89.0
8.0,8.0,8.0,Medium-Light,Northern Thailand.,,91.0
8.0,8.0,8.0,Medium,Northern Thailand.,,90.0
8.0,7.0,8.0,Medium-Dark,"Naranjo, Costa Rica.",,88.0
8.0,8.0,8.0,Medium-Dark,Bali,,88.0
8.0,8.0,7.0,Light,"Aceh Province, northern Sumatra, Indonesia.",,89.0
8.0,8.0,8.0,Medium-Dark,"Mandheling growing region, northern Sumatra, Indonesia.",,88.0
8.0,7.0,8.0,Medium-Dark,"Marcala growing region, La Paz Department, Honduras.",,88.0
7.0,8.0,8.0,Very Dark,Guatemala,,87.0
8.0,9.0,9.0,Medium-Light,"Tarrazu growing region, central Costa Rica.",,95.0
9.0,8.0,9.0,Medium,"Yirgacheffe growing region, Sidamo Province, southern Ethiopia.",,94.0
9.0,8.0,9.0,Medium-Light,"Nyeri growing region, south-central Kenya.",,94.0
9.0,8.0,9.0,Medium,Ethiopia,,93.0
8.0,7.0,8.0,Very Dark,Not disclosed.,,87.0
8.0,8.0,9.0,Light,"Ka'u growing district, southwestern corner of the ""Big Island"" of Hawaii.",,91.0
8.0,8.0,8.0,Medium,Northern Thailand.,,89.0
8.0,8.0,8.0,Medium,"Huehuetenango growing region, Guatemala.",,90.0
9.0,8.0,9.0,Medium-Light,"Yirgacheffe growing region, Sidamo Province, southern Ethiopia.",,93.0
8.0,8.0,8.0,Medium-Dark,Costa Rica; Guatemala; Sumatra,,89.0
8.0,7.0,8.0,Medium-Dark,"Kona growing district, ""Big Island"" of Hawaii.",,89.0
8.0,8.0,9.0,Medium,Kenya.,,92.0
8.0,8.0,8.0,Medium,East Timor.,,88.0
9.0,8.0,9.0,Medium-Light,Dominican Republic,$14.25 / 12 oz.,92.0
9.0,8.0,9.0,Light,"Ka'u growing district, southwestern corner of the ""Big Island"" of Hawaii.",$30 / 16 oz.,92.0
9.0,8.0,9.0,Light,"Ka'u growing district, southwestern corner of the ""Big Island"" of Hawaii.",$25 / 12 oz.,92.0
8.0,7.0,8.0,Medium-Dark,Tanzania; Bolivia; Peru.,CAD $15 / 10.6 oz.,90.0
9.0,7.0,8.0,Medium,"Africa, Indonesia.",$12.75 / 12 oz.,90.0
9.0,8.0,9.0,Medium-Light,"Ka'u growing district, southwestern corner of the ""Big Island"" of Hawaii.",,93.0
9.0,8.0,9.0,Light,"Sidamo Province, southern Ethiopia.",$17 / 12 oz.,92.0
8.0,8.0,9.0,Medium-Light,"Santa Ana Department, El Salvador.",CAD $17.00 / 16 oz.,92.0
8.0,8.0,8.0,Medium-Light,"Patrocinio area, Minas Gerais State, Brazil.",$9.25 / 250 g. (8.8 oz.),90.0
8.0,8.0,8.0,Medium-Light,Burundi; Guatemala; Kenya; Sumatra,NT$200 / 8 oz.,90.0
8.0,8.0,8.0,Light,"Huila Department, Colombia",$9.00 / 250 g. (8.8 oz.),90.0
8.0,8.0,9.0,Medium,"Haraz growing region, north-central Yemen",$13.75/8 oz.,92.0
8.0,8.0,9.0,Medium,"Tarrazu growing region, central Costa Rica",$19.95/16 oz.,92.0
9.0,8.0,9.0,Medium-Light,"Yirgacheffe growing region, southern Ethiopia.",$16.95/16 oz.,92.0
8.0,7.0,9.0,Medium-Light,"Toraja growing region, southwestern Sulawesi, Indonesia",$12.35/12 oz.,91.0
8.0,8.0,9.0,Medium-Light,"Sulawesi, Indonesia.",$14.00/12 oz.,92.0
9.0,8.0,9.0,Light,"Kirimiro, Burundi",$15.99/pound,93.0
9.0,8.0,8.0,Light,"San Agustin growing region, Huila Department, southern Colombia",$15.78/pound,91.0
9.0,9.0,9.0,Medium,Brazil; Ethiopia; El Salvador,CAD $12.00/12 oz.,94.0
8.0,8.0,8.0,Medium,"Cajamarca growing region, Peru.",$12.99/12 oz.,89.0
8.0,8.0,7.0,Medium,"Chanchamayo growing region, Peru",$10.25/12 oz.,88.0
8.0,8.0,8.0,Medium,"Lambayeque region, Peru",CAD $13.00/16 oz.,88.0
8.0,7.0,7.0,Medium-Dark,"Cuzco region, Peru",$9.00/12 oz.,86.0
8.0,8.0,9.0,Medium-Dark,South-central Kenya.,$8.49/10 oz.,93.0
8.0,9.0,8.0,Medium,Brazil; Colombia,$10.25/16 oz.,90.0
8.0,8.0,8.0,Medium-Dark,Brazil; Mexico,$12.95/16 oz.,89.0
7.0,8.0,8.0,Dark,Americas; Indonesia,$15.25/16 oz.,89.0
8.0,8.0,8.0,Medium,"Huila Department, Colombia",$13.50/12 oz.,90.0
8.0,8.0,9.0,Medium,"Antigua valley, Guatemala.",$15.00/12 oz.,92.0
8.0,8.0,9.0,Medium,"Ruvuma growing region, southwestern Tanzania.",$11.72/12 oz.,93.0
9.0,9.0,9.0,Medium,"Eastern Java, Indonesia; Sidamo growing region, Ethiopia",CAD $15.00/16 oz.,95.0
8.0,8.0,9.0,Medium,"Copan Department, Honduras.",$10.00/250 g. (8.8 oz.),92.0
9.0,8.0,10.0,Medium-Light,Northwestern El Salvador,$11.95/12 oz.,94.0
9.0,8.0,9.0,Medium,"Boquete growing region, western Panama",$43.95/10 oz.,94.0
9.0,8.0,9.0,Medium-Dark,Honduras; Ethiopia.,$11.85/12 oz.,93.0
9.0,8.0,9.0,Medium,Kenya,,92.0
9.0,8.0,9.0,Medium-Light,South-central Kenya.,$14.95/12 oz.,94.0
8.0,8.0,7.0,Medium,"Guatemala, Costa Rica, Colombia.",$9.49/12 oz.,87.0
8.0,8.0,8.0,Medium-Dark,Kenya,$22.00/500 g. (17.6 oz.),91.0
9.0,8.0,9.0,Medium,"Lake Atitlan basin, Guatemala.",$9.49/12 oz.,91.0
8.0,8.0,8.0,Medium-Dark,"Huehuetenango growing region, Guatemala.",$13.00/12 oz.,90.0
8.0,8.0,9.0,Medium-Light,"El Quiche Department, south central Guatemala",$9.00/250 g. (8.8 oz.),90.0
8.0,7.0,8.0,Medium,Northern Thailand.,THB 120/ 250 g.,88.0
8.0,8.0,8.0,Medium,"Madriz, Nicaragua",$10.99/12 oz.,90.0
8.0,8.0,8.0,Medium-Dark,Not disclosed.,$10.99/12 oz.,91.0
8.0,8.0,9.0,Medium,"Alajuela growing region, Costa Rica.",$14.95/12 oz.,92.0
9.0,9.0,10.0,Medium,Not disclosed.,NT$600/8 oz.,96.0
8.0,8.0,8.0,Medium,"Huila Department, Colombia",$8.49/12 oz.,90.0
8.0,7.0,8.0,Dark,Northern Thailand; Ethiopia; Colombia; Sumatra.,THB 450/250 g.,90.0
8.0,8.0,9.0,Medium-Light,Northern Thailand,THB 150/250 g.,92.0
8.0,9.0,8.0,Light,Northern Thailand,,93.0
10.0,8.0,9.0,Medium-Light,"Santa Barbara Department, Honduras.",$18.00/8 ounces,94.0
8.0,9.0,8.0,Medium,"San Miguel Department, El Salvador.",CAD $22.00/16 ounces,91.0
7.0,8.0,9.0,Medium-Dark,"Ahuachapan Department, El Salvador.",$17.95/12 ounces,90.0
8.0,8.0,8.0,Medium,"Caranavi growing region, Bolivia.",$24.00/12 ounces,90.0
9.0,8.0,9.0,Medium-Light,"Santa Barbara Department, Honduras.",$10.50/250 grams (8.8 oz.),91.0
9.0,7.0,9.0,Medium,Western Ethiopia,$27.00/500 grams (17.6 oz.),92.0
9.0,8.0,9.0,Medium,South-central Kenya.,$19.45/16 ounces,93.0
9.0,8.0,9.0,Medium-Light,"Santa Barbara Department, Honduras.",$10.50/250 grams (8.8 oz.),94.0
9.0,8.0,9.0,Medium,"Yirgacheffe growing region, southern Ethiopia.",$13.00/12 ounces,93.0
8.0,8.0,9.0,Medium,Not disclosed.,$15.00/12 ounces,91.0
9.0,9.0,9.0,Medium-Dark,South-central Kenya.,$13.95/12 ounces,95.0
8.0,8.0,8.0,Medium,Dominican Republic,$19.95/10 ounces,90.0
9.0,8.0,9.0,Medium,Western Ethiopia,$14.00/250 grams (8.8 oz),93.0
9.0,8.0,9.0,Medium,"Alajuela growing region, central Costa Rica.",$10.90/12 ounces,93.0
8.0,8.0,9.0,Medium-Light,"Sidama growing region, southern Ethiopia.",CAD $17.00/12 ounces,91.0
9.0,8.0,9.0,Dark,"Northern Sumatra, Indonesia",$13.99/16 ounces,90.0
9.0,8.0,9.0,Medium,Ethiopia; Tanzania.,$10.50/12 ounces,92.0
9.0,8.0,10.0,Medium,"Chalatenango Department, El Salvador",$15.75/12 ounces,94.0
8.0,8.0,9.0,Medium,"Nyeri growing region, south-central Kenya.",$17.75/12 ounces,91.0
9.0,8.0,8.0,Medium,El Salvador,$13.95/12 ounces,91.0
8.0,7.0,8.0,Medium-Dark,Brazil; El Salvador.,,88.0
8.0,7.0,8.0,Dark,Brazil; El Salvador.,,89.0
8.0,8.0,8.0,Medium-Dark,"Brazil; Sumatra and Flores, Indonesia.",,89.0
8.0,7.0,8.0,Dark,"Brazil; Sumatra and Flores, Indonesia.",,90.0
8.0,8.0,9.0,Medium-Light,"Yirgacheffe growing region, southern Ethiopia.",$12.00/250 grams (8.8 oz.),92.0
9.0,9.0,9.0,Medium,"Nyeri growing region, south-central Kenya.",$20.25/12 ounces,95.0
8.0,8.0,8.0,Medium,Papua New Guinea,$13.99/12 ounces,90.0
8.0,8.0,9.0,Medium,Not disclosed.,$14.95/12 ounces,91.0
5.0,7.0,5.0,Very Dark,Not disclosed.,$9.90/18 pods,75.0
8.0,8.0,8.0,Dark,Eastern Java.,$13.99/12 ounces,89.0
8.0,7.0,9.0,Medium,"Kayanza Province, Burundi.",$18.78/16 ounces,91.0
9.0,8.0,9.0,Medium-Light,"Huila Department, Colombia",$13.00/250 grams (8.8 oz.),93.0
8.0,9.0,9.0,Medium-Dark,Burundi,$13.68/12 ounces,93.0
9.0,8.0,8.0,Medium,"Minas Gerais State, Brazil.",$18.95/16 ounces,92.0
9.0,7.0,9.0,Medium,"Wellega, Ethiopia",$14.00/12 ounces,91.0
8.0,8.0,8.0,Medium,"Huila Department, Colombia",$22.00/12 ounces,91.0
8.0,7.0,8.0,Medium,"Tarrazu growing region, central Costa Rica.",$11.89/12 ounces,90.0
8.0,7.0,10.0,Medium,"Boquete growing region, western Panama",CAD $16.50/12 ounces,93.0
8.0,8.0,9.0,Medium,"Yirgacheffe growing region, southern Ethiopia.",CAD $17.00/12 ounces,92.0
8.0,8.0,9.0,Medium,"Ethiopia, most likely southern Ethiopia.",CAD $11.99/12 ounces,91.0
8.0,8.0,8.0,Medium,"Oaxaca, Mexico",$7.00/17 ounces,90.0
9.0,8.0,9.0,Medium-Dark,"Sidama (also Sidamo) growing region, southern Ethiopia.",$15.00/16 ounces,92.0
8.0,8.0,9.0,Medium,"Yirgacheffe growing region, southern Ethiopia.",$15.00/12 ounces,92.0
9.0,7.0,8.0,Medium-Light,"Yirgacheffe growing region, southern Ethiopia.",$14.00/350 grams (12.3 ounces),89.0
9.0,8.0,9.0,Medium,"Rubavu-Rutsiro, Rwanda.",$15.95/16 ounces,92.0
9.0,8.0,10.0,Medium,"Volcán growing region, west and southwest of Volcán Barú, western Panama.",$49.95/16 ounces,94.0
8.0,8.0,8.0,Light,"Las Sabanas, Nicaragua",$12.95/12 ounces,90.0
8.0,8.0,9.0,Medium-Light,"Yirgacheffe growing region, southern Ethiopia.",$13.95/12 ounces,92.0
9.0,9.0,9.0,Medium,"Tarrazu growing region, central Costa Rica.",$14.00/12 ounces,93.0
9.0,8.0,9.0,Medium,"Lintong growing district, northern Sumatra, Indonesia.",$14.00/12 ounces,93.0
9.0,8.0,9.0,Medium-Light,"Antigua valley, Guatemala",$16.95/16 ounces,91.0
9.0,8.0,9.0,Medium,Not disclosed.,$12.95/12 ounces,92.0
9.0,9.0,10.0,Medium,"Boquete growing region, western Panama",CAD $52.50/12 ounces,93.0
8.0,9.0,9.0,Medium-Light,"Mathira East District, Central Kenya.",$14.00/8 ounces,91.0
8.0,9.0,10.0,Medium-Light,"Nyeri County, Central Highlands, Kenya.",$23.00/12 ounces,95.0
9.0,8.0,10.0,Medium,"Thika growing region, central Kenya.",$29.95/12 ounces,95.0
8.0,8.0,8.0,Medium-Dark,"Nyeri District, Kenya.",$29.30/12 ounces,90.0
9.0,9.0,9.0,Medium,"Central Valley, Costa Rica.",$15.40/12 ounces,93.0
8.0,9.0,9.0,Medium-Light,"Yirgacheffe growing region, southern Ethiopia.",$13.25/12 ounces,92.0
8.0,8.0,9.0,Medium-Light,"Yirgacheffe growing region, southern Ethiopia.",$9.99/12 ounces,92.0
9.0,8.0,8.0,Medium-Dark,Sumatra; Ethiopia; Guatemala.,$13.95/12 ounces,92.0
9.0,8.0,9.0,Medium,Southern Ethiopia,$14.95/12 ounces,92.0
8.0,9.0,8.0,Medium,"Guji Zone, Oromia Region, Sidama Province, Ethiopia.",$12.00/12 ounces,89.0
9.0,8.0,8.0,Light,"Kintamani, Bali, Indonesia",$11.95/12 ounces,91.0
7.0,6.0,6.0,Very Dark,Not disclosed.,$10.99/12 ounces,80.0
6.0,7.0,5.0,Very Dark,Not disclosed.,$6.29/11 ounces,78.0
6.0,6.0,4.0,Very Dark,Colombia.,$7.19/10.3 ounces,75.0
6.0,6.0,4.0,Very Dark,Not disclosed.,$7.49/11 ounces,74.0
9.0,9.0,9.0,Medium,"Gedeo Zone, southern Ethiopia.",$18.00/12 ounces,93.0
9.0,9.0,9.0,Medium-Light,"Gedeo Zone, southern Ethiopia.",$16.50/12 ounces,92.0
10.0,8.0,8.0,Medium-Light,"Horqueta, Volcan growing region, western Panama.",$59.95/8 ounces,91.0
8.0,8.0,9.0,Medium-Light,"Gedeo Zone, southern Ethiopia.",$16.95/16 ounces,91.0
9.0,8.0,9.0,Dark,Not disclosed.,Not Available,92.0
8.0,8.0,9.0,Medium,"Holualoa, North Kona growing district, Hawaii.",$44.95/16 ounces,93.0
9.0,8.0,9.0,,"San Agustín growing region, Huila Department, southern Colombia",$32.00/8 ounces,93.0
9.0,8.0,9.0,Medium,"Ka'u growing district, southwestern corner of the ""Big Island"" of Hawaii.",$44.99/16 ounces,94.0
9.0,8.0,9.0,Medium-Light,"Thika Region, South-central Kenya.",$14.00/8 ounces,93.0
8.0,8.0,9.0,Medium,Peru; Ecuador,$11.45/12 ounces,91.0
8.0,8.0,8.0,Medium-Dark,Africa; the Americas; Indonesia,$11.99/12 ounces,89.0
8.0,8.0,8.0,Medium,Latin America; Indonesia.,$15.00/12 ounces,89.0
9.0,9.0,10.0,Medium,Central Kenya.,NT$1400/16 ounces,96.0
10.0,9.0,9.0,Medium,Not disclosed,NT$950/16 ounces,93.0
9.0,8.0,8.0,Medium-Dark,Rwanda.,$12.00/12 ounces,90.0
9.0,8.0,9.0,Medium,"Gakenke growing region, central Rwanda.",$15.00/12 ounces,92.0
10.0,7.0,8.0,Medium,"Huila growing region, Colombia.",$32.00/8 ounces,90.0
8.0,8.0,8.0,Medium,"Tolima growing region, Colombia.",$11.50/12 ounces,89.0
9.0,8.0,8.0,Medium,"Valle de Cauca, Colombia.",$12.99/12 ounces,89.0
8.0,8.0,7.0,Medium,"Huila growing region, Colombia.",$18.03/16 ounces,88.0
9.0,8.0,9.0,Medium-Light,"Patrocinio region, Minas Gerais State, Brazil.",$10.00/8 ounces,92.0
8.0,9.0,9.0,Medium-Light,"Chapada Diamantina growing region, Bahia State, Brazil.",NTD $350/8 ounces,92.0
8.0,8.0,8.0,Medium,"Sul de Minas growing region, southern Minas Gerais State, Brazil.",$14.00/12 ounces,91.0
8.0,8.0,8.0,Medium-Light,"Chapada Diamantina growing region, Bahia State, Brazil.",$14.50/12 ounces,90.0
8.0,9.0,8.0,Medium,Not disclosed.,$13.99/12 ounces,91.0
8.0,9.0,9.0,Medium-Light,"Antigua Valley, Guatemala",$16.75/12 ounces,92.0
9.0,8.0,9.0,Medium,"Holualoa (North Kona District), Big Island of Hawaii.",$30.00/8 ounces,92.0
9.0,8.0,9.0,Medium-Light,"Northern Sumatra, Indonesia",$12.99/12 ounces,93.0
8.0,9.0,9.0,Medium,Honduras,$15.99/16 ounces,93.0
9.0,8.0,8.0,Medium,"Nyeri growing region, south-central Kenya",$15.00/12 ounces,91.0
9.0,8.0,10.0,Medium,"Nyeri growing region, south-central Kenya",$16.20/12 ounces,93.0
8.0,7.0,9.0,Medium-Dark,"Kenya; Tanzania; Guatemala; Costa Rica; Sumatra, Indonesia.",$10.95/12 ounces,89.0
8.0,8.0,9.0,Medium,"San Agustin growing region, Colombia.",NT $1200/16 ounces,91.0
8.0,7.0,8.0,Medium-Dark,Not disclosed.,NT $700/16ounces,90.0
8.0,9.0,8.0,Medium-Dark,Not disclosed.,NT$300/16 ounces,90.0
8.0,8.0,9.0,Medium,"Ka'u growing district, ""Big Island"" of Hawaii.",NT $2500/16 ounces,90.0
9.0,8.0,9.0,Medium,Rwanda,$12.99/12 ounces,93.0
8.0,8.0,8.0,Medium,"Kamwangi growing district, central Kenya.",$14.50/12 ounces,90.0
8.0,8.0,9.0,Light,"Huehuetenango growing region, northwestern Guatemala.",$11.25/12 ounces,90.0
9.0,8.0,9.0,Medium,"Kochere District, southern Ethiopia.",$16.00/12 ounces,93.0
8.0,9.0,8.0,Medium,"Boquete growing region, western Panama",$16.99/16 ounces,91.0
9.0,8.0,9.0,Medium-Light,Not disclosed.,$15.99/12 ounces,92.0
9.0,8.0,9.0,Medium-Dark,"Kaanapali district, near Lahaina, West Maui, Hawaii",$19.95/12 ounces,92.0
8.0,8.0,9.0,Medium-Dark,"Lake Toba growing region, northern Sumatra.",$12.99/12 ounces,93.0
8.0,8.0,9.0,Medium-Light,"Apaneca district, Ahuachapan Department, El Salvador.",$17.50/12 ounces,92.0
9.0,8.0,9.0,Medium,"Chalatenango, El Salvador",$16.00/12 ounces,92.0
9.0,8.0,8.0,Medium,"Cerro El Tigre, El Salvador.",$13.50/12 ounces,91.0
8.0,8.0,9.0,Medium,"West Valley growing region, Costa Rica.",$16.50/12 ounces,91.0
9.0,8.0,9.0,Medium-Light,"Canas Verdes, Boquete growing region, western Panama.",$20.80/8 ounces,93.0
10.0,9.0,10.0,Medium,"Boquete growing region, western Panama",$19.99/8 ounces,97.0
9.0,8.0,9.0,Medium-Light,"Nejapa, San Salvador Department, El Salvador.",$16.00/12 ounces,93.0
10.0,8.0,9.0,Medium-Light,"Guji Zone, Oromia Region, Sidama Province, Ethiopia.",$17.25/12 ounces,92.0
9.0,8.0,9.0,Medium-Light,"Nyeri County, Central Highlands, Kenya.",$17.99/12 ounces,93.0
9.0,8.0,9.0,Medium-Light,"Nyeri growing region, south-central Kenya.",TWD $450/100 grams,95.0
,,,Medium-Light,"Silla Del Pando, Volcan, Panama.",$45.00/8 ounces,95.0
8.0,8.0,9.0,Medium,"Antigua growing region, south-central Guatemala.",$14.10/12 ounces,92.0
4.0,6.0,1.0,Very Dark,Not disclosed.,$11.04/48 ounces,67.0
9.0,8.0,9.0,Medium-Light,"La Paz District, Marcala growing region, Honduras.",$18.45/16 ounces,91.0
9.0,8.0,9.0,Medium-Light,"La Libertad, Huehuetenango, Guatemala.",$16.99/12 ounces,91.0
8.0,8.0,9.0,Medium,"La Union, Honduras.",$17.50/12 ounces,92.0
9.0,8.0,9.0,Medium-Light,"Huehuetenango growing region, Guatemala.",$19.95/8 ounces,94.0
9.0,9.0,9.0,Medium,"Valle del Cauca growing region, Colombia.",$24.99/10 ounces,94.0
9.0,9.0,10.0,Medium-Light,"Trujillo, Valle del Cauca, Colombia.",$35.00/8 ounces,96.0
7.0,9.0,9.0,Light,"Kintamani, Bali, Indonesia",$14.25/12 ounces,91.0
8.0,8.0,8.0,Medium,Central America; Indonesia; East Africa.,$10.95/12 ounces,90.0
8.0,8.0,8.0,Medium-Light,Java; Kenya.,$16.50/16 ounces,90.0
8.0,8.0,8.0,Medium,El Salvador; Sulawesi.,$13.99/12 ounces,90.0
9.0,9.0,8.0,Dark,"Yirgacheffe growing region, southern Ethiopia; Brazil; Huila Department, southwestern Colombia.",$14.95/16 ounces,91.0
8.0,8.0,8.0,Very Dark,Not disclosed.,$14.99/14 Single-Serve Pods,88.0
8.0,8.0,9.0,Medium,Northern Thailand.,CAD $15.99/16 ounces,90.0
8.0,8.0,9.0,Medium,Northern Thailand.,CAD $15.99/16 ounces,90.0
9.0,8.0,9.0,Medium-Light,"Yirgacheffe growing region, southern Ethiopia.",$14.95/12 ounces,94.0
9.0,8.0,8.0,Light,"Yirgacheffe growing region, southern Ethiopia.",$16.50/12 ounces,91.0
8.0,8.0,9.0,Medium-Light,"Huehuetenango growing region, northwestern Guatemala.",$17.75/12 ounces,92.0
8.0,9.0,9.0,Medium,"Naranjo, Costa Rica.",$16.20/12 ounces,92.0
8.0,9.0,9.0,Medium-Light,Kenya; undisclosed Central America origins.,NTD $500/8 ounces,92.0
9.0,8.0,9.0,Medium-Dark,Northern Thailand.,CAD $55.00/50 g.,91.0
9.0,9.0,8.0,Medium-Dark,"Chiang Rai, northern Thailand.",THB $250/250 grams,93.0
8.0,8.0,8.0,Medium-Dark,"Antigua growing region, Guatemala; Yirgacheffe growing region, southern Ethiopia; Mandheling growing region, northern Sumatra, Indonesia.",NTD $360/16 ounces,90.0
9.0,9.0,8.0,Dark,"Colombia; Huehuetenango growing region, Guatemala.",NTD $450/16 ounces,91.0
9.0,8.0,10.0,Medium-Light,"Gera District of Oromia Region, western Ethiopia.",$21.00/12 ounces,94.0
9.0,9.0,9.0,Medium,"Nyeri growing region, south-central Kenya",$16.00/12 ounces,95.0
9.0,9.0,9.0,Medium-Dark,Burundi,$13.99/12 ounces,94.0
9.0,9.0,10.0,Light,"Boquete growing region, western Panama",,96.0
8.0,9.0,9.0,Medium-Light,"Loja Province, Ecuador",$13.50/12 ounces,93.0
9.0,9.0,9.0,Medium-Light,"Cajamarca growing region, Peru.",$11.75/12 ounces,93.0
9.0,8.0,9.0,Medium-Light,"Carnavi Province, La Paz Department, Bolivia.",$15.00/12 ounces,93.0
9.0,8.0,9.0,Medium-Light,"Puno Province, southeastern Peru.",$17.75/12 ounces,93.0
8.0,8.0,8.0,Medium-Dark,"Morobe Province, Papua New Guinea.",$13.95/12 ounces,90.0
8.0,8.0,9.0,Medium,"Caranavi Province, west-central Bolivia.",$13.50/12 ounces,91.0
8.0,9.0,9.0,Medium,"Canton Illimani, Caranavi Province, west-central Bolivia.",$16.00/12 ounces,92.0
8.0,8.0,9.0,Medium-Light,"Chiapas State, Mexico",$12.95/12 ounces,91.0
7.0,7.0,7.0,Very Dark,Indonesia; Central America; South America.,$18.49/24 K-Cups,85.0
7.0,7.0,7.0,Very Dark,Not disclosed.,$8.49/12 single-serve pods,84.0
8.0,8.0,8.0,Medium-Light,"West Valley growing region, Costa Rica.",$14.00/12 ounces,90.0
8.0,8.0,9.0,Medium,Southern Malawi.,$14.50/12 ounces,91.0
8.0,9.0,9.0,Medium,"Sidamo (also Sidama) growing region, southern Ethiopia.",$12.50/12 ounces,92.0
9.0,8.0,9.0,Medium,Not disclosed.,NT $500/16 ounces,93.0
9.0,8.0,9.0,Medium-Light,"Nyeri growing region, south-central Kenya",CAD $17.41/12 ounces,93.0
9.0,8.0,9.0,Medium-Light,"Cauca Department, southwestern Colombia.",$17.75/12 ounces,93.0
8.0,8.0,9.0,Medium,Taiwan,NT $750/8 ounces,90.0
9.0,8.0,8.0,Medium-Light,"Chiapas State, Mexico",$14.95/12 ounces,90.0
8.0,8.0,9.0,Medium-Dark,Highlands of Papua New Guinea,$13.99/12 ounces,91.0
9.0,8.0,9.0,Medium,"Tarrazu growing region, central Costa Rica.",$15.00/12 ounces,91.0
8.0,9.0,9.0,Medium,"Lintong growing region, northern Sumatra, Indonesia.",$13.95/12 ounces,93.0
9.0,8.0,9.0,Medium-Light,"Lintong growing region, northern Sumatra, Indonesia.",NT $420/200 grams,93.0
9.0,8.0,9.0,Medium-Light,"Mandheling growing region, northern Sumatra, Indonesia.",NT $800/16 ounces,93.0
9.0,9.0,9.0,Medium,"Aceh growing region, northwestern Sumatra, Indonesia.",$11.00/8 ounces,93.0
8.0,8.0,9.0,Light,"Nyeri growing region, south-central Kenya.",$19.75/12 ounces,92.0
8.0,8.0,9.0,Medium-Light,"Sidamo (also Sidama) growing region, southern Ethiopia.",$14.95/12 ounces,92.0
9.0,8.0,9.0,Medium-Light,"Sidamo (also Sidama) growing region, southern Ethiopia.",$16.95/12 ounces,93.0
8.0,8.0,9.0,Medium-Dark,"Aceh growing region, far northern Sumatra, Indonesia.",$13.95/12 ounces,91.0
8.0,7.0,9.0,Medium-Dark,"Tarrazu growing region, central Costa Rica",,90.0
10.0,8.0,9.0,Medium,Central Kenya.,$15.99/12 ounces,95.0
9.0,8.0,8.0,Medium,"San Agustín growing region, Huila Department, southern Colombia",$13.99/12 ounces,90.0
9.0,9.0,9.0,Medium,Central Kenya.,NT $1600/16 ounces,94.0
9.0,7.0,9.0,Medium-Light,"Lempira Department, Honduras.",$14.99/12 ounces,91.0
8.0,9.0,9.0,Medium-Light,"Ocotepeque Department, Honduras",$16.50/12 ounces,92.0
9.0,8.0,9.0,Medium-Light,"Sidamo (also Sidama) growing region, southern Ethiopia.",$12.00/12 ounces,93.0
9.0,9.0,9.0,Medium-Light,"Yirgacheffe growing region, southern Ethiopia.",$15.50/12 ounces,94.0
9.0,9.0,8.0,Medium,"Amaro region, southern Ethiopia.",$15.50/12 ounces,92.0
9.0,8.0,9.0,Medium,"Ruiru growing region, central Kenya.",$15.50/12 ounces,94.0
9.0,9.0,9.0,Medium,"Acatenango growing region, Guatemala.",$20.00/8 ounces,95.0
9.0,9.0,9.0,Medium-Light,"Acatenango growing region, Guatemala.",CAD $11.95/12 ounces,93.0
7.0,8.0,8.0,Very Dark,Not disclosed.,$27.50/48 RealCup capsules,87.0
7.0,7.0,8.0,Very Dark,Peru.,$26.52/48 RealCup capsules,87.0
8.0,7.0,8.0,Very Dark,Not disclosed.,$25.80/48 RealCup capsules,88.0
8.0,8.0,8.0,Very Dark,Colombia,$25.71/48 RealCup capsules,89.0
8.0,9.0,9.0,Light,"Santa Ana Region, El Salvador.",$17.40/12 ounces,94.0
9.0,9.0,9.0,Medium-Light,"Vera Cruz growing region, Mexico.",$17.00/12 ounces,94.0
9.0,9.0,9.0,Medium,"Volcan growing region, western Panama.",NT $2800/8 ounces,94.0
9.0,8.0,9.0,Light,"Volcan growing region, western Panama.",NT $1900/8 ounces,94.0
9.0,9.0,9.0,Medium-Light,"Boquete growing region, western Panama",$59.95/8 ounces,94.0
9.0,8.0,9.0,Medium-Light,"Huehuetenango growing region, Guatemala.",$25.00/8 ounces,92.0
9.0,9.0,9.0,Medium-Light,"Nyeri growing region, south-central Kenya.",$17.99/12 ounces,94.0
9.0,8.0,9.0,Medium,"Baringo and Nakura Counties, central Kenya.",$18.95/12 ounces,92.0
8.0,8.0,8.0,Medium,"Haraz (also spelled Haraaz) growing region, north-central Yemen",NT $1200/8 ounces,89.0
9.0,8.0,9.0,Medium,Central Kenya.,$15.95/12 ounces,93.0
8.0,8.0,9.0,Medium-Dark,"Chiang Rai, northern Thailand.",THB $600/1 kilogram,90.0
8.0,8.0,8.0,Medium-Dark,Not disclosed.,$14.99/16 ounces,88.0
9.0,8.0,9.0,Medium-Dark,"Chiapas State, Mexico",$11.95/12 ounces,93.0
8.0,8.0,8.0,Medium,Not disclosed.,$14.99/16 ounces,89.0
9.0,8.0,9.0,Light,"Volcan de Santa Ana region, El Salvador.",$14.50/12 ounces,92.0
9.0,8.0,9.0,Medium-Light,"Dolok Sanggul, Lintong growing area, northern Sumatra, Indonesia",$14.50/12 ounces,93.0
9.0,9.0,9.0,Light,"Konga District, Yirgacheffe growing region, southern Ethiopia.",CAD $20.00/340 grams,93.0
9.0,8.0,9.0,Medium,"Nyeri growing region, south-central Kenya.",$18.95/12 ounces,93.0
8.0,8.0,8.0,Light,Central Taiwan.,NTD $1800/16 ounces,90.0
9.0,9.0,9.0,Medium,"Gayo growing region, Aceh Province, northern Sumatra, Indonesia.","NTD $1,000/16 ounces",93.0
8.0,8.0,9.0,Medium-Light,"Cajamarca growing region, Peru.",$12.95/12 ounces,91.0
8.0,7.0,8.0,Medium,"Yirgacheffe, Ethiopia; Kenya; Central America.",NT$300/8 ounces,90.0
9.0,9.0,9.0,Medium-Light,"Yirgacheffe and Sidamo (also Sidama) growing regions, southern Ethiopia; Uganda.",$17.50/16 ounces,93.0
9.0,8.0,9.0,Light,Ethiopia; Costa Rica; Papua New Guinea.,NT $800/16 ounces,93.0
9.0,8.0,9.0,Medium,"Santa Barbara Department, Honduras.",$18.75/12 ounces,93.0
9.0,8.0,9.0,Medium,Brazil; Kenya; Tanzania.,$14.50/12 ounces,92.0
9.0,9.0,9.0,Medium,"Lintong growing region, North Sumatra, Indonesia.",$14.50/12 ounces,93.0
9.0,9.0,9.0,Light,"Nyeri growing region, south-central Kenya.",$14.50/12 ounces,95.0
9.0,9.0,10.0,Light,"Yirgacheffe growing region, south-central Ethiopia.",$19.25/12 ounces,96.0
9.0,8.0,9.0,Medium-Light,"Kirambo, Karongi District, Rwanda.",$14.50/12 ounces,94.0
9.0,8.0,9.0,Light,"Minas Gerais State, Brazil.",$16.00/12 ounces,93.0
9.0,8.0,9.0,Medium,"Dom Vicoso, Minas Gerais state, east-central Brazil.",$14.50/12 ounces,93.0
9.0,9.0,9.0,Light,"Apaneca-Ilamatepece Mountains, El Salvador.",$15.95/12 ounces,93.0
9.0,8.0,9.0,Medium-Light,"Amaro region, southern Ethiopia.",$13.50/12 ounces,94.0
9.0,8.0,9.0,Medium,Not disclosed.,$14.25/12 ounces,91.0
8.0,8.0,9.0,Medium,Rwanda,$14.25/12 ounces,91.0
9.0,8.0,9.0,Light,"Gedeo Zone, Yirgacheffe growing region, southern Ethiopia.",$23.00/16 ounces,94.0
9.0,8.0,9.0,Medium-Light,"Sidamo (also Sidama) growing region, southern Ethiopia.",$16.00/12 ounces,93.0
9.0,9.0,9.0,Medium-Light,"Nyeri growing region, south-central Kenya.",TWD $450/100 grams,95.0
9.0,9.0,9.0,Light,"Nyanza region, Rwanda.",$22.00/16 ounces,93.0
9.0,8.0,9.0,Medium-Light,"Timana growing region, Huila Department, southern Colombia",$17.00/12 ounces,93.0
9.0,8.0,9.0,Medium,"Nyeri growing region, south-central Kenya.",£7.45/250 grams,93.0
9.0,8.0,9.0,Light,"Guji Zone, Oromia Region, Sidama Province, Ethiopia.",£6.50 for 250g,92.0
9.0,8.0,9.0,Medium-Light,Southern Ethiopia,£5.00/227 grams,92.0
10.0,8.0,9.0,Medium,"Guji Zone, Sidama Province, southern Ethiopia.",$17.00/12 ounces,94.0
9.0,9.0,9.0,Light,"Wahgi Valley, Western Highlands, Papua New Guinea.",$16.50/12 ounces,94.0
9.0,9.0,9.0,Medium-Light,"Toraja growing region, southwestern Sulawesi, Indonesia",$17.00/12 ounces,93.0
9.0,8.0,9.0,Medium-Light,"Toraja growing region, South Sulawesi, Indonesia",$20.00/12 ounces,92.0
9.0,8.0,9.0,Medium-Light,"Chiapas State, southeastern Mexico.",$14.95/12 ounces,92.0
9.0,8.0,9.0,Medium,"Gakende District, Northern Province, Rwanda.",$16.50/12 ounces,93.0
8.0,8.0,9.0,Medium,"Kochere, Yirgacheffe growing region, southern Ethiopia.",$15.95/12 ounces,91.0
8.0,9.0,9.0,Medium-Light,Western Guatemala,$13.50/12 ounces,92.0
,8.0,9.0,,"Yirgacheffe growing region, southern Ethiopia.",$16.99/32 fluid ounces,92.0
,9.0,9.0,,Ethiopia; Guatemala.,$3.50/11 fluid ounces,93.0
,9.0,9.0,,"Yirgacheffe growing region, southern Ethiopia.",$6.00/16 fluid ounces,94.0
9.0,8.0,9.0,Medium-Light,"Sidamo (also Sidama) growing region, southern Ethiopia.",$14.50/12 ounces,92.0
9.0,9.0,9.0,Medium,"Ka'u growing district, ""Big Island"" of Hawaii.",$19.00/8 ounces,93.0
9.0,8.0,9.0,Medium-Light,"Kona growing region, “Big Island” of Hawaii.",$41.50/12 ounces,93.0
9.0,8.0,9.0,Light,"Ka'u growing district, ""Big Island"" of Hawaii.",$29.95/8 ounces,93.0
9.0,8.0,8.0,Medium-Dark,Brazil; Colombia; Guatemala; Honduras.,,90.0
8.0,9.0,9.0,Medium-Light,"Volcan de Santa Ana region, El Salvador.",$18.00/12 ounces,93.0
9.0,9.0,9.0,Medium-Light,"Central Valley growing region, Costa Rica.",$17.45/12 ounces,93.0
9.0,9.0,9.0,Medium,"Apaneca, Ahuachapan Department, El Salvador.",$14.49/12 ounces,93.0
9.0,9.0,9.0,Light,"Los Robles de Naranjo, West Valley, Costa Rica.",$18.00/12 ounces,93.0
9.0,9.0,9.0,Medium,"Nyeri County, Central Highlands, Kenya.",$28.00/16 ounces,95.0
8.0,8.0,9.0,Light,"San Luis de Grecia, central Costa Rica.",$17.00/12 ounces,91.0
9.0,8.0,9.0,Medium-Light,"Sidamo (also Sidama) growing region, southern Ethiopia.",$14.85/12 ounces,93.0
9.0,9.0,9.0,Medium-Light,"Sidamo (also Sidama) growing region, southern Ethiopia.",$14.85/12 ounces,94.0
9.0,8.0,9.0,Medium,"Nyeri County, Central Highlands, Kenya.",$18.00 / 12 ounces,94.0
8.0,8.0,9.0,Medium-Light,"Gedeo Zone, Yirgacheffe growing region, southern Ethiopia.",$17.75/12 ounces,91.0
9.0,9.0,9.0,Medium-Light,"Gedeo Zone, Yirgacheffe growing region, southern Ethiopia.",$16.75/12 ounces,94.0
9.0,9.0,9.0,Medium-Light,"Kirinyaga County, central Kenya",$17.95/12 ounces,94.0
8.0,8.0,8.0,Medium-Dark,Indonesia; Central America.,$15.99/16 ounces,89.0
8.0,8.0,9.0,Medium-Light,"Saraguru growing region, southern Ecuador.",$22.00/12 ounces,91.0
9.0,8.0,9.0,Medium-Light,"Nueva Segovia growing region, Nicaragua.",$13.99/12 ounces,92.0
9.0,8.0,9.0,Medium-Light,"Murang’a County, Central Kenya.",$18.00/12 ounces,92.0
9.0,8.0,9.0,Medium-Light,"Nyeri County, Central Highlands, Kenya.",$17.50/12 ounces,93.0
9.0,8.0,9.0,Medium-Light,"Konga District, Yirgacheffe growing region, southern Ethiopia.",$16.95/12 ounces,94.0
9.0,8.0,8.0,Light,"Pitalito, Huila Department, southwestern Colombia.",$14.25/12 ounces,91.0
9.0,9.0,9.0,Medium-Dark,Not disclosed.,$12.95/12 ounces,93.0
8.0,8.0,9.0,Medium-Dark,Guatemala; Brazil.,TWD $400 / 225 grams,91.0
8.0,8.0,9.0,Medium,Guatemala; Brazil.,TWD $600 / 225 grams,92.0
9.0,8.0,9.0,Medium-Light,"Nyeri County, Central Highlands, Kenya.",$16.75/12 ounces,93.0
9.0,8.0,8.0,Light,"California, USA.",$27.00/5 ounces,91.0
8.0,9.0,8.0,Medium-Light,Not disclosed.,$15.00/12 ounces,91.0
8.0,8.0,9.0,Medium-Light,"Nyeri growing region, south-central Kenya.",$17.25/12 ounces,92.0
9.0,8.0,9.0,Medium-Light,"Yirgacheffe growing region, southern Ethiopia.",$9.99/16 ounces,92.0
9.0,9.0,9.0,Medium,"Holualoa, North Kona growing district, “Big Island” of Hawaii.",$35.95/8 ounces,94.0
8.0,8.0,9.0,Medium-Light,"Thika growing region, central Kenya.",$17.50/12 ounces,91.0
8.0,8.0,9.0,Medium-Dark,Not disclosed.,$20.00/16 ounces,92.0
8.0,9.0,9.0,Medium-Light,"Eastern slopes of Volcan Baru, western Panama.",$17.50/12 ounces,92.0
8.0,8.0,9.0,Medium-Dark,Not disclosed.,$20.00/16 ounces,92.0
9.0,8.0,9.0,Light,"Yirgacheffe growing region, south-central Ethiopia.",$20.00/16 ounces,93.0
9.0,9.0,9.0,Light,"Yirgacheffe growing region, south-central Ethiopia.",$18.00/16 ounces,94.0
9.0,8.0,9.0,Light,"Rusizi District, Western Rwanda.",$15.95/12 ounces,93.0
8.0,8.0,8.0,Medium,"Antigua Valley, Guatemala.",CAD $15.99/16 ounces,90.0
9.0,9.0,9.0,Medium,"Sidamo and Yirgacheffe, Ethiopia; Kenya; Sumatra.",NTD $500/16 ounces,94.0
9.0,9.0,9.0,Medium-Light,Kenya; Ethiopia.,$12.00/200 grams,94.0
8.0,9.0,9.0,Medium-Light,"Thika growing region, central Kenya.",$14.00/12 ounces,93.0
9.0,9.0,9.0,Medium-Light,"Nyeri growing region, south-central Kenya.",$17.50/12 ounces,95.0
9.0,8.0,9.0,Light,"Lintong growing region, North Sumatra Province, Indonesia.",$13.99/12 ounces,92.0
10.0,8.0,9.0,Medium,"Lintong growing region, North Sumatra Province, Indonesia.",$17.25/12 ounces,93.0
9.0,8.0,9.0,Medium-Light,"Gayo or Aceh growing region, Aceh Province, northern Sumatra, Indonesia.",$15.00/10 ounces,93.0
8.0,9.0,9.0,Medium-Light,"Lintong growing region, Lake Toba, North Sumatra Province, Indonesia.",$20.99/12 ounces,93.0
9.0,8.0,9.0,Medium-Light,"Huila Department, southwestern Colombia.",$12.00/12 ounces,92.0
9.0,9.0,9.0,Medium-Light,"Acatenango growing region, central Guatemala.",RMB $234/125 grams,94.0
9.0,9.0,10.0,Medium-Light,"Silla Del Pando, Volcan, Panama.",RMB $350/75 grams,96.0
8.0,8.0,9.0,Medium,Brazil; Panama; Mexico; Costa Rica; Guatemala.,NT $600/16 ounces,92.0
8.0,9.0,9.0,Light,"Yirgacheffe growing region, south-central Ethiopia.",NTD $1000/16 ounces,93.0
9.0,8.0,9.0,Light,"Boquete growing region, Chiriqui Province, western Panama.",$17.75/12 ounces,92.0
9.0,8.0,9.0,Light,"Yirgacheffe growing region, southern Ethiopia.",NTD $800/227 grams,93.0
9.0,9.0,9.0,Light,"Yirgacheffe growing region, southern Ethiopia.",NTD $600/227 grams,94.0
9.0,8.0,9.0,Medium-Dark,Not disclosed.,NT $255/8 ounces,91.0
8.0,8.0,8.0,Medium,"Veracruz State, Mexico.",$13.99/12 ounces,90.0
9.0,8.0,9.0,Medium-Light,"Limu Woreda, southwest Ethiopia.",$17.00/16 ounces,94.0
7.0,7.0,7.0,Medium-Dark,"Southern Minas Gerais State, Brazil.",$13.20/8 ounces,85.0
8.0,9.0,9.0,Medium,Not disclosed.,NTD $500/220 grams,93.0
10.0,9.0,10.0,Medium-Light,"Nyeri growing region, south-central Kenya.",$24.95/12 ounces,96.0
9.0,8.0,9.0,Medium-Light,"Arusha growing region, Mt. Meru, Tanzania.",$13.25/12 ounces,92.0
9.0,9.0,9.0,Light,"Huila Department, southern Colombia.",$13.75/12 ounces,93.0
10.0,9.0,10.0,Medium,"Chiriqui, western Panama.",$59.95/8 ounces,97.0
8.0,8.0,8.0,Light,"Sidama (also Sidamo) growing region, southern Ethiopia.",$17.50/12 ounces,91.0
9.0,8.0,9.0,Medium-Light,"Quiche Department, Guatemala.",$13.95/12 ounces,91.0
9.0,8.0,9.0,Medium,"Sidama (also Sidamo) growing region, southern Ethiopia.",$15.15/12 ounces,93.0
9.0,8.0,9.0,Medium-Light,"Chimaltenango Department, Guatemala.",$13.50/12 ounces,92.0
9.0,9.0,9.0,Medium-Light,"Yirgacheffe growing region, southern Ethiopia.",$15.00/8 ounces,94.0
8.0,8.0,9.0,Medium,South-central Kenya.,$16.00/12 ounces,90.0
9.0,8.0,9.0,Medium,"Yirgacheffe growing region, southern Ethiopia.",$15.90/12 ounces,92.0
9.0,9.0,9.0,Medium-Light,"Kiambu County, south-central Kenya.",$17.50/12 ounces,95.0
9.0,8.0,9.0,Dark,Guatemala; Colombia; Costa Rica; Ethiopia; Kenya.,$16.00/16 ounces,93.0
9.0,8.0,9.0,Medium-Light,"Santa Ana growing region, El Salvador.",$15.99/12 ounces,93.0
9.0,9.0,9.0,Medium-Light,"Kirinyaga growing district, south-central Kenya.",$15.25/12 ounces,94.0
8.0,8.0,9.0,Medium-Light,"Huehuetenango growing region, western Guatemala.",$15.95/12 ounces,92.0
9.0,8.0,9.0,Medium-Light,"Huehuetenango growing region, Guatemala",$49.95/8 ounces,92.0
8.0,9.0,9.0,Medium-Light,"Huehuetenango growing region, Guatemala",$18.00/12 ounces,92.0
9.0,8.0,9.0,Medium-Light,"Palencia, Fraijanes Plateau growing region, central Guatemala",$23.99/12 ounces,92.0
9.0,9.0,9.0,Medium-Light,"Wellega, Sidama and Yirgacheffe growing regions, southern and western Ethiopia",$25.95/12 ounces,94.0
9.0,8.0,9.0,Medium,"Alajuela growing region, Central Valley, Costa Rica",$19.00/12 ounces,92.0
9.0,8.0,9.0,Medium,Brazil; Colombia; Ethiopia,$16.00/12 ounces,92.0
9.0,9.0,9.0,Medium,Not disclosed.,$15.00/12 ounces,94.0
9.0,8.0,9.0,Medium-Light,"Kiambu growing region, south-central Kenya.",$17.95/12 ounces,94.0
8.0,8.0,8.0,Medium,"Yauco growing region, central Puerto Rico",$14.00/8 ounces,89.0
8.0,8.0,8.0,Medium-Light,"Champasak Province, southern Laos",$13.71/200 grams,89.0
9.0,8.0,8.0,Medium-Light,"Jinotega, Nicaragua",NTD $800/227 grams,90.0
9.0,8.0,9.0,Medium-Light,Colombia,RMB $70/150 grams,93.0
9.0,8.0,9.0,Medium-Light,South-central Kenya.,$20.00/12 ounces,93.0
9.0,9.0,9.0,Medium-Light,"Hambela District, Oromia growing region, southern Ethiopia",$15.49/12 ounces,93.0
9.0,9.0,9.0,Medium-Light,"Apaneca, El Salvador",$18.75/12 ounces,94.0
9.0,8.0,9.0,Medium-Light,Honduras; Kenya; Ethiopia,$18.90/12 ounces,94.0
9.0,9.0,9.0,Light,"Boquete growing region, western Panama",$45.00/8 ounces,94.0
9.0,9.0,9.0,Light,"San Fernando, Nueva Segovia region, Nicaragua",$20.00/250 grams,95.0
9.0,8.0,10.0,Light,Guatemala; Ethiopia.,$25.00/8 ounces,95.0
9.0,9.0,9.0,Light,"Yirgacheffe growing region, southern Ethiopia",$22.50/250 grams,94.0
9.0,9.0,9.0,Medium-Light,"Antigua Valley, Guatemala",$14.50/250 grams,95.0
9.0,9.0,9.0,Medium-Light,"New Oriente, Guatemala",$19.25/16 ounces,93.0
9.0,8.0,9.0,Medium-Light,"Huila Department, southern Colombia",$14.85/12 ounces,94.0
9.0,8.0,9.0,Medium-Light,"Hambela District, Oromia growing region, southern Ethiopia",$20.00/12 ounces,92.0
9.0,9.0,9.0,Medium,"Boquete growing region, western Panama",$29.99/12 ounces,93.0
9.0,9.0,9.0,Medium,"Chimaltenango Department, Guatemala",$14.95/12 ounces,93.0
8.0,8.0,8.0,Medium-Light,Kenya,$17.99/12 ounces,90.0
8.0,8.0,8.0,Medium-Light,"Nariño Department, southern Colombia",$11.99/12 ounces,90.0
8.0,9.0,9.0,Medium,Kenya,$7.99/13 ounces,92.0
9.0,8.0,9.0,Medium-Light,"Patzun growing region, Guatemala",$12.99/12 ounces,92.0
9.0,9.0,9.0,Medium-Light,"Nyeri growing region, south-central Kenya",$17.99/12 ounces,93.0
9.0,9.0,9.0,Medium-Light,"Yirgacheffe growing region, south-central Ethiopia",$17.50/12 ounces,95.0
9.0,9.0,9.0,Medium-Light,"Ocotal, Nicaragua",$18.50/12 ounces,93.0
9.0,9.0,9.0,Light,"Central Valley, Costa Rica",$18.50/12 ounces,95.0
8.0,8.0,8.0,Medium-Dark,Brazil; Colombia; Indonesia,NT $450/454 grams,90.0
9.0,8.0,9.0,Light,"Valle del Cauca Department, southwestern Colombia",$22.00/16 ounces,93.0
9.0,8.0,9.0,Medium-Light,"Karongi District, western Rwanda",$14.95/12 ounces,92.0
9.0,9.0,9.0,Medium-Light,"Nyeri growing region, central Kenya",$14.75/12 ounces,94.0
9.0,8.0,9.0,Light,"Saraguru growing region, southern Ecuador",$20.00/250 grams,94.0
10.0,9.0,9.0,Medium-Light,"Hambela Wamena District, Guji Zone, Oromia Region, southern Ethiopia",$17.45/12 ounces,96.0
9.0,8.0,9.0,Medium-Light,"Huehuetenango Department, Guatemala",$17.45/12 ounces,92.0
9.0,9.0,9.0,Light,"Guji Zone, Oromia Region, south-central Ethiopia",$19.00/12 ounces,93.0
9.0,9.0,9.0,Medium-Light,"Guji Zone, Oromia Region, Sidamo growing region, south-central Ethiopia",$19.00/12 ounces,94.0
8.0,8.0,8.0,Medium-Light,"Antigua, Guatemala",$18.00/12 ounces,90.0
9.0,8.0,9.0,Light,South-central Kenya,$13.99/12 ounces,93.0
9.0,9.0,9.0,Medium-Light,"Holualoa, North Kona growing district, Hawaii",$32.95/8 ounces,93.0
9.0,9.0,9.0,Medium-Light,"Boquete growing region, western Panama",$53.00/8 ounces,95.0
9.0,8.0,9.0,Medium-Light,"Mantiqueira de Minas growing region, Minas Gerais State, Brazil",$16.50/12 ounces,92.0
9.0,8.0,9.0,Light,"Mantiqueira de Minas growing region, Minas Gerais State, Brazil",NT $280/8 ounces,92.0
9.0,8.0,9.0,Medium-Light,"Carmo de Minas growing region, northeastern Minas Gerais State, Brazil",$16.00/12 ounces,92.0
9.0,8.0,9.0,Medium-Light,"Carmo de Minas growing region, northeastern Minas Gerais State, Brazil",$15.00/12 ounces,92.0
9.0,8.0,9.0,Medium-Light,Colombia; Congo; Ethiopia,$15.49/12 ounces,93.0
9.0,9.0,9.0,Medium-Light,"Pu'Er Yunnan Province, China",RMB $75.00/150 grams,93.0
8.0,9.0,8.0,Medium,"Rwenzururu Kingdom, western Uganda",$11.35/12 ounces,90.0
9.0,9.0,9.0,Medium-Light,"Central Valley, Costa Rica",$20.50/12 ounces,95.0
9.0,8.0,8.0,Medium,Brazil; Ethiopia; Indonesia; Guatemala; Costa Rica,NT $300/200 grams,92.0
9.0,9.0,9.0,Medium-Light,"Southern Tolima Department, west-central Colombia",$14.85/12 ounces,93.0
9.0,9.0,9.0,Medium-Light,"Sidama (also Sidamo) growing region, southern Ethiopia",$16.80/12 ounces,94.0
9.0,9.0,9.0,Medium,"Piedra Candela, Chiriqui Province, far western Panama",$12.50/12 ounces,93.0
9.0,9.0,9.0,Medium-Light,"Lintong growing region, North Sumatra Province, Indonesia",NT $500/227 grams,93.0
9.0,9.0,9.0,Medium-Light,"Gayo (also Aceh) growing region, Aceh Province, northern Sumatra, Indonesia",NT $400/200 grams,93.0
9.0,9.0,9.0,Medium-Light,"Dolok Sanggul, Lintong growing region, northern Sumatra, Indonesia",AUD $15.00/250 grams,93.0
9.0,9.0,9.0,Medium-Light,"Sidikalang, Lintong growing region, northern Sumatra, Indonesia","KRW $10,000/250 grams",93.0
9.0,9.0,9.0,Medium-Light,"Hambela Wamena District, Guji Zone, Oromia Region, southern Ethiopia",$15.00/12 ounces,93.0
9.0,9.0,9.0,Medium-Light,"Nyeri growing region, south-central Kenya",$15.00/12 ounces,94.0
9.0,8.0,9.0,Medium-Light,"Yirgacheffe growing region, southern Ethiopia",$16.00/16 ounces,92.0
9.0,9.0,10.0,Medium-Light,"Yirgacheffe growing region, southern Ethiopia",$19.00/16 ounces,95.0
9.0,9.0,9.0,Light,Brazil; Nicaragua; southern Ethiopia.,$18.00/250 grams,93.0
9.0,9.0,9.0,Medium-Light,"Valle del Cauca growing region, Colombia",$35.00/8 ounces,93.0
9.0,8.0,9.0,Medium-Light,"Santa Maria de Dota valley, Tarrazu growing region, Costa Rica",$15.90/12 ounces,92.0
9.0,8.0,9.0,Medium,"Yirgacheffe growing region, southern Ethiopia",$19.00/12 ounces,93.0
9.0,9.0,9.0,Medium-Light,"Yirgacheffe growing region, south-central Ethiopia",$18.75/12 ounces,95.0
8.0,8.0,9.0,Light,Ethiopia; Kenya,NT $790/16 ounces,91.0
9.0,9.0,9.0,Medium-Light,"Santa Ana growing region, El Salvador",$17.90/12 ounces,93.0
9.0,9.0,9.0,Medium-Light,"Valle del Cauca Department, southwestern Colombia",$16.00/12 ounces,93.0
9.0,9.0,9.0,Medium-Dark,"Valle del Cauca Department, southwest Colombia",NT $1170/227 grams,93.0
8.0,9.0,9.0,Medium-Dark,"Huehuetenango Department, Guatemala",NT $204/227 grams,93.0
9.0,8.0,9.0,Medium,Panama; Brazil; Costa Rica; Ethiopia; Guatemala,NT $1188/227 grams,93.0
9.0,9.0,9.0,Medium-Dark,Panama; Brazil; Indonesia; Costa Rica,NT $1156/227 grams,94.0
8.0,9.0,8.0,Medium-Light,South-central Kenya,$18.25/12 ounces,92.0
9.0,9.0,9.0,Medium-Light,"Apaneca Municipality, Ahuachapán Department, El Salvador",$14.75/12 ounces,93.0
9.0,9.0,9.0,Medium-Light,"Sidama (also Sidamo) growing region, southern Ethiopia",$19.00/12 ounces,93.0
9.0,9.0,9.0,Light,"Alto Quiel, Boquete growing region, western Panama",$22.50/12 ounces,94.0
9.0,9.0,9.0,Medium-Light,"Nyeri growing region, south-central Kenya",$17.99/12 ounces,95.0
8.0,8.0,9.0,Medium-Light,"Chalatenango, El Salvador",$16.75/12 ounces,91.0
9.0,8.0,9.0,Medium-Light,"Volcan growing region, western Panama",$18.00/250 grams,92.0
8.0,8.0,8.0,Medium-Light,"Chimaltenango, Guatemala",$14.75/12 ounces,91.0
9.0,9.0,9.0,Medium-Light,"Valle del Cauca growing region, Colombia",$24.00/12 ounces,94.0
9.0,8.0,9.0,Medium-Light,"West Valley, Costa Rica",$16.95/12 ounces,92.0
9.0,9.0,9.0,Medium-Light,Ethiopia; Sumatra,$14.49/12 ounces,93.0
9.0,9.0,9.0,Medium-Light,"Kiambu County, south-central Kenya",$17.95/12 ounces,94.0
9.0,9.0,9.0,Light,"Volcan growing region, western Panama",$18.00/250 grams,93.0
9.0,9.0,9.0,Light,"Yirgacheffe growing region, southern Ethiopia",$17.00/250 grams,94.0
8.0,8.0,8.0,Medium,Not disclosed,$14.99/12 ounces,91.0
7.0,8.0,8.0,Medium-Dark,Costa Rica,$15.00/12 ounces,88.0
9.0,9.0,10.0,Medium-Light,"Puna District, “Big Island” of Hawaii",$24.00/4 ounces,96.0
9.0,8.0,8.0,Medium,Brazil; Guatemala; Colombia,NT $450/8 ounces,90.0
8.0,8.0,9.0,Light,"Las Capucas, Copan Department, Honduras",$16.75/12 ounces,90.0
,8.0,9.0,Light,South America; Central America,$3.49/12 ounces,91.0
9.0,8.0,9.0,Medium-Light,Brazil,RMB $70.00/450 grams,91.0
9.0,8.0,9.0,Medium,"Brazil; Mandheling, Sumatra",RMB $80.00/454 grams,93.0
9.0,9.0,9.0,Medium,"Brazil; Mandheling, Sumatra; Guatemala; Ethiopia",RMB $100.00/454 grams,94.0
10.0,9.0,10.0,Medium-Light,"Northern Sumatra, Indonesia",$18.60/12 ounces,97.0
9.0,8.0,9.0,Medium,"Odo Shakiso District, Guji Zone, southern Ethiopia",NT $800/16 ounces,93.0
9.0,8.0,9.0,Medium-Light,"Antioquia Department, central Colombia",$13.99/12 ounces,93.0
9.0,9.0,9.0,Medium-Light,"San Adolfo, Acevedo, Huila Department, Colombia",$19.00/12 ounces,94.0
10.0,9.0,10.0,Medium,"Hayma, north-central Yemen",$85.00/8 ounces,97.0
9.0,8.0,9.0,Medium-Light,"Guji Zone, southern Ethiopia",$15.99/12 ounces,93.0
9.0,9.0,9.0,Medium-Light,"Guji Zone, southern Ethiopia",$18.00/12 ounces,94.0
9.0,9.0,9.0,Medium-Light,"Cobán region, Alta Verapaz Department, Guatemala",NT $450/16 ounces,95.0
8.0,8.0,9.0,Medium-Light,"Lake Kivu growing region, Rwanda",$20.00/12 ounces,91.0
9.0,8.0,9.0,Medium-Light,"San Ignacio, northern Peru",$13.25/10 ounces,91.0
8.0,9.0,9.0,Medium-Dark,Not disclosed,$12.00/12 ounces,91.0
9.0,8.0,8.0,Medium,"Central Valley, Costa Rica",$12.00/12 ounces,90.0
9.0,9.0,9.0,Light,"Chiriqui Province, Panama",$29.95/3.4 ounces,93.0
8.0,9.0,9.0,Medium-Light,Kenya,$14.99/12 ounces,93.0
9.0,9.0,9.0,Medium-Light,"Maragua, Muranga County, Kenya",$13.99/12 ounces,93.0
9.0,9.0,9.0,Medium-Light,"Lintong growing region, North Sumatra Province, Sumatra, Indonesia",$14.99/12 ounces,94.0
9.0,9.0,9.0,Medium-Light,"Holualoa, North Kona growing district, “Big Island” of Hawaii",$49.95/8 ounces,94.0
9.0,9.0,9.0,Medium,"Santa Ana Department, El Salvador",$35.00/12 ounces,95.0
9.0,8.0,9.0,Medium-Light,Not disclosed,$15.75/12 ounces,94.0
9.0,9.0,10.0,Medium-Light,"Murang’a Foothills, Aberdare Ridge, Central Province, Kenya",$20.90/12 ounces,96.0
8.0,9.0,9.0,Medium-Light,"Kirambo, Karongi District, Rwanda",$14.00/250 grams,93.0
9.0,9.0,9.0,Medium-Light,"Odo Shakiso District, Guji Zone, southern Ethiopia",NT $550/16 ounces,95.0
8.0,9.0,9.0,Medium-Light,"Kalehe, South Kivu Province, Democratic Republic of the Congo",$16.95/12 ounces,92.0
9.0,9.0,9.0,Medium,"Shakiso growing district, Guji Zone, Oromia Region, southern Ethiopia",$20.00/12 ounces,93.0
9.0,9.0,9.0,Light,"Bungoma region, western Kenya",$18.95/12 ounces,94.0
9.0,9.0,9.0,Medium-Light,"Yirgacheffe growing region, southern Ethiopia",$17.25/12 ounces,94.0
9.0,9.0,9.0,Medium-Light,"Nyeri growing region, south-central Kenya",$18.95/12 ounces,95.0
8.0,8.0,8.0,Medium-Light,"Tarrazu growing region, Costa Rica",$14.99/12 ounces,90.0
9.0,9.0,9.0,Medium-Light,"Antigua growing region, central Guatemala",$16.95/12 ounces,93.0
9.0,9.0,9.0,Medium-Light,"Baringo and Nakura Counties, central Kenya",$15.99/12 ounces,94.0
9.0,9.0,9.0,Medium-Light,"Pitalito, Huila Department, southern Colombia",$12.95/12 ounces,94.0
8.0,8.0,9.0,Medium-Light,"Guji Zone, southern Ethiopia",$15.99/12 ounces,90.0
9.0,9.0,8.0,Medium-Light,"Marcala growing region, La Paz Department, Honduras",$14.00/10 ounces,91.0
9.0,9.0,9.0,Medium-Light,Ethiopia; Colombia,$14.95/12 ounces,94.0
9.0,9.0,9.0,Medium,"Yirgacheffe growing region, southern Ethiopia",$17.00/12 ounces,95.0
9.0,9.0,9.0,Medium-Light,"Caldas Department, Colombia",$17.99/12 ounces,93.0
9.0,9.0,9.0,Medium-Light,"Yirgacheffe growing region, southern Ethiopia",$16.49/12 ounces,94.0
9.0,8.0,9.0,Medium-Light,"Sabanilla de Alajuela growing region, Costa Rica",$14.99/12 ounces,92.0
9.0,8.0,9.0,Medium-Light,"Nyeri growing region, south-central Kenya",$18.00/12 ounces,94.0
8.0,9.0,9.0,Medium-Light,"Yirgacheffe growing region, southern Ethiopia",$12.99/8 ounces,92.0
9.0,9.0,9.0,Medium-Light,"Yirgacheffe growing region, southern Ethiopia",$17.00/12 ounces,93.0
9.0,9.0,9.0,Medium-Light,Ethiopia; Kenya; China,HKD $200/227 grams,95.0
9.0,8.0,9.0,Medium-Light,"Yirgacheffe growing region, southern Ethiopia",HKD $120/227 grams,91.0
8.0,9.0,8.0,Medium-Light,Not disclosed,HKD $128/227 grams,91.0
9.0,8.0,9.0,Medium-Light,Not disclosed,HKD $128/454 grams,92.0
9.0,8.0,9.0,Medium-Light,"Yirgacheffe growing region, southern Ethiopia",$16.95/12 ounces,92.0
9.0,8.0,9.0,Light,"Aleta Wondo, Sidama (also Sidamo) growing region, southern Ethiopia",$16.00/12 ounces,93.0
8.0,8.0,9.0,Light,"Hambela District, Guji Zone, Oromia Region, southern Ethiopia",$19.00/12 ounces,93.0
8.0,8.0,8.0,Medium,Not disclosed,$14.99/12 ounces,90.0
9.0,9.0,10.0,Medium-Light,"Paso Ancho, Volcan, western Panama",AUD $48.00/200 grams,95.0
8.0,9.0,9.0,Medium-Light,"Narino Department, southern Colombia",$16.95/12 ounces,93.0
9.0,9.0,10.0,Medium-Light,"Nyeri growing region, south-central Kenya",$19.95/12 ounces,95.0
9.0,9.0,9.0,Medium-Light,"Holualoa, North Kona growing district, “Big Island” of Hawaii",$44.95/8 ounces,95.0
8.0,8.0,9.0,Medium-Light,"Kiambu County, south-central Kenya",$24.00/12 ounces,91.0
9.0,8.0,8.0,Medium-Light,"Copan, Honduras",NT $500/16 ounces,92.0
9.0,8.0,9.0,Medium-Light,"Kiambu County, south-central Kenya",$25.00/12 ounces,92.0
9.0,8.0,9.0,Medium-Light,"Marcala growing region, La Paz Department, Honduras",NT $500/16 ounces,93.0
9.0,9.0,9.0,Medium-Light,Brazil and four other origins,$14.00/12 ounces,94.0
9.0,9.0,9.0,Medium-Dark,"Yirgacheffe growing region, southern Ethiopia",NT $1300/16 ounces,95.0
8.0,8.0,9.0,Medium-Light,"Central Valley, Costa Rica",$20.50/12 ounces,91.0
9.0,8.0,9.0,Medium-Light,"Yirgacheffe growing region, southern Ethiopia",$19.00/12 ounces,92.0
8.0,9.0,9.0,Medium,"Gikongoro Prefecture, south-central Rwanda",$16.95/12 ounces,93.0
9.0,9.0,9.0,Medium-Light,"Gaitania, Tolima Department, west-central Colombia",$15.75/12 ounces,93.0
9.0,8.0,9.0,Medium-Light,"San Martin Jilotepeque, Chimaltenango Department, central Guatemala",$15.75/12 ounces,94.0
9.0,9.0,9.0,Medium-Light,Panama; Ethiopia,$32.00/8 ounces,93.0
9.0,9.0,9.0,Medium-Light,"Guji Zone, Oromia Region, south-central Ethiopia",$17.95/12 ounces,94.0
9.0,9.0,9.0,Medium,"Holualoa, North Kona growing district, “Big Island” of Hawaii",$44.95/8 ounces,95.0
9.0,8.0,9.0,Medium-Light,"Mandheling growing region, northern Sumatra, Indonesia",$35.00/100 grams,92.0
9.0,9.0,9.0,Medium-Light,"Buhinyuza District, Muhinga Province, Burundi",$17.60/12 ounces,95.0
9.0,8.0,9.0,Medium-Light,"Ethiopia, Indonesia",NT $450/8 ounces,92.0
9.0,9.0,9.0,Medium-Light,Northern Burundi,$15.00/12 ounces,94.0
8.0,9.0,9.0,Medium-Light,"Toraja growing region, south-central Sulawesi, Indonesia",$20.00/12 ounces,91.0
,,,Medium-Light,"Boquete growing region, western Panama",NT $950/8 ounces,94.0
9.0,9.0,9.0,Medium-Light,"Gedeb District, Gedeo Zone, southern Ethiopia",$17.00/12 ounces,93.0
9.0,9.0,9.0,Medium-Light,"Ka'u growing region, Big Island of Hawaii",$28.00/8 ounces,93.0
9.0,9.0,9.0,Medium-Light,"Yirgacheffe growing region, southern Ethiopia",$18.00/12 ounces,93.0
9.0,9.0,9.0,Medium-Light,"Holualoa, North Kona growing district, “Big Island” of Hawaii",$45.95/8 ounces,94.0
8.0,9.0,9.0,Medium-Light,"Minas Gerais State, southeastern Brazil",$15.50/12 ounces,92.0
9.0,9.0,9.0,Medium-Light,"Carmo de Minas growing region, northeastern Minas Gerais State, Brazil",NT $450/16 ounces,93.0
9.0,8.0,9.0,Medium-Light,"Sul de Minas growing region, Minas Gerais State, Brazil",$18.00/12 ounces,93.0
9.0,7.0,8.0,Medium-Light,"Sul de Minas growing region, Minas Gerais State, Brazil",NT $420/227 grams,90.0
9.0,9.0,9.0,Medium-Light,"Tarime District, Mara Region, Tanzania",$19.20/12 ounces,95.0
9.0,8.0,9.0,Medium-Light,"Kayanza Province, Burundi",NT $750/16 ounces,92.0
9.0,9.0,9.0,Medium-Light,"Kayanza Province, Burundi",NT $650/225 grams,92.0
9.0,8.0,9.0,Medium-Light,"Northern Province, Burundi",$19.50/12 ounces online; $12.99/ounces in stores,92.0
,8.0,8.0,,Guatemala,$84.00/24 12-ounces bottles,90.0
,8.0,9.0,,Not disclosed,$36.00/12 9.5-ounce cans,91.0
,9.0,9.0,,Mexico; Peru,$4.50/12-ounce bottle,93.0
,8.0,9.0,,Not disclosed,$4.00/10-ounce bottle,92.0
9.0,8.0,9.0,Medium,"Nyeri growing region, south-central Kenya",NT 400/227 grams,92.0
9.0,8.0,9.0,Medium-Light,"El Boquerón growing region, El Salvador",$20.00/250 grams,93.0
8.0,8.0,9.0,Medium-Light,"Tarrazu growing region, Costa Rica",$20.50/12 ounces,91.0
9.0,8.0,9.0,Medium-Light,"Murang'a County, central Kenya",$21.00/12 ounces,93.0
9.0,8.0,9.0,Medium-Light,"Tarrazu growing region, Costa Rica",$18.00/12 ounces,92.0
9.0,8.0,9.0,Medium-Light,"Valle del Cauca growing region, Colombia",$23.50/12 ounces,93.0
9.0,8.0,8.0,Medium-Light,"Nariño Department, Colombia",$20.00/12 ounces,91.0
8.0,8.0,9.0,Medium-Light,"Huehuetenango growing region, Guatemala",$20.00/12 ounces,92.0
7.0,7.0,7.0,,Not disclosed,$16.98/45 grams (approx. 9 servings),83.0
7.0,7.0,7.0,Light,"San Ignacio, northern Peru",$22.00/eight 5-gram tubes,84.0
8.0,7.0,7.0,Light,"Yirgacheffe growing region, southern Ethiopia",$15.00/six 5-gram single-serve packets,86.0
7.0,7.0,8.0,Light,"Oromia Region, southern Ethiopia",$19.00/six 5-gram packets,86.0
9.0,9.0,10.0,Medium-Light,"Horqueta, Chiriquí, Boquete, Panama",$13.34/4 ounces,96.0
9.0,9.0,9.0,Light,"Sabanilla de Alajuela, Central Valley, Costa Rica",$19.95/12 ounces,93.0
9.0,9.0,9.0,Medium-Light,"Tarime District, Mara Region, Tanzania",$14.75/12 ounces,95.0
8.0,8.0,9.0,Medium-Light,"Planadas, Tolima Department, Colombia",$15.75/12 ounces,91.0
9.0,9.0,9.0,Light,"Gedeo Zone, Kochere, Ethiopia",NT $290/8 ounces,95.0
9.0,9.0,10.0,Medium-Light,"Thika growing region, central Kenya",NT $375/8 ounces,96.0
9.0,8.0,9.0,Medium-Dark,"Oromia region, southwest Ethiopia",NT $2000/16 ounces,93.0
9.0,9.0,9.0,Medium,Guatemala; Indonesia,NT $450/200 grams,93.0
,,,Medium-Light,"Huehuetenango growing region, Guatemala",$17.50/12 ounces,92.0
9.0,8.0,9.0,Medium-Light,"Antioquia, Colombia",$18.50/12 ounces,92.0
8.0,8.0,9.0,Medium-Light,"Narino Department, southern Colombia",$15.45/12 ounces,91.0
9.0,8.0,9.0,Medium-Light,"Llano Bonito, Naranjo, Costa Rica",$22.00/12 ounces,92.0
8.0,8.0,9.0,Light,"Boquete growing region, western Panama",$37.00/120 grams,90.0
9.0,8.0,9.0,Medium-Light,"Apaneca, Ahuachapán Department, El Salvador",$19.50/12 ounces,92.0
8.0,9.0,9.0,Light,"Matagalpa growing region, Nicaragua",$25.00/8 ounces,93.0
9.0,9.0,9.0,Medium-Light,El Salvador,$19.99/12 ounces,93.0
9.0,9.0,10.0,Medium,"Holualoa, North Kona growing district, “Big Island” of Hawaii",$44.95/8 ounces,96.0
9.0,8.0,9.0,Medium,"Poás Volcano region, central Costa Rica",$21.50/12 ounces,92.0
9.0,9.0,9.0,Medium-Light,"Jimma Zone, Oromia State, Ethiopia",#23.00/12 ounces,93.0
8.0,9.0,9.0,Medium-Light,"Santa Ana region, El Salvador",$19.50/12 ounces,93.0
9.0,9.0,10.0,Medium-Light,"Boquete growing region, western Panama",$30.00/250 grams,96.0
9.0,8.0,9.0,Medium-Light,"Guji Zone, Oromia Region, southern Ethiopia",$23.00/12 ounces,92.0
9.0,8.0,9.0,Medium-Light,"Chalatenango, El Salvador",$25.00/12 ounces,92.0
9.0,8.0,9.0,Medium-Light,Ethiopia; Kenya,$17.50/12 ounces,93.0
9.0,9.0,9.0,Medium-Light,"Huila, Colombia",$12.95/6 ounces,94.0
9.0,9.0,9.0,Medium-Light,"Tolima Department, Colombia",$15.00/8 ounces,94.0
10.0,10.0,10.0,Medium-Light,"Chiriqui Province, far western Panama",$60.00/8 ounces,97.0
9.0,8.0,9.0,Medium-Light,"Yirgacheffe growing region, south-central Ethiopia",$17.95/12 ounces,93.0
9.0,9.0,9.0,Medium-Light,"Arusha Region, northern Tanzania",$16.00/12 ounces,95.0
9.0,9.0,9.0,Medium-Light,"Guji Zone, Oromia Region, southern Ethiopia",$19.99/16 ounces,94.0
9.0,9.0,9.0,Medium,South-central Kenya,$18.00/12 ounces,94.0
9.0,8.0,9.0,Medium-Light,"Santa Maria, Colombia",,92.0
10.0,9.0,10.0,Medium-Light,"Nyeri growing region, south-central Kenya",$18.00/12 ounces,97.0
9.0,9.0,9.0,Light,"Yirgacheffe growing region, southern Ethiopia",NT $250/225 grams,94.0
9.0,8.0,9.0,Medium-Light,Coastal southern California,$100/200 grams,92.0
9.0,9.0,9.0,Medium-Light,"Guji Zone, Oromia Region, southern Ethiopia",$12.00/8 ounces,94.0
8.0,8.0,9.0,Medium-Light,"Utcubamba Province, Amazonas Region, north-central Peru",$15.00/12 ounces,91.0
9.0,8.0,9.0,Medium-Light,"Loja Province, southern Ecuador",$28.99/16 ounces,92.0
9.0,8.0,9.0,Medium-Light,"San Ignacio Province, Cajamarca Region, northern Peru",$18.00/12 ounces,92.0
8.0,8.0,8.0,Medium,Ethiopia,$28.00/500 grams,91.0
9.0,8.0,9.0,Medium-Light,"Gayo (also Aceh) growing region, Aceh Province, northern Sumatra, Indonesia",$19.95/12 ounces,93.0
9.0,9.0,9.0,Light,"Simalungun Regency, North Sumatra Province, Sumatra, Indonesia",$20.99/12 ounces,93.0
9.0,8.0,9.0,Medium,"Gayo (also Aceh) growing region, Aceh Province, northern Sumatra, Indonesia",$19.00/8 ounces,93.0
9.0,9.0,9.0,Medium-Light,"Lintong growing region, North Sumatra Province, Indonesia",CAD $18.00/340 grams,94.0
9.0,9.0,9.0,Medium,"Bani Matar growing region, Yemen",$28.00/8 ounces,93.0
9.0,9.0,9.0,Medium-Light,"Guji Zone, Oromia Region, southern Ethiopia",NTD $600/225 grams,94.0
9.0,9.0,10.0,Medium,"Tolima Department, Colombia",NTD $1200/225 grams,94.0
9.0,9.0,8.0,Medium-Light,"Narino Department, southern Colombia",$16.00/12 ounces,91.0
9.0,8.0,8.0,Medium-Light,"Huila Department, southern Colombia",$15.90/12 ounces,91.0
9.0,8.0,9.0,Medium-Light,"Narino Department, southern Colombia",$19.00/12 ounces,92.0
9.0,9.0,10.0,Medium-Light,"Cundinamarca Department, central Colombia",$60.00/8 ounces,96.0
9.0,9.0,10.0,Medium-Light,"Chiriqui Province, far western Panama",$49.50/4 ounces,94.0
9.0,8.0,9.0,Medium,Colombia,$18.95/12 ounces,94.0
9.0,9.0,9.0,Medium,Congo; Ethiopia,$16.95/12 ounces,94.0
9.0,9.0,9.0,Medium,Ethiopia; Guatemala; Papua New Guinea; Sumatra,$17.25/12 ounces,94.0
8.0,8.0,8.0,Medium,Ethiopia; Colombia; Dominican Republic; Brazil; Cuba; Yemen,9.9 Euros/225 grams,90.0
10.0,9.0,10.0,Medium-Light,"Kiambu growing region, south-central Kenya",$21.20/12 ounces,97.0
9.0,8.0,9.0,Medium-Light,"Eastern Highlands,Papua New Guinea",$15.00/12 ounces,92.0
9.0,8.0,9.0,Medium-Light,Zambia; Colombia,$15.50/12 ounces,93.0
9.0,9.0,9.0,Medium-Light,"Nyeri growing region, south-central Kenya",$13.34/4 ounces,94.0
9.0,9.0,9.0,Medium-Light,"Bench-Maji Zone, southern Ethiopia",$25.75/4 ounces,94.0
9.0,9.0,9.0,Medium-Light,"Chimaltenango Department, Guatemala",$19.00/12 ounces,92.0
9.0,8.0,9.0,Medium,"Thika growing region, central Kenya",$23.00/12 ounces,92.0
8.0,9.0,9.0,Medium,"Huehuetenango, Guatemala",$19.00/12 ounces,93.0
9.0,9.0,9.0,Light,"Gedeb District, Gedeo Zone, southern Ethiopia",NT $350/8 ounces,94.0
9.0,8.0,9.0,Medium-Light,Costa Rica,$39.95/4 ounces,92.0
9.0,8.0,9.0,Medium-Light,"Murang'a County, central Kenya",$18.70/12 ounces,93.0
8.0,9.0,9.0,Medium-Light,"Murang'a County, central Kenya",$18.70/12 ounces,93.0
9.0,9.0,10.0,Medium-Light,"La Mesa, Cundinamarca, Colombia",$54.95/6 ounces,96.0
9.0,9.0,10.0,Medium,"Valle de Cauca, Colombia",$60.00/8 ounces,96.0
9.0,9.0,10.0,Medium-Light,"Boquete growing region, western Panama",See website for more information,97.0
9.0,9.0,9.0,Medium-Light,"Jimma Zone, Oromia State, Ethiopia",$16.25/10 ounces,94.0
9.0,8.0,9.0,Medium-Light,"Guji Zone, southern Ethiopia",$16.00/12 ounces,92.0
9.0,8.0,9.0,Medium-Light,"Matagalpa growing region, Nicaragua",$18.00/12 ounces,92.0
8.0,8.0,9.0,Medium-Light,"Santa Ana region, El Salvador",$20.00/12 ounces,91.0
9.0,9.0,10.0,Medium-Light,"Boquete growing region, western Panama",AUD $18.00/18 grams,96.0
9.0,8.0,9.0,Medium-Light,"Tarrazu, Costa Rica",$20.00/12 ounces,93.0
10.0,9.0,10.0,Medium-Light,"Volcan, Panama",$60.00/8 ounces,96.0
8.0,8.0,9.0,Medium-Light,"Oromia, southern Ethiopia",NT $680/225 grams,91.0
9.0,8.0,9.0,Medium,Indonesia; El Salvador,NT $700/16 ounces,93.0
10.0,9.0,10.0,Medium,"Al Hayma growing region, Al Kharijiyah District, Sana’a Governorate, Yemen",$60.00/100 grams,97.0
10.0,9.0,10.0,Medium-Light,"Boquete growing region, western Panama",$100/18 grams,97.0
9.0,9.0,9.0,Medium-Light,"Yirgacheffe, southern Ethiopia",$20.99/12 ounces,95.0
9.0,9.0,9.0,Medium-Light,"Kochere, Yirgacheffe growing region, south-central Ethiopia",NT $300/8 ounces,94.0
8.0,7.0,8.0,Dark,Sumatra; Panama; Kenya,$18.00/16 ounces,86.0
8.0,8.0,9.0,Medium-Light,Nicaragua; Ethiopia,$15.25/8 ounces,91.0
9.0,8.0,9.0,Medium-Light,Kenya; Ethiopia; Brazil,$16.00/12 ounces,92.0
9.0,8.0,9.0,Medium,Ethiopia; Kenya; Costa Rica,CAD $18.00/300 grams,92.0
7.0,7.0,7.0,Medium-Dark,Brazil; Ethiopia,$12.00/500 grams,85.0
7.0,6.0,7.0,Medium-Dark,Brazil; Guatemala,$12.00/500 grams,83.0
8.0,8.0,9.0,Medium,"Apaneca, El Salvador","NT $1,000/100 grams",90.0
8.0,8.0,9.0,Medium,"Kiambu growing region, south-central Kenya",NT $600/225 grams,91.0
9.0,9.0,9.0,Medium-Light,"Gedeb District, Gedeo Zone, Ethiopia",$17.90/12 ounces,94.0
9.0,9.0,9.0,Medium-Light,"Apaneca-Ilamatepec Mountain Range, El Salvador",$22.99/12 ounces,94.0
9.0,8.0,9.0,Medium-Light,"Huehuetenango, Guatemala",$19.00/12 ounces,93.0
8.0,8.0,8.0,Medium,Peru; Colombia; Guatemala; Ecuador; Ethiopia; Brazil,NT $320/227 grams,90.0
9.0,8.0,9.0,Medium-Light,Ethiopia,$17.99/12 ounces,92.0
9.0,8.0,9.0,Medium-Light,"Yirgacheffe growing region, south-central Ethiopia",$14.99/12 ounces,93.0
9.0,9.0,9.0,Medium,Costa Rica,NT $200/8 ounces,95.0
9.0,9.0,9.0,Medium-Light,"Nyeri growing region, south-central Kenya",NT $325/8 ounces,95.0
8.0,8.0,8.0,Medium,"Junin, Peru",$15.00/12 ounces,90.0
9.0,8.0,9.0,Medium-Light,"Kona growing region, Big Island of Hawai’i",$19.95/12 ounces,92.0
9.0,9.0,9.0,Medium-Light,"Hambela Wamena District, Guji Zone, Ethiopia",$20.99/12 ounces,95.0
8.0,8.0,8.0,Medium-Light,"Kona, Hawaii",$34.95/7 ounces,90.0
9.0,8.0,9.0,Light,"Kayanza Province, northern Burundi",$21.00/12 ounces (includes shipping),92.0
9.0,8.0,9.0,Medium-Light,"Ka’u growing region, Big Island of Hawai’i",$24.95/4 ounces,93.0
9.0,8.0,9.0,Medium-Light,"Murutra, Kayanza Province, Burundi",$18.20/12 ounces,92.0
9.0,9.0,9.0,Medium-Light,"Musasa, Rwanda",$16.25/12 ounces,93.0
9.0,8.0,9.0,Medium-Light,"Huila Department, Colombia",$19.95/6 ounces,93.0
9.0,8.0,9.0,Medium-Light,"Ka’u, Big Island of Hawai’i",$33.00/12 ounces,92.0
9.0,9.0,9.0,Medium-Light,"Yirgacheffe growing region, south-central Ethiopia",NT $300/8 ounces,93.0
9.0,9.0,9.0,Medium-Light,"Boneza, Rwanda",$16.00/12 ounces,93.0
9.0,9.0,9.0,Medium-Light,"Valle de Cauca, Colombia",$19.95/12 ounces,93.0
9.0,9.0,9.0,Medium-Light,"South Kivu, Democratic Republic of the Congo",$20.00/12 ounces,93.0
9.0,9.0,9.0,Medium-Light,"Bench-Maji Zone, southern Ethiopia",$30.00/8 ounces,94.0
9.0,9.0,9.0,Medium,"Yirgacheffe growing region, southern Ethiopia",$18.00/12 ounces,93.0
9.0,9.0,9.0,Medium-Light,"Caranavi, Bolivia",$20.00/12 ounces,93.0
9.0,8.0,9.0,Medium,"Captain Cook, North Kona growing district, “Big Island” of Hawaii",$33.00/8 ounces,92.0
9.0,9.0,9.0,Medium-Light,"North Kona growing district, “Big Island” of Hawaii",$33.00/8 ounces,93.0
9.0,9.0,9.0,Medium-Light,"Agaro Gera, Jimma Zone, Oromia State, Ethiopia",$18.75/12 ounces,93.0
9.0,8.0,9.0,,"Boquete growing region, western Panama",£50.00/10 capsules,94.0
9.0,9.0,9.0,Medium-Light,"Antigua growing region, Guatemala",$17.00/12 ounces,93.0
9.0,9.0,9.0,Medium-Light,"Inza, Cauca Department, Colombia",$18.00/12 ounces,95.0
9.0,9.0,9.0,Medium-Light,"Agaro Gera, Jimma Zone, Oromia State, Ethiopia",$18.75/12 ounces,96.0
9.0,9.0,10.0,Medium-Light,"North Kona growing district, “Big Island” of Hawaii",$38.00/8 ounces,95.0
9.0,9.0,9.0,Medium-Light,"Sidamo (also Sidama) growing region, south-central Ethiopia",$25.00/12 ounces,94.0
9.0,9.0,9.0,Light,"Valle del Cauca growing region, Colombia",$30.00/6 ounces,94.0
8.0,8.0,8.0,Medium,Brazil; Guatemala; Ethiopia; Indonesia,NT $300/220 grams,90.0
8.0,9.0,9.0,Medium,"Ahuachapan, El Salvador",$17.95/12 ounces,92.0
9.0,8.0,9.0,Medium-Light,"Agaro Gera, Jimma Zone, Oromia State, Ethiopia",$18.25/12 ounces,93.0
9.0,9.0,9.0,Medium-Light,Central Rwanda,$16.95/12 ounces,93.0
9.0,9.0,9.0,Medium-Light,Ethiopia; Democratic Republic of the Congo,$20.00/12 ounces,94.0
9.0,9.0,9.0,Medium-Light,"Guji Zone, Oromia Region, Southern Ethiopia",$18.00/12 ounces,93.0
8.0,8.0,8.0,Medium-Light,"Agaro Gera, Jimma Zone, Oromia Region, Ethiopia",$20.00/12 ounces,90.0
9.0,8.0,9.0,Medium-Light,"Tlaltetela, Veracruz, Mexico",$17.00/150 grams,93.0
9.0,8.0,9.0,Medium-Light,"Odo Shakiso District, Guji Zone, Oromia Region, southern Ethiopia",$18.00/12 ounces,93.0
9.0,8.0,9.0,Light,"Huila, Colombia",$23.00/6 ounces,92.0
9.0,9.0,9.0,Medium-Light,"Sumatra, Indonesia",$18.00/12 ounces,93.0
8.0,8.0,9.0,Medium-Light,"Thiotte, Haiti",$15.00/8 ounces,90.0
8.0,8.0,9.0,Medium,"Bungoma region, western Kenya",$19.00/12 ounces,92.0
9.0,9.0,9.0,Light,"Yirgacheffe growing region, southern Ethiopia",$20.00/12 ounces,94.0
9.0,9.0,9.0,Medium-Light,"Guji Zone, Oromia Region, southern Ethiopia",NT $290/8 ounces,94.0
9.0,9.0,10.0,Medium-Light,"Nyeri growing region, south-central Kenya",NT $400/8 ounces,96.0
8.0,8.0,9.0,Medium-Light,"Yirgacheffe growing region, south-central Ethiopia",$16.00/12 ounces,91.0
9.0,9.0,9.0,Medium-Light,"Kirinyaga, Kenya",$21.00/12 ounces,95.0
9.0,9.0,9.0,Medium-Light,"Tolima, Colombia",$24.99/10 ounces,94.0
9.0,9.0,9.0,Medium-Light,"Nyeri growing region, south-central Kenya",$24.00/12 ounces,94.0
9.0,9.0,9.0,Medium-Light,"Yirgacheffe growing region, south-central Ethiopia",$22.00/12 ounces,94.0
9.0,8.0,9.0,Medium-Light,"Huehuetenango Department, Guatemala",$21.00/12 ounces,93.0
9.0,8.0,9.0,Medium-Light,"Tecapa Chinameca growing region, El Salvador",$18.00/12 ounces,93.0
9.0,8.0,9.0,Light,"Alotepec-Metapan region, El Salvador",$22.99/12 ounces,92.0
9.0,8.0,9.0,Light,"Chaguites, Honduras",$25.00/6 ounces,92.0
9.0,9.0,9.0,Medium-Light,"Ka’u growing region, Big island of Hawai’i",$15.00/4 ounces,94.0
9.0,8.0,9.0,Medium-Light,"Nueva Segovia, Nicaragua",$12.95/6 ounces,92.0
9.0,8.0,9.0,Medium-Light,"Buenos Aires, Comayagua, Honduras",$19.00/12 ounces,92.0
9.0,9.0,9.0,Light,"Boquete, Panama",NT $2500/100 grams,94.0
9.0,9.0,9.0,Medium-Light,"Nyeri growing region, south-central Kenya",$12.00/8 ounces,94.0
9.0,9.0,9.0,Medium-Light,"Kirinyaga District, south-central Kenya",$23.00/12 ounces,94.0
9.0,9.0,9.0,Medium-Light,"Kirinyaga District, south-central Kenya",NT $500/200 grams,94.0
9.0,9.0,9.0,Medium-Light,"Kirinyaga District, south-central Kenya",CAD $22.00/225 grams,94.0
9.0,9.0,9.0,Medium-Light,"Cundinamarca, Colombia",US $20.00/12 ounces,94.0
9.0,9.0,9.0,Medium-Light,"Puna growing region, Big Island of Hawai’i",$19.95/4 ounces,94.0
9.0,9.0,9.0,Light,"Suchitan, Guatemala",$19.95/4 ounces,95.0
9.0,8.0,9.0,Medium,"Fraijanes growing region, Guatemala",$13.00/10 ounces,91.0
9.0,9.0,9.0,Medium-Light,"Cobán growing region, Alta Verapaz, Guatemala",$13.00/12 ounces,94.0
9.0,9.0,9.0,Medium-Light,"Sidamo (also Sidama) growing region, south-central Ethiopia",$25.00/12 ounces,93.0
9.0,9.0,9.0,Medium-Light,"Sidamo (also Sidama) growing region, south-central Ethiopia",$25.00/12 ounces,94.0
8.0,8.0,9.0,Medium,"Djimma, Ethiopia",$10.00/12 ounces,91.0
9.0,9.0,9.0,Medium-Light,"Holualoa, North Kona growing district, “Big Island” of Hawai’i",$39.95/8 ounces,94.0
10.0,9.0,10.0,Medium-Light,"Holualoa, North Kona growing district, “Big Island” of Hawai’i",$74.95/8 ounces,96.0
10.0,9.0,10.0,Medium-Light,"Sidamo (also Sidama) growing region, south-central Ethiopia",$35.00/8 ounces,97.0
9.0,9.0,9.0,Medium-Light,Kenya,NT $330/200 grams,94.0
9.0,9.0,9.0,Medium-Light,"Yirgacheffe growing region, southern Ethiopia",$19.95/12 ounces,95.0
9.0,9.0,10.0,Medium-Light,"Boquete growing region, western Panama",NT $1200/4 ounces,96.0
9.0,9.0,9.0,Medium-Light,"North Kona growing district, “Big Island” of Hawai’i",$75.00/16 ounces,93.0
9.0,9.0,9.0,Medium,"North Kona growing district, “Big Island” of Hawai’i",$65.00/16 ounces,93.0
8.0,8.0,9.0,Medium-Light,"Sidamo (also Sidama) growing region, south-central Ethiopia",$21.00/12 ounces,91.0
9.0,8.0,9.0,Medium-Light,"Tolima Department, Colombia",$15.00/12 ounces,92.0
8.0,8.0,9.0,Medium,Brazil; Ethiopia; Costa Rica,$16.50/12 ounces,92.0
9.0,9.0,9.0,Medium-Light,"Villa Rica, Oxampampa, Pasco Department, Peru",$15.00/12 ounces,92.0
9.0,8.0,9.0,Medium-Light,"Ka’u growing region, Big Island of Hawai’i",$19.95/4 ounces,93.0
9.0,9.0,9.0,Medium-Light,"Cajamarca, Peru",$22.00/12 ounces,93.0
9.0,9.0,9.0,Light,"Guji Zone, southern Ethiopia",$24.95/12 ounces,94.0
9.0,9.0,9.0,Medium-Light,"Sidamo (also Sidama) growing region, south-central Ethiopia",$23.00/12 ounces,95.0
9.0,9.0,9.0,Medium-Light,"Yirgacheffe growing region, southern Ethiopia",$18.95/12 ounces,94.0
7.0,7.0,8.0,Medium-Dark,"Central Plateau, Blue Pine Forest, Haiti",$21.00/12 ounces,86.0
9.0,8.0,9.0,Light,"San Cristobal Acasaguastlán, El Progreso Department, Guatemala","NT $1,000/200 grams",93.0
8.0,8.0,8.0,Medium,"Central Plateau, Blue Pine Forest, Haiti",$20.00/12 ounces,88.0
9.0,9.0,9.0,Medium-Light,"Northern Province, Rulindo District, Rwanda",$20.00/12 ounces,94.0
9.0,8.0,9.0,Medium-Light,"Nyeri growing region, south-central Kenya",$28.00/12 ounces,93.0
9.0,9.0,9.0,Medium-Light,"Guji Zone, Oromia Region, southern Ethiopia",NT $310/8 ounces,95.0
9.0,9.0,9.0,Medium-Light,"Ka’u growing region, Big Island of Hawai'i",$33.00/10 ounces,94.0
9.0,8.0,9.0,Light,"Chinas, San Agustín, Huila, Colombia",$18.65/8 ounces,93.0
9.0,9.0,9.0,Medium-Light,"Cauca, Colombia",NT $600/230 grams,93.0
9.0,9.0,9.0,Medium-Light,"Huila, Colombia",$18.95/16 ounces,93.0
9.0,9.0,9.0,Light,"Tolima Department, Colombia",NT $620/8 ounces,94.0
9.0,9.0,9.0,Medium,"Puno, Sandia Valley, Peru",$19.00/12 ounces,93.0
9.0,9.0,9.0,Medium-Light,"Oromia growing region, southern Ethiopia",$19.00/12 ounces,94.0
9.0,9.0,9.0,Medium-Light,"Guji Zone, Oromia Region, south-central Ethiopia",$19.00/12 ounces,94.0
9.0,9.0,9.0,Medium-Light,South-central Kenya,$22.50/12 ounces,95.0
9.0,8.0,9.0,Medium-Light,Haiti; Ethiopia,$18.00/12 ounces,92.0
9.0,8.0,9.0,Medium-Light,"Sidama (also Sidamo) growing region, southern Ethiopia",$20.50/12 ounces,92.0
9.0,8.0,9.0,Medium-Light,Papua New Guinea; Colombia,$15.00/12 ounces,92.0
9.0,8.0,9.0,Medium-Light,"La Fundadora, Jinotega, Nicaragua",$18.00/12 ounces,92.0
9.0,8.0,9.0,Medium-Light,"Yirgacheffe growing region, southern Ethiopia",$12.99/10 ounces,92.0
9.0,9.0,9.0,Medium-Light,"Cusco, Peru",$27.00/8 ounces,94.0
8.0,8.0,9.0,Medium-Light,"Guji Zone, Oromia region, southern Ethiopia",NT $400/227 grams,91.0
9.0,9.0,9.0,Light,"South Kivu Province, Democratic Republic of the Congo",$21.00/12 ounces,93.0
9.0,8.0,9.0,Medium-Light,"Cauca Department, Colombia",$14.20/12.64 ounces,92.0
8.0,8.0,9.0,Medium-Light,"Cauca Department, Colombia",$14.20/12.64 ounces,92.0
9.0,9.0,9.0,Medium-Light,"Central Valley, Costa Rica",NT $270/8 ounces,94.0
9.0,9.0,9.0,Light,"Yirgacheffe growing region, southern Ethiopia",$16.00/230 grams,94.0
8.0,8.0,9.0,Medium-Light,"Sipi Falls, Bugisu Region, Uganda",$20.00/12 ounces,91.0
9.0,9.0,9.0,Medium-Light,"Ka'u District, Big Island of Hawai’i",$47.00/12 ounces,93.0
9.0,8.0,9.0,Medium-Light,"El Soccoro, Honduras",$16.00/12 ounces,93.0
9.0,9.0,9.0,Medium-Light,"Marcala, La Paz Department, Honduras",$18.00/12 ounces,93.0
9.0,8.0,9.0,Medium-Light,"Kiambu growing region, south-central Kenya",$18.50/16 ounces,93.0
9.0,9.0,9.0,Medium-Light,"El Guarco, Cartago Province, Costa Rica",$29.95/12 ounces,93.0
8.0,8.0,8.0,Medium,"Renacimiento District, Chiriquí Province, Panama",$12.99/11 ounces,88.0
9.0,8.0,9.0,Light,"Sidama (also Sidamo) growing region, southern Ethiopia",NT $450/227 grams,92.0
8.0,9.0,9.0,Medium-Light,Ethiopia; Nicaragua; Guatemala,NT $450/8 ounces,93.0
9.0,8.0,9.0,Light,"Oromia growing region, southern Ethiopia",NT $600/225 grams,93.0
9.0,9.0,9.0,Medium-Light,"Yirgacheffe growing region, southern Ethiopia",NT $400/8 ounces,93.0
9.0,8.0,9.0,Medium-Light,"Tolima, Colombia",$20.00/12 ounces,93.0
9.0,8.0,9.0,Medium-Light,Colombia; Guatemala,NT $400/227 grams,93.0
9.0,9.0,9.0,Medium-Light,"Yirgachefffe growing region, southern Ethiopia",NT $450/227 grams,94.0
9.0,8.0,9.0,Medium-Light,"Cauca Department, Colombia",$30.00/12 ounces,93.0
9.0,9.0,9.0,Medium-Light,"Pasto, Nariño Department, Colombia",$20.00/12 ounces,93.0
9.0,9.0,9.0,Light,"Veracruz, Mexico",NT $450/225 grams,93.0
8.0,9.0,8.0,Medium,Peru; Ethiopia,$19.50/12 ounces,92.0
9.0,9.0,9.0,Medium-Light,"Urrao, Antioquia Department, Colombia",$18.00/8 ounces,94.0
8.0,8.0,9.0,Medium-Light,"Risaralda, Colombia",$24.75/12 ounces,90.0
9.0,9.0,9.0,Light,"Guji Zone, Oromia Region, Ethiopia",NT $325/8 ounces,95.0
9.0,9.0,9.0,Medium-Light,"Alishan, Chia-Yi, Taiwan",NT $700/4 ounces,95.0
9.0,9.0,9.0,Medium-Light,"Uraga District, Guji Zone, Ethiopia",$20.49/12 ounces,95.0
9.0,9.0,10.0,Medium-Light,"Sidama Zone, Oromia Region, Ethiopia",NT $290/8 ounces,96.0
9.0,9.0,9.0,Medium,El Salvador; Guatemala,$15.95/12 ounces,93.0
9.0,8.0,9.0,Medium,Colombia; El Salvador; Ethiopia,$16.95/12 ounces,93.0
9.0,9.0,9.0,Medium-Light,"San Isidro, Acevedo, Huila, Colombia",$20.00/12 ounces,94.0
9.0,9.0,9.0,Medium-Light,"Aceh Province, Sumatra, Indonesia",$17.90/12 ounces,94.0
9.0,8.0,9.0,,Colombia; Guatemala,$25.00/six 12-ounce cans,92.0
8.0,8.0,9.0,,Guatemala; Ethiopia,$4.25/12-ounce bottle,93.0
9.0,8.0,9.0,,Ethiopia; Brazil,$14.00/four 8-ounce cans,93.0
9.0,8.0,9.0,,Kenya,$4.00/12-ounce bottle,93.0
9.0,9.0,9.0,Medium-Light,"Aratoca, Santander Department, Colombia",$18.00/12 ounces,95.0
9.0,9.0,9.0,Medium-Light,"Guji Zone, Oromia Region, Hambela Woreda, Ethiopia",NT $350/227 grams,94.0
9.0,9.0,9.0,Light,"Kabiufa, Eastern Highlands, Papua New Guinea",$16.00/12 ounces,94.0
9.0,9.0,9.0,Medium-Light,Brazil; Papua New Guinea; Indonesia,HKD $118/200 grams,93.0
9.0,8.0,9.0,Medium-Light,"Jaramillo, Boquete growing region, Panama",$40.00/8 ounces,92.0
9.0,9.0,9.0,Light,"Ngorongoro, Tanzania",$74.95/4 ounces,95.0
9.0,9.0,9.0,Medium-Light,Colombia,$24.99/12 ounces,93.0
8.0,9.0,8.0,Medium,Brazil; Ethiopia; Colombia,$16.50/12 ounces,92.0
9.0,9.0,9.0,Medium-Light,"Nyeri growing region, Kenya",$22.00/12 ounces,93.0
9.0,9.0,9.0,Light,"Sa’dah Governorate, Yemen",$39.95/12 ounces,93.0
9.0,9.0,9.0,Medium-Light,"Antigua growing region, Guatemala",$20.50/12 ounces,93.0
9.0,8.0,9.0,Medium-Light,"Yirgacheffe growing region, southern Ethiopia",$20.50/12 ounces,93.0
9.0,9.0,9.0,Medium-Light,"Ahuachapan, El Salvador",$17.95/12 ounces,93.0
9.0,9.0,9.0,Medium-Light,"Gichugu Division, Kirinyaga County, central Kenya",$24.00/12 ounces,95.0
9.0,8.0,9.0,Medium,Peru,$20.00/12 ounces,92.0
9.0,9.0,9.0,Medium-Light,"Santa Elena Province, Ecuador",$18.95/12 ounces,93.0
9.0,8.0,9.0,Medium-Light,"El Progresso, Sierra de las Minas, eastern Guatemala",NT $1200/225 grams,93.0
9.0,9.0,9.0,Medium-Light,"La Libertad, Huehuetenango Department, Guatemala",$19.00/6 ounces,93.0
9.0,9.0,9.0,Medium-Light,"San Juan La Laguna, Lake Atitlan, Guatemala",$21.00/12 ounces,94.0
9.0,9.0,9.0,Medium-Light,"San Cristobal Acasaguastlán, El Progreso, Sierra de las Minas, Guatemala",NT $600/100 grams,96.0
9.0,9.0,9.0,Medium-Light,"Calzontes Arriba, Santa Ana Department, El Salvador",$20.50/12 ounces,94.0
9.0,9.0,9.0,Medium-Light,"Nyeri County, Kenya",$23.50/12 ounces,94.0
9.0,9.0,9.0,Medium-Light,"Boquete growing region, western Panama",$80.00/12 ounces,95.0
9.0,8.0,9.0,Medium-Light,"Murang'a County, central Kenya",$24.00/12 ounces,92.0
9.0,8.0,8.0,Medium,"Holualoa, North Kona, Big Island of Hawai’i",$35.00/12 ounces,90.0
9.0,8.0,9.0,Medium-Light,"Holualoa, North Kona, Big Island of Hawai’i",$35.00/12 ounces,92.0
9.0,9.0,9.0,Medium-Light,Ethiopia; Nicaragua,NT $450/8 ounces,92.0
8.0,8.0,9.0,,Colombia; Guatemala; Ethiopia; Brazil,NT $280/10 capsules,92.0
9.0,8.0,9.0,Medium-Light,"Yirgacheffe growing region, southern Ethiopia",$13.95/12 ounces,92.0
8.0,9.0,9.0,Medium,"Java, Flores and Sumatra, Indonesia",$14.99/12 ounces,92.0
9.0,9.0,9.0,Medium-Light,"Guji Zone, Oromia Region, Ethiopia",NT $450/115 grams,93.0
9.0,9.0,9.0,Medium-Light,"Boquete growing region, western Panama",$30.00/12 ounces,94.0
9.0,9.0,9.0,Medium-Light,"Yirgacheffe growing region, south-central Ethiopia",NT $280/8 ounces,94.0
9.0,9.0,9.0,Medium-Light,"Acatenango growing region, Guatemala",NT $225/8 ounces,94.0
9.0,9.0,9.0,Light,"La Libertad, Huehuetenango Department, Guatemala",NT $600/4 ounces,95.0
8.0,8.0,9.0,Medium,Brazil; Honduras; Yemen,$15.00/12 ounces,91.0
9.0,9.0,9.0,Light,"Huehuetenango Department, Guatemala",NT $1000/200 grams,94.0
9.0,9.0,9.0,Medium-Light,"Pasco Department, Villa Rica, Peru",NT $800/100 grams,94.0
9.0,9.0,9.0,Medium-Light,"Cundinamarca Department, central Colombia",$40.00/4 ounces,94.0
9.0,9.0,9.0,Medium-Light,"Ngorongoro, Tanzania",$120.00/6 ounces,95.0
9.0,9.0,10.0,Light,"Sidamo (also Sidama) growing region, south-central Ethiopia",$145.00/4 ounces,96.0
10.0,9.0,10.0,Medium-Light,"Boquete growing region, western Panama",$150.00/4 ounces,97.0
9.0,9.0,10.0,Medium-Light,"Holualoa, North Kona growing district, “Big Island” of Hawai’i",$49.95/8 ounces,96.0
8.0,8.0,8.0,Medium-Light,"Llano Bonito de Narajo, Alajuela Province, Costa Rica",$21.00/12 ounces,88.0
8.0,8.0,8.0,Medium-Light,"Concepción Huista, Huehuetenango Department, Guatemala",$15.00/12 ounces,90.0
9.0,8.0,9.0,Medium-Light,"Guji Zone, Oromia Region, southern Ethiopia",$16.00/250 grams,92.0
9.0,8.0,9.0,Medium-Light,"Guji Zone, Oromia Region, southern Ethiopia",$20.00/12 ounces,92.0
8.0,8.0,9.0,Medium-Light,"Bombe mountains, Sidama Region, southern Ethiopia",$18.50/16 ounces,91.0
9.0,9.0,9.0,Light,"Bench-Maji Zone, Southern Ethiopia",NT $550/8 ounces,94.0
9.0,9.0,9.0,Medium-Light,"Odo Shakiso District, Guji Zone, Oromia region, southern Ethiopia",$12.00/8 ounces,93.0
9.0,9.0,9.0,Medium-Light,"Nyeri growing region, south-central Kenya",$12.00/8 ounces,94.0
9.0,8.0,9.0,Medium-Light,"Yirgacheffe growing region, south-central Ethiopia",$12.00/8 ounces,93.0
9.0,9.0,9.0,Medium-Light,Kenya,NT $800/16 ounces,94.0
9.0,9.0,9.0,Medium-Light,"Tarrazu, Costa Rica",$26.00/12 ounces,93.0
9.0,9.0,9.0,Light,"Acatenango, Guatemala",$24.00/8 ounces,94.0
9.0,9.0,9.0,Medium-Light,"Palencia, Guatemala",$26.00/12 ounces,95.0
8.0,7.0,7.0,Medium-Dark,Not disclosed,$12.25/10.5 ounces,86.0
8.0,8.0,8.0,Medium,Not disclosed,$12.25/10.5 ounces,88.0
9.0,8.0,9.0,Medium-Light,"Guji Zone, Oromia region, southern Ethiopia",NT $550/200 grams,93.0
9.0,9.0,9.0,Medium-Light,"Sidama growing region, southern Ethiopia",NA (available in store only),95.0
9.0,9.0,9.0,Medium-Light,"Simalungun, Sumatra, Indonesia",$25.00/12 ounces,94.0
9.0,9.0,9.0,Light,"Bench-Maji Zone, Southern Ethiopia",NT $475/113 grams,95.0
9.0,8.0,9.0,Medium-Light,"Ka’u growing region, Big Island of Hawai’i",$38.50/12 ounces,92.0
8.0,9.0,9.0,Medium-Light,"Guji Zone, Oromia Region, Ethiopia",$19.00/12 ounces,93.0
8.0,9.0,9.0,Medium-Light,"Holualoa, North Kona, Big Island of Hawai’i",$45.00/16 ounces,92.0
9.0,9.0,9.0,Medium-Light,"Nyeri County, Kenya",$22.00/12 ounces,94.0
9.0,8.0,9.0,Medium,Ethiopia; Honduras; Brazil,NT $480/400 grams,92.0
9.0,8.0,9.0,Medium-Light,Colombia; Ethiopia,$16.00/12 ounces,92.0
9.0,8.0,9.0,Medium-Light,"Nariño Department, Colombia",NT $350/240 grams,93.0
9.0,9.0,9.0,Medium-Light,Apaneca Ilamatepec mountain range,$18.99/12 ounces,94.0
9.0,9.0,9.0,Medium-Light,"Cantón El Tunel, La Palma, Chalatenango, El Salvador",$24.99/12 ounces,95.0
9.0,9.0,9.0,Medium-Light,"Holualoa, North Kona growing district, “Big Island” of Hawai’i",$49.95/8 ounces,95.0
9.0,8.0,9.0,Medium,"Ka’u growing region, Big Island of Hawai’i",$20.00/4 ounces,92.0
8.0,9.0,8.0,Medium-Light,"Holualoa, North Kona growing district, “Big Island” of Hawai’i",$26.00/8 ounces,91.0
9.0,8.0,9.0,Medium-Light,"Holualoa, North Kona growing district, “Big Island” of Hawai’i",$42.00/4 ounces,92.0
9.0,9.0,9.0,Light,"Pallatanga, Chimborazo, Ecuador",$18.00/6 ounces,95.0
9.0,9.0,9.0,Medium-Light,"Santa Bárbara, Antioquia Department, Colombia",$24.00/12 ounces,94.0
9.0,9.0,9.0,Medium-Light,"Pallatanga, Chimborazo Province, Ecuador",$18.00/8 ounces,95.0
9.0,8.0,9.0,Medium-Light,"Lake Kivu, Democratic Republic of Congo",$20.00/12 ounces,93.0
9.0,9.0,9.0,Medium-Light,"Nyeri growing region, south-central Kenya",NT $750/227 grams,95.0
7.0,7.0,7.0,Dark,Latin America,$9.98/12 ounces,84.0
8.0,8.0,8.0,Medium-Dark,Americas; Indo-Pacific,$18.20/24 ounces,87.0
8.0,9.0,9.0,Dark,"Sumatra, Indonesia",$12.99/12 ounces,90.0
8.0,8.0,9.0,Medium-Dark,Peru; Honduras; Mexico,$15.00/12 ounces,91.0
9.0,9.0,10.0,Medium-Light,"San Jose de Minas, Pichincha, Ecuador",$140.00/4 ounces,96.0
9.0,8.0,9.0,Medium-Light,"Naranjo, Central Valley, Costa Rica",$24.00/12 ounces,93.0
8.0,9.0,9.0,Medium-Light,"Kayanza Province, northern Burundi",$22.00/12 ounces,92.0
9.0,9.0,9.0,Medium-Light,"Kiambu County, Kenya",$23.50/12 ounces,94.0
9.0,9.0,9.0,Medium-Light,"Antigua growing region, Guatemala",NT $350/227 grams,93.0
9.0,9.0,9.0,Medium-Light,"Yirgacheffe growing region, south-central Ethiopia",NT $350/227 grams,94.0
9.0,9.0,9.0,Medium-Light,"Brunca growing region, Costa Rica",NT $400/ 227 grams,94.0
9.0,9.0,9.0,Medium-Light,"Yirgacheffe growing region, southern Ethiopia",NT $350/227 grams,93.0
9.0,9.0,10.0,Light,"Uraga, Guji Zone, Oromia Region, Southern Ethiopia",$18.95/12 ounces,95.0
9.0,9.0,10.0,Light,"Utcubamba Province, Amazonas region, northern Peru",NT $950/227 grams,95.0
9.0,9.0,9.0,Medium-Light,"Tarrazu, Costa Rica",NT $550/227 grams,94.0
9.0,9.0,9.0,Medium-Light,"Mogiana growing region, Sao Paulo State, Brazil",NT $360/8 ounces,93.0
9.0,9.0,9.0,Medium-Light,"Nyeri growing region, south-central Kenya",NT $450/220 grams,94.0
9.0,9.0,9.0,Medium-Light,"Arbegona, Sidama Region, Ethiopia",NT $620/100 grams,94.0
9.0,9.0,9.0,Medium-Light,"Giraldo, Antioquia, Colombia",$18.00/12 ounces,94.0
9.0,9.0,9.0,Light,"Volcán growing region, Chiriquí Province, Panama",HKD $498/105 grams,95.0
9.0,9.0,9.0,Medium-Light,"Caicedonia, Valle de Cauca Department, Colombia",$22.50/10 ounces,95.0
9.0,9.0,9.0,Medium-Light,"Holualoa, North Kona growing district, “Big Island” of Hawai’i",$62.95/8 ounces,95.0
9.0,9.0,9.0,Medium-Light,"Sidama Region, south-central Ethiopia",NT $360/8 ounces,95.0
9.0,9.0,10.0,Medium-Light,"Sidama Region, south-central Ethiopia",$18.45/12 ounces,95.0
9.0,8.0,8.0,Medium,Sumatra; Colombia,$13.99/12 ounces,90.0
8.0,9.0,9.0,Medium-Light,"Chiapas, Mexico",$14.00/12 ounces,91.0
9.0,8.0,9.0,Medium-Light,"Northern Province, Zambia",$14.00/12 ounces,92.0
9.0,8.0,9.0,Medium-Light,"Chiriquí Province, Panama",$14.00/12 ounces,93.0
9.0,9.0,9.0,Medium-Light,"Ibarra, Imbabura Province, Ecuador",$25.00/12 ounces,95.0
9.0,8.0,9.0,Medium-Light,"Kayanza Province, Burundi",$20.00/12 ounces,92.0
9.0,9.0,9.0,Medium-Light,"Tolima Department, Colombia",$26.00/12 ounces,93.0
9.0,8.0,9.0,Medium-Light,"Kayanza Province, Burundi",$21.00/12 ounces,94.0
9.0,9.0,9.0,Medium-Light,"Guji Zone, Oromia Region, Southern Ethiopia",$22.00/12 ounces,94.0
9.0,9.0,9.0,Medium-Light,"Santa Barbara, Antioquia Department, Colombia",$65.00/8 ounces,95.0
9.0,9.0,9.0,Medium-Light,"Apaneca-Ilamatepec growing region, El Salvador",$18.65/12 ounces,95.0
9.0,9.0,9.0,Medium,El Salvador; Costa Rica,$17.50/12 ounces,92.0
9.0,9.0,9.0,Medium-Light,"Boquete growing region, Panama",NT $1250/60 grams,95.0
8.0,9.0,9.0,Medium,Ethiopia; Sumatra,$18.99/16 ounces,91.0
9.0,9.0,9.0,Medium-Light,"Apaneca-Ilamatepec, El Salvador",$14.00/230 grams,94.0
8.0,8.0,9.0,Medium-Light,Sumatra; Colombia,NT $500/227 grams,91.0
9.0,9.0,9.0,Medium-Light,"Eastern Highlands, Papua New Guinea",$22.00/12 ounces,93.0
9.0,8.0,9.0,Medium-Light,"Bombe Village, Bensa District, Sidamo growing region, Ethiopia",NT $650/225 grams,93.0
9.0,9.0,9.0,Medium-Light,"Mirado Village, Bensa District, Sidama Zone, Ethiopia",$13.00/12 ounces,93.0
9.0,8.0,9.0,Medium-Light,"Kochere District, Gedeo Zone, Ethiopia",NT $400/16 ounces,93.0
9.0,9.0,9.0,Medium-Light,"Nyeri growing region, south-central Kenya",NT $600/227 grams,95.0
9.0,9.0,9.0,Medium-Light,"Odo Shakiso District, Guji Zone, southern Ethiopia",$20.00/12 ounces,94.0
8.0,9.0,8.0,Medium-Light,Ethiopia; Guatemala; Colombia; Brazil,NT $165/8 ounces,92.0
9.0,8.0,9.0,Light,"Kochere District, Gedeo Zone, Ethiopia",NT $275/200 grams,93.0
9.0,9.0,9.0,Medium-Light,"Chiapas, Mexico",$22.00/12 ounces,93.0
9.0,8.0,9.0,Light,"Las Margaritas, Chiapas State, Mexico",NT $850/240 grams,93.0
9.0,9.0,9.0,Medium-Light,"Los Altos, Chiapas State, Mexico",$16.95/16 ounces,93.0
9.0,9.0,9.0,Medium-Light,"Los Altos, Chiapas State, Mexico",$16.00/12 ounces,93.0
9.0,9.0,9.0,Light,"Ka‘ū growing region, Big Island of Hawai’i",$30.00/4 ounces,93.0
9.0,8.0,9.0,Medium-Light,"Kiambu County, Kenya",$27.00/14 ounces,94.0
9.0,8.0,9.0,Light,"Djimma growing region, Oromia State, Ethiopia",$19.50/10 ounces,94.0
9.0,9.0,9.0,Medium,"Alishan Township, Chiayi County, Taiwan",NT $2300/230 grams,94.0
9.0,8.0,9.0,Medium,"Yirgacheffe growing region, southern Ethiopia",$20.00/12 ounces,92.0
9.0,8.0,9.0,Medium-Light,"Yirgacheffe growing region, southern Ethiopia",$18.00/12 ounces,93.0
9.0,9.0,9.0,Light,"Tarrazu growing region, Costa Rica",NT $680/230 grams,93.0
9.0,8.0,9.0,Medium-Light,"Nyeri County, Kenya",$23.50/12 ounces,93.0
9.0,9.0,9.0,Medium-Light,"Alishan, Chia-Yi, Taiwan",NT $600/50 grams,95.0
9.0,9.0,10.0,Light,"La Libertad, Huehuetenango Department, Guatemala",NT $1200/4 ounces,96.0
9.0,9.0,9.0,Medium-Light,"Tarrazú, Costa Rica",$30.00/12 ounces,94.0
9.0,8.0,9.0,Medium,"Costa Rica, El Salvador",$17.50/12 ounces,93.0
9.0,9.0,9.0,Medium-Light,"Kayanza, Burundi",$23.00/12 ounces,93.0
9.0,9.0,10.0,Light,"Saraguro, Loja, Ecuador",NT $800/20 grams,96.0
9.0,9.0,9.0,Medium-Light,"Sabanilla de Alajuela growing region, Costa Rica",$18.95/12 ounces,94.0
9.0,9.0,9.0,Medium-Light,"Kona growing region, “Big Island” of Hawai’i",$45.99/12 ounces,95.0
9.0,8.0,9.0,Medium-Light,"Lake Atitlán growing region, Guatemala",$16.00/12 ounces,93.0
9.0,8.0,9.0,Medium-Light,"Antigua growing region, Guatemala",$10.00/12 ounces,93.0
9.0,8.0,9.0,Medium-Light,"Antigua growing region, Guatemala",$10.00/12 ounces,93.0
8.0,9.0,9.0,Medium-Light,"Lake Atitlán growing region, Guatemala",$16.00/12 ounces,92.0
9.0,9.0,9.0,Medium-Light,"Guji Zone, Oromia Region, southern Ethiopia",$21.00/12 ounces,93.0
9.0,9.0,9.0,Medium,"Alishan growing region, Taiwan","NT $1,500/250 grams",93.0
9.0,8.0,9.0,Medium-Light,"El Bálsamo Quetzaltepec growing region, El Salvador",$21.60/12 ounces,93.0
9.0,9.0,9.0,Medium-Light,"Guji Zone, Oromia Region, Ethiopia",$20.00/12 ounces,94.0
9.0,9.0,10.0,Light,"Bench-Maji Zone, southern Ethiopia",$35.00/200 grams,96.0
8.0,9.0,9.0,Medium-Light,Colombia; Guatemala; Mexico,$16.95/12 ounces,93.0
9.0,9.0,10.0,Medium-Light,"Yirgacheffe growing region, southern Ethiopia",$20.95/12 ounces,96.0
8.0,9.0,9.0,Medium-Light,Guatemala; Ethiopia; Colombia,$22.50/12 ounces,92.0
9.0,9.0,9.0,Light,"Volcan growing region, western Panama",$43.00/200 grams,93.0
9.0,9.0,9.0,Light,"Volcan growing region, western Panama",$40.00/200 grams,94.0
9.0,9.0,9.0,Light,"Volcan growing region, western Panama",$45.00/4 ounces,94.0
9.0,8.0,9.0,Medium-Light,"Tolima, Colombia",$20.50/12 ounces,93.0
9.0,8.0,9.0,Medium-Light,"Guji growing region, south-central Ethiopia",NT $329/8 ounces,93.0
9.0,9.0,9.0,Medium-Light,"Nyeri growing region, south-central Kenya",$28.00/12 ounces,94.0
9.0,9.0,9.0,Medium-Light,"Chiriqui Province, far western Panama",NT $549/100 grams,94.0
9.0,8.0,9.0,Medium-Light,"Nyeri growing region, south-central Kenya",$27.00/12 ounces,94.0
9.0,9.0,9.0,Medium-Light,Burundi,$15.95/12 ounces,93.0
9.0,9.0,9.0,Light,"Sidamo growing region, Ethiopia",$27.00/10 ounces,94.0
8.0,9.0,9.0,Medium-Light,Brazil; Guatemala; Colombia,NT $450/454 grams,90.0
9.0,8.0,9.0,Medium-Light,Brazil; Guatemala; Tanzania; Ethiopia,NT $450/454 grams,92.0
9.0,10.0,10.0,Light,"Piendamó, Cauca Department, Colombia",$19.00/8 ounces,96.0
9.0,8.0,9.0,Medium-Light,"Antigua, Guatemala",$22.00/12 ounces,92.0
8.0,9.0,9.0,Medium-Light,"Corquin, Honduras",$22.00/12 ounces,92.0
9.0,8.0,9.0,Medium-Light,"Nariño Department, southern Colombia",$45.00/12 ounces,93.0
9.0,9.0,9.0,Light,"Quindio Department, Colombia",$50.00/6 ounces,94.0
9.0,9.0,9.0,Light,"Agaro Gera, Jimma Zone, Oromia State, Ethiopia",$17.00/12 ounces,94.0
9.0,9.0,9.0,Light,"Tarrazu growing region, Costa Rica",$28.00/12 ounces,94.0
8.0,9.0,9.0,Medium-Light,"Atok Benguet, northern Philippines",$17.50/6 ounces,92.0
8.0,8.0,9.0,Medium-Light,"Kabare, South Kivu Province, Democratic Republic of the Congo",$18.00/12 ounces,92.0
9.0,9.0,9.0,Medium-Light,"West Valley growing region, Costa Rica",$20.00/8 ounces,93.0
9.0,9.0,9.0,Medium-Light,"Ka‘u growing region, Big Island of Hawai’i",$30.00/4 ounces,94.0
9.0,9.0,9.0,Medium-Light,"Kabiufa, Eastern Highlands, Papua New Guinea",$20.00/12 ounces,94.0
9.0,8.0,9.0,Light,"Yirgacheffe growing region, southern Ethiopia",NT $349/8 ounces,93.0
9.0,9.0,9.0,Light,"Yirgacheffe growing region, south-central Ethiopia",NT $550/8 ounces,94.0
9.0,9.0,9.0,Light,"West Valley, Costa Rica",NT $349/100 grams,94.0
9.0,9.0,9.0,Medium-Light,"Kiambu County, south-central Kenya",NT $349/8 ounces,94.0
8.0,8.0,8.0,Medium-Light,Ethiopia; Colombia; Sumatra,NT $240/8 ounces,90.0
8.0,9.0,9.0,Medium-Light,Colombia; El Salvador,NT $350/8 ounces,92.0
9.0,8.0,9.0,Medium,Guatemala; Mexico,$17.95/12 ounces,92.0
9.0,9.0,9.0,Medium-Light,Guatemala; Ethiopia; Colombia,NT $210/8 ounces,94.0
9.0,9.0,9.0,Medium-Light,"Nakuru County, Kenya",$24.00/12 ounces,94.0
9.0,9.0,9.0,Medium-Light,"Nakuru County, Kenya",$24.00/12 ounces,94.0
9.0,9.0,9.0,Light,"Worka Sakaro, Gedeb District, Gedeo Zone, Ethiopia",$20.00/12 ounces,95.0
8.0,8.0,8.0,Medium-Light,"Tarrazu growing region, Costa Rica",$18.00/12 ounces,90.0
9.0,9.0,9.0,Medium-Light,"Guji Zone, Oromia Region, southern Ethiopia",$26.50/12 ounces,92.0
9.0,9.0,9.0,Light,"Circasia Municipality, Quindio Department, Colombia",$18.00/8 ounces,94.0
9.0,9.0,9.0,Medium-Light,"Dota, Tarrazú, Costa Rica",$26.00/12 ounces,94.0
9.0,9.0,9.0,Medium-Light,Ethiopia; Sumatra,$17.50/12 ounces,93.0
8.0,9.0,9.0,,"Gedeb District, Gedeo Zone, southern Ethiopia",$21.00/10 single-serve brew bags,92.0
8.0,9.0,9.0,,"Huila Department, Colombia",$34.00/5 single-serve brew bags,92.0
9.0,8.0,9.0,Medium-Light,Colombia; Kenya; Costa Rica,NT $500/200 grams,93.0
9.0,8.0,9.0,Medium-Light,Colombia; Kenya; El Salvador,NT $500/200 grams,93.0
9.0,9.0,9.0,Medium-Light,"Mataquescuintla, Jalapa, Guatemala",$19.00/8 ounces,94.0
9.0,8.0,10.0,Medium-Light,"Gedeb District, Gedeo Zone, southern Ethiopia",$20.00/12 ounces,95.0
9.0,9.0,9.0,Medium-Light,"San Ignacio, Cajamarca, Peru",$19.00/12 ounces,94.0
9.0,9.0,9.0,Light,"Piendamó, Cauca Department, Colombia",$22.00/12 ounces,95.0
9.0,9.0,9.0,Light,"Bench-Maji Zone, Southern Ethiopia",NT $600/200 grams,94.0
9.0,9.0,9.0,Medium-Light,"Huye District, Rwanda",$19.00/12 ounces,93.0
9.0,9.0,9.0,Medium-Light,"Sacatepequez, Antigua growing region, Guatemala",$19.00/12 ounces,93.0
9.0,8.0,9.0,Medium-Light,"Palencia, central Guatemala",$23.00/12 ounces,93.0
9.0,8.0,9.0,Medium-Light,"Nyeri growing region, south-central Kenya",$24.25/12 ounces,93.0
9.0,9.0,9.0,Medium-Light,"La Coipa, San Ignacio, Cajamarca, Peru",$23.50/12 ounces,93.0
9.0,8.0,9.0,Medium-Light,"Wenago Woreda, Gedeo Zone, SNNP, southern Ethiopia",$21.50/12 ounces,93.0
8.0,8.0,8.0,Dark,"Africa/Arabia, Indo-Pacific",$19.95/16 ounces,89.0
9.0,9.0,9.0,Light,Costa Rica; Ethiopia,NT $450/200 grams,94.0
9.0,9.0,9.0,Medium-Light,"Quindio Department, Pijao Village, Colombia",NT $520/200 grams,95.0
9.0,9.0,9.0,Light,"Tolima, Colombia",NT $550/200 grams,95.0
9.0,8.0,9.0,Medium,Brazil; Thailand; Nicaragua; Ecuador,$19.00/12 ounces,93.0
9.0,9.0,9.0,Light,"Holualoa, Kona, Big Island of Hawai’i",$35.00/4 ounces,95.0
9.0,9.0,9.0,Medium-Light,"Hayma Kharijiya growing region, Yemen",$39.95/12 ounces,95.0
9.0,8.0,9.0,Medium-Light,"Burundi, Colombia",$19.00/12 ounces,93.0
9.0,8.0,9.0,Medium-Light,"La Libertad, Huehuetenango Department, Guatemala",NT $120/227 grams,93.0
9.0,9.0,9.0,Medium-Light,"Piendamo, Cauca Department, Colombia",NT $550/100 grams,93.0
9.0,9.0,9.0,Medium-Light,"Agaro Gera, Jimma Zone, Oromia State, Ethiopia",$23.00/12 ounces,95.0
9.0,9.0,9.0,Light,"Sabanilla de Alajuela, Central Valley, Costa Rica",$30.00/12 ounces,95.0
10.0,9.0,10.0,Medium-Light,"Piendamo, Cauca Department, Colombia",$20.00/8 ounces,98.0
9.0,8.0,9.0,Medium,"Huila Department, Colombia",NT $520/227 grams,91.0
8.0,8.0,8.0,Medium-Light,Ethiopia; Sumatra,$15.95/12 ounces,90.0
9.0,9.0,9.0,Medium-Light,"Bench-Maji Zone, Southern Ethiopia",NT $500/200 grams,94.0
9.0,9.0,9.0,Medium-Light,Costa Rica; Ethiopia,NT $450/200 grams,94.0
9.0,9.0,9.0,Medium-Light,"Lintong growing region, North Sumatra Province, Indonesia",$21.00/12 ounces,95.0
9.0,9.0,10.0,Medium-Light,"Ka'u growing district, Big Island of Hawai’i",$35.00/4 ounces,96.0
9.0,9.0,9.0,Light,"Boquete growing region, western Panama",$20.00/4 ounces,95.0
9.0,9.0,10.0,Medium-Light,"Boquete growing region, western Panama",$22.00/4 ounces,95.0
9.0,8.0,9.0,Medium-Light,"Antigua, Guatemala",$20.00/12 ounces,91.0
9.0,8.0,9.0,Medium-Light,"Coban, Alta Verapaz, Guatemala",$20.00/12 ounces,91.0
8.0,8.0,8.0,Medium-Light,"Coban, Alta Verapaz, Guatemala",$17.00/12 ounces,91.0
8.0,8.0,9.0,Medium-Light,"Acatenango growing region, Guatemala",$30.00/12 ounces,92.0
8.0,8.0,8.0,Medium,Not disclosed,$17.00/12 ounces,90.0
8.0,9.0,8.0,Medium,Brazil; Ethiopia; Colombia,$16.00/12 ounces,90.0
8.0,9.0,9.0,Medium-Light,"Santa Elena Province, Ecuador",$29.00/12 ounces,92.0
9.0,8.0,9.0,Light,Colombia; Ethiopia,NT $380/227 grams,93.0
9.0,8.0,9.0,Medium-Light,"Nyeri growing region, south-central Kenya",$16.00/12 ounces,92.0
9.0,8.0,9.0,Medium-Light,"Sidamo growing region, south-central Ethiopia",$16.99/16 ounces,92.0
9.0,8.0,9.0,Medium-Light,"Murata, Kayanza, Burundi",$23.00/12 ounces,93.0
9.0,9.0,9.0,Medium-Light,"Huila, Colombia",NT $480/100 grams,94.0
9.0,8.0,9.0,Medium-Light,Colombia; Ethiopia,$16.50/12 ounces,93.0
9.0,9.0,10.0,Light,"Sidamo growing region, southern Ethiopia",NT $450/4 ounces,96.0
9.0,9.0,10.0,Light,"Volcan Baru, Boquete growing region, Panama",$45.00/4 ounces,96.0
8.0,9.0,9.0,Light,"Llano Bonita de Naranjo, Costa Rica",$24.50/12 ounces,92.0
9.0,9.0,9.0,Medium-Light,"La Libertad, Huehuetenango Department, Guatemala",$18.00/6 ounces,94.0
9.0,9.0,9.0,Medium-Light,"Quindio Department, Colombia",NT $650/200 grams,94.0
9.0,9.0,9.0,Light,"San José de Minas, Pichincha Province, Ecuador",$16.00/4 ounces,95.0
9.0,9.0,9.0,Light,"Huila Department, Colombia",NT $550/8 ounces,95.0
9.0,8.0,9.0,Light,"Mogiana growing region, Sao Paulo State, Brazil",$19.75/12 ounces,93.0
9.0,9.0,9.0,Light,"Yirgacheffe growing region, south-central Ethiopia",$24.00/12 ounces,93.0
9.0,8.0,9.0,Light,"Garzón, Huila Department, Colombia",$40.00/6 ounces,93.0
9.0,9.0,9.0,Medium-Light,"El Bálsamo Quetzaltepec, El Salvador",$24.00/12 ounces,94.0
9.0,9.0,9.0,Medium-Light,"Yirgacheffe growing region, south-central Ethiopia",NT $400/8 ounces,94.0
9.0,9.0,9.0,Medium-Light,Brazil; Honduras; Colombia,HKD $196/200 grams,93.0
9.0,9.0,9.0,Medium-Light,"Konga, Yirgacheffe growing region, south-central Ethiopia",HKD $95/100 grams,93.0
9.0,8.0,9.0,Medium-Light,"Yirgacheffe growing region, south-central Ethiopia",NT $400/200 grams,93.0
9.0,8.0,9.0,Light,"El Progreso, eastern Guatemala",$26.00/12 ounces,92.0
8.0,9.0,9.0,Light,"El Progreso, eastern Guatemala",$26.00/12 ounces,92.0
9.0,9.0,9.0,Medium-Light,"Atitlan, Guatemala",$25.00/250 grams,93.0
9.0,8.0,9.0,Light,"El Cedral, Santa Barbara, Honduras",$40.00/12 ounces,93.0
9.0,8.0,9.0,Medium-Light,Costa Rica; Guatemala; Ethiopia,$18.00/12 ounces,92.0
9.0,8.0,9.0,Light,"Chaltenango, El Salvador",$28.00/12 ounces,92.0
9.0,8.0,9.0,Medium-Light,"Jinotega Department, Nicaragua",$20.00/12 ounces,93.0
9.0,9.0,9.0,Medium-Light,"Jinotega Department, Nicaragua",$20.00/12 ounces,93.0
9.0,9.0,9.0,Light,"Huila Department, Colombia",$34.95/12 ounces,93.0
9.0,9.0,9.0,Light,"Quindio Department, Colombia",$33.00/8 ounces,94.0
8.0,8.0,8.0,Medium-Light,Kenya; Ethiopia; Brazil,NT$ 180/200 grams,90.0
8.0,9.0,9.0,Light,"Huila Department, Colombia",NT$ 420/8 ounces,92.0
9.0,9.0,9.0,Light,"Piendamo, Cauca Department, Colombia",$27.00/100 grams,95.0
9.0,9.0,9.0,Light,"Kageyo, Eastern Province, Rwanda",NT$ 800/8 ounces,95.0
9.0,8.0,9.0,Light,"Sidamo growing region, south-central Ethiopia",$20.00/12 ounces,93.0
9.0,9.0,9.0,Medium-Light,"Tarrazu, Costa Rica",$23.00/12 ounces,94.0
9.0,9.0,9.0,Light,Panama; Colombia; Ethiopia,NT$ 970/227 grams,94.0
9.0,8.0,9.0,Medium-Light,Colombia; Kenya; Ethiopia,NT$ 450/200 grams,93.0
9.0,9.0,9.0,Light,"Gedeb District, Gedeo Zone, southern Ethiopia",NT$ 400/200 grams,94.0
8.0,9.0,9.0,Light,"Antigua, Guatemala",NT$ 370/225 grams,92.0
9.0,8.0,9.0,Medium-Light,"Wahgi Valley, Papua New Guinea",$14.49/12 ounces,92.0
9.0,9.0,9.0,Medium-Light,"Cajamarca, Peru",$18.00/12 ounces,93.0
9.0,9.0,9.0,Medium-Light,"Nyeri growing region, south-central Kenya",$22.00/12 ounces,94.0
8.0,8.0,9.0,Medium-Light,"Monte Verde, Santa Ana Department, central El Salvador",$16.00/12 ounces,92.0
9.0,8.0,9.0,Medium-Light,"Oaxaca, Mexico",$21.00/12 ounces,93.0
9.0,8.0,9.0,Light,"Nyeri growing region, south-central Kenya",NT$299/200 grams,93.0
9.0,8.0,8.0,Medium-Light,Not disclosed,$21.00/12 ounces,93.0
9.0,9.0,9.0,Medium-Light,"Naranjo, Alajuela, Costa Rica",NT$400/4 ounces,93.0
8.0,8.0,9.0,Medium-Light,"Huila Department, Colombia",$24.00/12 ounces,92.0
9.0,8.0,9.0,Medium-Light,"Ocotepeque, Honduras",$22.00/12 ounces,93.0
9.0,9.0,9.0,Medium-Light,"Antigua, Guatemala",$23.00/12 ounces,93.0
9.0,9.0,9.0,Medium-Light,"Yirgacheffe growing region, southern Ethiopia",$24.50/12 ounces,94.0
9.0,9.0,9.0,Medium-Light,"Kona growing region, Big Island of Hawai’i",$27.95/7 ounces,94.0
9.0,9.0,9.0,Medium-Light,"Ka‘ū growing district, ""Big Island"" of Hawai’i",$30.00/7 ounces,94.0
9.0,9.0,9.0,Light,"Ka‘ū growing region, Big Island of Hawai’i",$32.00/8 ounces,94.0
9.0,8.0,9.0,Medium-Light,"Holualoa, North Kona growing district, “Big Island” of Hawai’i",$82.00/4 ounces,94.0
9.0,9.0,9.0,Light,"Yirgacheffe growing region, south-central Ethiopia",$21.50/12 ounces,94.0
9.0,8.0,9.0,Medium-Light,"Holualoa, Kona, Big Island of Hawai’i",$30.00/4 ounces,93.0
9.0,9.0,9.0,Light,"Boquete growing region, western Panama",$40.00/4 ounces,94.0
9.0,8.0,9.0,Medium-Light,"Guji Zone, Oromia Region, southern Ethiopia",NT 360/200 grams,93.0
9.0,9.0,9.0,Medium,"Embu County, Kenya",NT 550/200 grams,93.0
9.0,9.0,9.0,Medium-Light,"Sidamo growing region, south-central Ethiopia",$24.50/12 ounces,93.0
9.0,8.0,9.0,Medium-Light,"Chericho, Sidamo, Ethiopia",$22.00/8 ounces,93.0
9.0,9.0,9.0,Medium-Light,"Kirinyaga County, Kenya",$22.00/12 ounces,93.0
9.0,8.0,9.0,Light,"Bensa District, Sidamo growing region, Ethiopia",NT $350/227 grams,94.0
9.0,9.0,9.0,Medium-Light,"Aceh Province, Sumatra, Indonesia",$23.00/12 ounces,94.0
9.0,9.0,9.0,Light,"Guji Zone, Oromia Region, southern Ethiopia",NT $490/8 ounces,93.0
9.0,8.0,9.0,Medium-Light,Brazil; India; Ethiopia,NT $380/450 grams,93.0
9.0,8.0,9.0,Medium-Light,"Ka‘ū growing district, Big Island of Hawai’i",$20.50/7 ounces,93.0
9.0,9.0,9.0,Light,"Chachagüí, Nariño Department, Colombia",$21.00/12 ounces,94.0
9.0,9.0,9.0,Medium-Light,"Chericho, Sidamo growing region, Ethiopia",$22.00/8 ounces,95.0
9.0,9.0,9.0,Light,"Piendamo, Cauca Department, Colombia",$40.00/4 ounces,94.0
9.0,9.0,9.0,Light,"Palestina, Huila Department, Colombia",$25.00/12 ounces,95.0
9.0,9.0,9.0,Medium-Light,"Piendamó, Cauca Department, Colombia",NT $430/200 grams,95.0
10.0,9.0,9.0,Light,"Tolima growing region, Colombia",$49.00/8 ounces,95.0
9.0,9.0,9.0,Medium-Light,Brazil; Costa Rica; Ethiopia,$15.00/12 ounces,93.0
9.0,9.0,9.0,Medium-Light,Ethiopia; Honduras; Kenya; Guatemala,NT $320/8 ounces,94.0
9.0,9.0,9.0,Light,"Sidamo growing region, southern Ethiopia",NT $310/8 ounces,94.0
9.0,9.0,9.0,Light,"Gimbo, Kaffa Province, Ethiopia",NT $250/8 ounces,94.0
9.0,9.0,9.0,Medium-Light,"Gimbo, Kaffa Province, Ethiopia",NT $200/8 ounces,94.0
9.0,9.0,9.0,Medium-Light,Guatemala; Colombia; Brazil,NT $299/16 ounces,93.0
9.0,9.0,9.0,Medium-Light,"Apaneca-Ilamatepec growing region, El Salvador",$22.50/12 ounces,93.0
9.0,9.0,9.0,Light,"Nyeri growing region, south-central Kenya",$22.00/12 ounces,94.0
9.0,8.0,9.0,Light,"Gedeo Zone, SNNPR, southern Ethiopia",NT $329/8 ounces,94.0
9.0,8.0,9.0,Light,"Cauca Department, Colombia",$36.00/8 ounces,93.0
9.0,9.0,9.0,Light,"Piendamó, Cauca Department, Colombia",NT $500/100 grams,94.0
9.0,9.0,9.0,Medium-Light,"Guji Zone, Oromia Region, southern Ethiopia",NT $580/454 grams,94.0
9.0,9.0,9.0,Medium-Light,"Cauca Department, Colombia",$36.00/8 ounces,94.0
9.0,9.0,9.0,Light,"Muruta Commune, Kayanza Province, Burundi",$23.00/12 ounces,93.0
9.0,9.0,9.0,Medium-Light,"La Argentina, Huila Department, Colombia",$22.00/8 ounces,94.0
9.0,9.0,9.0,Light,"Saraguro, Loja, Ecuador",$22.00/8 ounces,94.0
9.0,9.0,10.0,Light,"Jimma Zone, Oromia Region, southern Ethiopia",NT $600/200 grams,96.0
9.0,9.0,9.0,Medium-Light,"El Sapito, San Martin Jilotepeque, Chimaltenango, Guatemala",$32.00/12 ounces,93.0
9.0,9.0,9.0,Light,"Holualoa, Hawai’i Island, Hawaii",$80/4 ounces,95.0
9.0,9.0,9.0,Light,"Paso Ancho, Panama",NT 350/8 ounces,93.0
9.0,9.0,9.0,Medium-Light,"Santa Clara, Panama",NT 310/8 ounces,94.0
9.0,9.0,9.0,Light,"Sidama growing region, southern Ethiopia",NT 220/8 ounces,95.0
9.0,9.0,10.0,Light,"Kirinyaga District, south-central Kenya",NT 360/8 ounces,96.0
9.0,9.0,9.0,Light,"Kibugu, Embu County, Kenya",$23.00/12 ounces,94.0
9.0,9.0,9.0,Light,"Acevedo, Huila Department, Colombia",$17.00/100 grams,95.0
9.0,8.0,9.0,Light,"Huila Department, Colombia",$18.99/8 ounces,93.0
9.0,8.0,9.0,Light,"Tolima Department, Colombia",NT $300/8 ounces,93.0
9.0,9.0,9.0,Light,"Ngoma Sector, Nyaruguru District, Southern Province, Rwanda",$22.00/12 ounces,93.0
9.0,9.0,9.0,Light,"Quindio Department, Colombia",$18.99/8 ounces,93.0
8.0,9.0,9.0,Light,"Cauca Department, Colombia",$24.00/150 grams,92.0
9.0,9.0,9.0,Light,"Huila Department, Colombia",$24.00/150 grams,93.0
9.0,9.0,9.0,Light,,$28.00/150 grams,94.0
9.0,8.0,9.0,Light,"Vereda, Huila Department, Colombia",$21.95/12 ounces,93.0
9.0,9.0,9.0,Light,"Guji Zone, southern Ethiopia",NT $480/227 grams,95.0
8.0,9.0,9.0,Light,"Kulai, Johor, Malaysia",$40.00/4 ounces,92.0
9.0,8.0,9.0,Light,"Kayanza, Burundi",$20.00/12 ounces,93.0
9.0,9.0,9.0,Light,"Armenia, Quindio Department, Colombia",$51.00/12 ounces,94.0
9.0,8.0,9.0,Medium-Light,"Piendamó, Cauca Department, Colombia",$23.00/250 grams,93.0
9.0,8.0,9.0,Medium-Light,"Huila Department, Colombia",$26.00/12 ounces,93.0
8.0,9.0,9.0,Light,"Worka Chelbessa, Gedeb, Ethiopia",$25.00/12 ounces,93.0
9.0,9.0,9.0,Medium-Light,"Guji Zone, Oromia region, Ethiopia",$25.50/12 ounces,94.0
8.0,9.0,8.0,Medium,Africa; Indonesia; Central America,$14.00/16 ounces,90.0
8.0,8.0,9.0,Medium-Light,Colombia,$14.99/12 ounces,91.0
9.0,9.0,9.0,Medium,Indonesia; Colombia; Kenya,$22.00/12 ounces,92.0
9.0,8.0,9.0,Light,"Kayanza, Burundi",$40.00/250 grams,92.0
9.0,9.0,9.0,Light,"Juayúa, Apaneca Illamatepec, El Salvador",$20.00/12 ounces,93.0
9.0,9.0,9.0,Medium-Light,"Perez Zeldon, San Jose, Costa Rica",$18.00/12 ounces,93.0
9.0,8.0,9.0,Light,"Guji Zone, Oromia region, southern Ethiopia",NT $580/227 grams,94.0
9.0,9.0,10.0,Light,"Piendamó, Cauca Department, Colombia",$20.00/8 ounces,96.0
9.0,9.0,9.0,Light,"Yirgacheffe growing region, south-central Ethiopia",$21.00/12 ounces,95.0
9.0,9.0,9.0,Light,"Ka‘ū growing district, Big Island of Hawai’i",$35.00/8 ounces,95.0
9.0,9.0,9.0,Light,"San Jose de Minas, Pichincha, Ecuador",$20.00/.8 ounces,94.0
9.0,9.0,9.0,Medium-Light,"Bona Zuria Woreda, Sidamo growing region, southern Ethiopia",NT $650/200 grams,93.0
9.0,9.0,9.0,Light,"Sidamo growing region, southern Ethiopia",NT $550/227 grams,95.0
8.0,8.0,8.0,Medium,"Tarrazu, Costa Rica",$11.50/16 ounces,88.0
8.0,7.0,8.0,Medium,Not disclosed,$11.50/16 ounces,87.0
9.0,8.0,9.0,Medium-Light,Kenya,$28.00/12 ounces,94.0
9.0,8.0,9.0,Light,"Valle de Cauca, Cauca Department, Colombia",$26.00/10 ounces,93.0
9.0,8.0,9.0,Light,"Huila Department, Colombia",$29.00/10 ounces,94.0
9.0,9.0,9.0,Light,"Pitalito, Huila Department, Colombia",$35.00/12 ounces,93.0
8.0,8.0,8.0,Light,Colombia; Ethiopia,NT $350/8 ounces,88.0
9.0,8.0,9.0,Light,"Wensho Woreda, Sidamo growing region, Ethiopia",$17.00/12 ounces,93.0
9.0,8.0,9.0,Light,"Quindio Department, Colombia",$30.00/8 ounces,93.0
9.0,9.0,9.0,Light,"Piendamo, Cauca Department, Colombia",$38.00/8 ounces,94.0
8.0,8.0,9.0,Medium-Light,Guatemala; Colombia; Brazil; Myanmar,NT $480/227 grams,91.0
9.0,9.0,10.0,Medium-Light,"Piendamo, Cauca Department, Colombia",$33.00/8 ounces,96.0
9.0,9.0,9.0,Medium-Light,"Alishan, Taiwan","NT $1,100/4 ounces",94.0
8.0,9.0,9.0,Medium-Light,"Sidamo growing region, southern Ethiopia",NT $490/4 ounces,94.0
9.0,9.0,9.0,Medium-Light,"Piendamo, Cauca Department, Colombia",NT $330/8 ounce,93.0
8.0,9.0,9.0,Medium-Light,"Guji Zone, Oromia region, southern Ethiopia",$19.00/12 ounces,92.0
9.0,8.0,9.0,Light,"Tarrazu, Costa Rica",$20.00/12 ounces,93.0
9.0,9.0,9.0,Light,"Sidamo growing region, southern Ethiopia",$19.00/12 ounces,94.0
9.0,9.0,9.0,Light,"Alajuela, Central Valley, Costa Rica",$16.00/6 ounces,94.0
10.0,9.0,10.0,Light,"Boquete growing region, western Panama","NT $1,695/4 ounces",97.0
9.0,8.0,9.0,Medium-Light,Papua New Guinea,NT $500/8 ounces,92.0
8.0,9.0,9.0,Light,"Sidamo growing region, Ethiopia",NT $500/8 ounces,92.0
9.0,8.0,9.0,Light,"Djimma Limu, Sidamo growing region, Ethiopia",NT $500/8 ounces,93.0
9.0,9.0,9.0,Light,"La Paz, Marcala growing region, Honduras",$20.00/8 ounces,94.0
9.0,9.0,9.0,Light,"Alajuela, Central Valley, Costa Rica",$28.00/12 ounces,94.0
9.0,9.0,9.0,Light,"Alajuela, Central Valley, Costa Rica",$29.00//12 ounces,95.0
8.0,9.0,9.0,Light,"Sidamo growing region, southern Ethiopia",NT $399/8 ounces,92.0
8.0,9.0,9.0,Medium,Central America; South America,$18.50/16 ounces,93.0
9.0,9.0,9.0,Light,"Guji Zone, Oromia region, southern Ethiopia",$21.00/12 ounces,93.0
9.0,9.0,9.0,Medium-Light,,$19.00/12 ounces,93.0
9.0,9.0,9.0,Light,"Chirripo, Brunca growing region, Costa Rica",$16.00/12 ounces,94.0
9.0,8.0,9.0,Light,"Aponte, Nariño Department, Colombia",$23.00/12 ounces,94.0
9.0,8.0,9.0,Light,"Santa Ana, El Salvador",$22.00/8 ounces,94.0
9.0,9.0,9.0,Light,"Alajuela, Central Valley, Costa Rica",$25.00/12 ounces,94.0
9.0,9.0,9.0,Light,"Alajuela, Central Valley, Costa Rica",$19.00/8 ounces,94.0
8.0,8.0,9.0,Medium-Light,Colombia; Ethiopia; Guatemala,HK $150/100 grams,92.0
9.0,8.0,9.0,Medium-Light,Brazil; Colombia; Indonesia,HK $150/100 grams,93.0
8.0,9.0,9.0,Medium-Light,"Turrialba growing region, Costa Rica",$15.95/12 ounces,92.0
9.0,8.0,9.0,Light,"Sidamo growing region, southern Ethiopia",NT $440/8 ounces,93.0
9.0,8.0,9.0,Medium-Light,"Guama Village, Kirinyaga County, Kenya",$22.00/12 ounces,94.0
9.0,9.0,9.0,Light,"Palestina, Huila Department, Colombia",$22.00/12 ounces,94.0
8.0,9.0,9.0,Medium-Light,"Nyeri County, Central Province, Kenya",$30.00/12 ounces,93.0
9.0,9.0,9.0,Light,"Santander Department, Colombia",$42.00/12 ounces,94.0
9.0,8.0,9.0,Medium-Light,"Huila Department, Colombia",NT $480/8 ounces,93.0
8.0,8.0,9.0,Medium-Light,"Kalehe, South Kivu growing region, Democratic Republic of Congo",$19.00/12 ounces,92.0
9.0,9.0,9.0,Light,"Sidamo growing Region, southern Ethiopia",$NT $440/8 ounces,93.0
9.0,8.0,9.0,Light,"Guji Zone, Oromia Region, southern Ethiopia",NT $149/100 grams,93.0
8.0,9.0,9.0,Light,"Guji Zone, Oromia Region, southern Ethiopia",NT $299/8 ounces,92.0
9.0,9.0,9.0,Light,"Sidamo growing region, southern Ethiopia",NT $349/8 ounces,93.0
9.0,9.0,9.0,Medium-Light,"Sidamo growing region, southern Ethiopia",$22.00/12 ounces,93.0
9.0,8.0,9.0,Light,"Guji Zone, Oromia Region, southern Ethiopia",NT $329/8 ounces,93.0
8.0,9.0,9.0,Light,"Santafé, Nariño Department, Colombia",$23.00/12 ounces,91.0
9.0,8.0,9.0,Medium-Light,Kenya,$14.99/12 ounces,92.0
9.0,8.0,9.0,Light,"Ghiombo, Nyamasheke District, Western Province, Rwanda",$23.00/12 ounces,92.0
9.0,9.0,9.0,Medium,Guatemala; Ethiopia,$19.50/12 ounces,93.0
9.0,9.0,9.0,Light,"Kona growing region, Hawai’i Island, Hawai'i",$50.00/4 ounces,95.0
9.0,9.0,10.0,Light,"Piendamó, Cauca, Colombia",$22.00/8 ounces,96.0
9.0,9.0,9.0,Light,"Bench-Maji Zone, southern Ethiopia",NT $300/100 grams,94.0
9.0,9.0,9.0,Medium-Light,"Acatenango growing region, Guatemala",NT $1200/227 grams,94.0
9.0,9.0,9.0,Medium-Light,"Pugchen Mumuntic, San Juan Chamula, Chiapas, Mexico",$20.00/12 ounces,93.0
9.0,8.0,9.0,Medium-Light,"El Limon, Mixteca, Oaxaca, Mexico",$18.00/12 ounces,93.0
9.0,9.0,9.0,Medium-Light,"Santa Cruz, Ozolotepec, Oaxaca, Mexico",$18.00/12 ounces,94.0
9.0,9.0,9.0,Light,"Trujillo, Valle Del Cauca, Cauca Department, Colombia",$27.00/8 ounces,95.0
9.0,9.0,9.0,Medium,"Piendamó, Cauca Department, Colombia",$30.50/12 ounces,95.0
9.0,8.0,9.0,Medium-Light,"Quindio Department, Colombia",$35.00/12 ounces,93.0
9.0,9.0,9.0,Medium-Light,"Huila Department, Colombia",$25.00/8 ounces,93.0
9.0,9.0,9.0,Medium-Light,Ethiopia,$16.99/12 ounces,94.0
9.0,9.0,9.0,Light,"Sidamo growing region, southern Ethiopia",$17.99/12 ounces,93.0
9.0,9.0,9.0,Medium-Light,"San Ignacio, Cajamarca Department, Peru",NT $369/8 ounces,93.0
9.0,9.0,9.0,Medium-Light,"Aceh Province, Sumatra, Indonesia",NT $370/225 grams,93.0
9.0,9.0,9.0,Light,"Caicedonia, Cauca Department, Colombia",NT $470/100 grams,94.0
9.0,9.0,9.0,Medium-Light,"Nyamasheke District, Western Province, Rwanda",$20.00/12 ounces,93.0
9.0,9.0,9.0,Light,"Guji Zone, Oromia Region, Southern Ethiopia",NT $550/200 grams,94.0
9.0,9.0,9.0,Light,"Gedeb District, Gedeo Zone, southern Ethiopia",NT $550/200 grams,94.0
9.0,9.0,9.0,Medium-Light,"Mbozi District, Songwe Region, Tanzania",$22.00/12 ounces,94.0
9.0,9.0,9.0,Medium-Light,"Gimbo, Kaffa Province, Ethiopia",NT $250/8 ounces,96.0
9.0,9.0,9.0,Light,Colombia; Ethiopia,$25.00/250 grams,93.0
9.0,9.0,9.0,Light,Colombia; Ethiopia,$25.00/250 grams,93.0
9.0,9.0,9.0,Light,Colombia; Ethiopia,$25.00/250 grams,94.0
8.0,8.0,9.0,Medium-Light,Not disclosed,$20.00/12 ounces,91.0
9.0,9.0,9.0,Medium-Light,"Las Manos, Dipilto growing region, Nueva Segovia Department, Nicaragua",$29.00/10 ounces,93.0
9.0,9.0,9.0,Light,"Volcán Valley, Panama",$56.00/6 ounces,95.0
9.0,9.0,9.0,Medium-Light,"Cyinzuzi Sector, Rulindo District, Northern Province, Rwanda",NT $700/227 grams,94.0
9.0,9.0,9.0,Medium-Light,"Vereda Santa Rita, Manizales, Caldas, Colombia",$22.00/8 ounces,95.0
9.0,9.0,9.0,Medium-Light,"Huila Department, Colombia",$27.00/12 ounces,95.0
9.0,9.0,9.0,Light,"Vilcabamba, Loja, Ecuador",$50.00/4 ounces,95.0
9.0,9.0,10.0,Light,"Quindio Department, Colombia",$26.00/8 ounces,96.0
8.0,9.0,9.0,Medium-Light,"Salinas, San Jose de Lourdes, San Ignacio, Cajamarca, Peru",$22.99/12 ounces,92.0
9.0,9.0,9.0,Medium-Light,"Salamina, Caldas, Colombia",$32.00/12 ounces,93.0
9.0,9.0,9.0,Light,El Salvador; Ethiopia,$19.50/12 ounces,94.0
9.0,9.0,9.0,Medium-Light,"San Adolfo, Acevedo, Huila Department, Colombia",$38.00/12 ounces,93.0
9.0,8.0,9.0,Light,"Aponte Village, Nariño Department, Colombia",$16.99/12 ounces,93.0
9.0,9.0,9.0,Medium-Light,"Guji Zone, Oromia region, southern Ethiopia",NT $550/200 grams,95.0
9.0,9.0,9.0,Light,"Alishan, Taiwan",NT $950/20 grams,95.0
9.0,9.0,9.0,Medium-Light,"Yirgacheffe growing region, south-central Ethiopia",NT $550/200 grams,96.0
9.0,9.0,9.0,Medium-Light,"Gungtian Village, Fanlu Township, Chia-yi County, Taiwan",NT $1000/150 grams,94.0
9.0,9.0,9.0,Light,"Leye Village, Alishan Township, Chia-yi County, Taiwan",NT $1000/114 grams,95.0
9.0,9.0,9.0,Medium-Light,"Aceh, Sumatra, Indonesia",$24.00/12 ounces,94.0
9.0,9.0,9.0,Medium-Light,"Muranga’a County, Kenya",$24.00/12 ounces,95.0
9.0,8.0,9.0,Light,"Huila Department, Colombia",$32.00/12 ounces,94.0
9.0,8.0,9.0,Medium-Light,"Muranga’a County, Kenya",$19.00/12 ounces,94.0
9.0,9.0,9.0,Light,"Guji Zone, Oromia region, southern Ethiopia",NT $350/4 ounces,94.0
9.0,9.0,10.0,Light,"Guji Zone, Oromia Region, southern Ethiopia",NT $330/8 ounces,95.0
9.0,9.0,9.0,Medium-Light,"Akanduga Village, Gakenke District, Rwanda",$25.00/12 ounces,94.0
9.0,9.0,9.0,Light,"Quindio Department, Colombia",$22.00/8 ounces,94.0
9.0,9.0,9.0,Medium-Light,"Vereda Santa Rita, Manizales, Caldas Department, Colombia",$22.00/8 ounces,95.0
9.0,9.0,9.0,Light,"Huila Department, Colombia",$42.00/8 ounces,95.0
9.0,8.0,9.0,Light,"Guji Zone, Ethiopia; Aceh Province, Sumatra, Indonesia",$21.00/12 ounces,92.0
8.0,8.0,9.0,Light,Colombia; Nicaragua,$22.00/12 ounces,92.0
9.0,9.0,8.0,Medium,"Southern Guji Zone, Ethiopia; Aceh Province, Sumatra, Indonesia",$20.00/12 ounces,92.0
8.0,9.0,9.0,Medium,"Ethiopia; Sumatra, Indonesia",NT $370/227 grams,92.0
9.0,9.0,9.0,Medium-Light,Ethiopia; Kenya,NT $700/227 grams,95.0
9.0,9.0,9.0,Medium-Light,"Antigua valley, Sacatepequez Department, Guatemala",$25.00/12 ounces,93.0
9.0,8.0,9.0,Light,"Monte Verde, Santa Ana Department, central El Salvador",$18.00/12 ounces,93.0
9.0,9.0,10.0,Light,"Volcán Valley, Panama",$56.00/6 ounces,96.0
9.0,9.0,9.0,Medium-Light,Costa Rica,NT $290/8 ounces,94.0
9.0,9.0,9.0,Medium-Light,"Sidamo growing region, southern Ethiopia",NT $350/8 ounces,94.0
9.0,9.0,9.0,Light,"Yunlin County, Taiwan",NT $900/4 ounces,94.0
9.0,9.0,10.0,Light,"Alishan, Chia-Yi, Taiwan",NT $1100/4 ounces,96.0
9.0,9.0,9.0,Light,"Gedeb District, Gedeo Zone, southern Ethiopia",$26.00/12 ounces,93.0
9.0,8.0,9.0,Medium-Light,"Muranga’a, Embu County, Kenya",$25.00/12 ounces,93.0
9.0,9.0,9.0,Light,"Guji Zone, Oromia region, southern Ethiopia",$18.00/12 ounces,93.0
9.0,9.0,9.0,Light,"Sidamo growing region, southern Ethiopia",$35.00/250 grams,94.0
9.0,9.0,9.0,Light,"Antigua Valley, Sacatepequez Department, Guatemala",$23.00/10.9 ounces,94.0
9.0,8.0,9.0,Light,"Gedeb District, Gedeo Zone, southern Ethiopia",$26.00/12 ounces,93.0
9.0,9.0,9.0,Medium-Light,"Sabanilla de Alajuela growing region, Costa Rica",$20.25/12 ounces,94.0
9.0,9.0,9.0,Light,"Gedeb District, Gedeo Zone, southern Ethiopia",$24.00/12 ounces,93.0
9.0,9.0,10.0,Light,"Cañas Verdes, Boquete, Panama","NT $5,850/100 grams",97.0
9.0,9.0,9.0,Light,Ethiopia,$28.00/12 ounces,94.0
9.0,9.0,10.0,Medium-Light,"Huila Department, Colombia",$26.00/8 ounces,96.0
9.0,9.0,9.0,Medium-Light,"Kaʻū growing region, Hawai’i Island, Hawai’i",$42.00/10 ounces,96.0
9.0,8.0,9.0,Medium-Light,"Sololá Department, southwestern Guatemala",$16.95/12 ounces,93.0
9.0,9.0,9.0,Light,"Sabanilla de Alajuela growing region, Central Valley, Costa Rica",$27.00/12 ounces,94.0
9.0,9.0,9.0,Light,"Sabanilla de Alajuela growing region, Central Valley, Costa Rica",$30.00/12 ounces,94.0
9.0,9.0,9.0,Light,"Karatu District, Arusha Region, Tanzania",$40.00/12 ounces,95.0
9.0,9.0,9.0,Medium-Light,"Kona growing region, Hawai’i Island",$25.00/4 ounces,95.0
10.0,9.0,10.0,Light,"Volcan Baru, Boquete growing region, Panama",$60.00/5 ounces,97.0
9.0,9.0,9.0,Light,Ethiopia,NT $580/227 grams,94.0
9.0,9.0,9.0,Light,"Sidamo growing region, southern Ethiopia",NT $550/227 grams,94.0
9.0,9.0,9.0,Medium-Light,"Sidamo growing region, southern Ethiopia",$29.00/12 ounces,93.0
9.0,9.0,9.0,Light,"West Valley, Costa Rica",$29.00/12 ounces,94.0
8.0,9.0,9.0,Light,"Tarrazú, Costa Rica",NT $630/8 ounces,92.0
9.0,9.0,9.0,Light,"Yirgacheffe growing region, south-central Ethiopia",NT $400/8 ounces,93.0
9.0,9.0,9.0,Light,"Saraguro, Loja, Ecuador",$56.00/4 ounces,94.0
9.0,9.0,9.0,Medium-Light,"Planadas, Tolima Department, Colombia",$24.00/115 grams,94.0
9.0,9.0,10.0,Medium-Light,"Huila Department, Colombia",$24.00/115 grams,96.0
9.0,9.0,9.0,Medium,Brazil; Colombia,$13.00/150 grams,92.0
9.0,9.0,9.0,Medium-Light,"Apaneca-Ilamatepec growing region, El Salvador",$24.95/170 grams,94.0
9.0,9.0,9.0,Medium-Light,"Huila Department, Colombia",$24.95/170 grams,95.0
9.0,9.0,10.0,Light,"Volcán Valley, Panama",$56.00/6 ounces,96.0
9.0,9.0,9.0,Medium-Light,"Chalatenango Department, El Salvador",NT $429/8 ounces,93.0
9.0,8.0,9.0,Light,"Sidamo growing Region, southern Ethiopia",NT $330/12 ounces,93.0
9.0,9.0,9.0,Medium-Light,"Sidamo growing Region, southern Ethiopia",NT $330/12 ounces,94.0
9.0,8.0,9.0,Light,"Nariño Department, Colombia",NT $400/12 ounces,94.0
9.0,9.0,9.0,Light,"St. Andrew Parish, Jamaica",$50.00/4 ounces,94.0
9.0,9.0,10.0,Light,"Chiriqui, Volcan Baru, Panama",$83.00/6 ounces,96.0
7.0,7.0,7.0,Medium,Not disclosed,$12.99/12 ounces,84.0
7.0,7.0,8.0,Medium-Dark,Not disclosed,$12.99/12 ounces,86.0
7.0,8.0,8.0,Medium-Dark,Not disclosed,$12.99/12 ounces,87.0
8.0,9.0,9.0,Medium-Light,Africa; North America; South America,$15.99/12 ounces,92.0
9.0,9.0,9.0,Medium-Light,Ethiopia,$26.00/12 ounces,94.0
9.0,9.0,9.0,Light,"Piendamó, Cauca Department, Colombia",$26.00/8 ounces,95.0
9.0,8.0,9.0,Light,"Yirgacheffe growing region, south-central Ethiopia",NT $580/227 grams,94.0
10.0,9.0,10.0,Medium-Light,"Nyeri growing region, south-central Kenya",$28.00/12 ounces,97.0
8.0,9.0,9.0,Medium,Not disclosed,$21.95/12 ounces,92.0
8.0,9.0,8.0,Medium,Not disclosed,$22.95/12 ounces,92.0
8.0,9.0,9.0,Light,"Marcala, La Paz Department, Honduras",$18.99/12 ounces,92.0
9.0,8.0,9.0,Medium-Light,"Cherico, Arbegona, Sidama growing region, southern Ethiopia",$24.00/10.9 ounces,93.0
9.0,9.0,9.0,Light,"Nakura growing region, Kenya",NT 590/8 ounces,94.0
,,,,,,
9.0,8.0,9.0,Light,"Guji Zone, Oromia Region, southern Ethiopia",NT 560/8 ounces,93.0
9.0,8.0,9.0,Medium-Light,"Huehuetenango Department, Guatemala",$23.00/12 ounces,93.0
9.0,9.0,9.0,Light,Honduras; Ethiopia; Brazil,CAD $19.00/250 grams,93.0
9.0,8.0,9.0,Medium-Light,"Nariño Department, Colombia",$22.50/12 ounces,93.0
9.0,8.0,9.0,Medium-Light,"Sierra Mixteca, Oaxaca, Mexico",$19.00/300 grams,93.0
8.0,9.0,9.0,Medium-Light,Brazil; Colombia; El Salvador,$18.00/12 ounces,93.0
,9.0,9.0,Light,"Gedeb District, Gedeo Zone, southern Ethiopia",$27.00/12 ounces,94.0
9.0,9.0,9.0,Light,"Quindio Department, Colombia",$24.00/115 grams,94.0
9.0,9.0,9.0,Medium-Light,"Caldono, Cauca Department, Colombia",$26.00/8 ounces,95.0
9.0,9.0,9.0,Light,"Sidamo growing region, south-central Ethiopia",NT $540/8 ounces,93.0
9.0,8.0,9.0,Medium,Kenya; Ethiopia; Panama; Colombia,NT $440/8 ounces,93.0
9.0,8.0,9.0,Light,"Huehuetenango Department, Guatemala","NT $1,000/20 grams",94.0
9.0,9.0,10.0,Light,"Sidamo growing region, south-central Ethiopia",NT $620/8 ounces,96.0
9.0,9.0,9.0,Light,"Sidamo growing region, southern Ethiopia",NT $420/8 ounces,95.0
9.0,9.0,9.0,Light,"Yirgacheffe growing region, south-central Ethiopia",NT $580/200 grams,95.0
9.0,9.0,9.0,Medium-Light,"Huehuetenango Department, Guatemala",NT $450/200 grams,95.0
9.0,9.0,10.0,Medium-Light,"Incahuasi, Cusco, Peru",NT $650/100 grams,96.0
